rank,state,length,initial_bound,iterations,generated,expanded,pruned,solution
275,12345672121232,11,6,6,18341,3059,15287,R B D2 B R D' B D' B' R2 B2
291,12345672123212,11,7,5,20689,3452,17241,R B R' B2 D' R B2 R D' R' D2
435,12345672321212,11,7,5,17128,2859,14273,R B D' R2 B' R B2 R B' R' D2
547,12345673131323,11,6,6,20012,3338,16679,R B R2 D B' D2 B' R B' R D2
555,12345673132313,11,7,5,29283,4883,24404,R B' D2 B' R' B D' R D' R2 D2
627,12345673231313,11,7,5,18312,3055,15261,R B' R2 B' R' D B' R D' R2 D2
729,12345761111111,11,7,5,32652,5444,27212,R B R' D2 B' D R' D' B D2 B
1463,12346571111231,11,7,5,17777,2966,14815,R B R' B2 R' B' D' R D2 B D'
2207,12346751113133,11,6,6,27594,4602,22997,R B2 D R' D B D' R2 B2 D R
2928,12347561112212,11,6,6,22178,3699,18484,R B D' R D R2 D2 B' R' B D2
3645,12347651111111,11,6,6,86088,14350,71743,R2 B' R B D B2 D B' D' R D'
3681,12347651122112,11,7,5,17670,2948,14726,R B' D R2 B R2 B' D B' D2 B2
3723,12347651133311,11,6,6,21241,3544,17702,R B2 R B R' B D2 B' R2 D R2
3892,12347652111221,11,6,6,19118,3189,15934,R B R2 B' R D' B2 R2 D' B' R2
3938,12347652123233,11,7,5,19254,3213,16045,R B2 R' D2 R B' R' D R2 B D2
3941,12347652123332,11,7,5,16881,2816,14069,R D2 R' D2 R B' D' R D2 B D2
4019,12347652223232,11,7,5,13746,2295,11455,R B2 R2 B D R' B' D B' R' B
4133,12347653111133,11,7,5,12256,2045,10215,R B2 R2 D B D2 B D' R' D2 B
4198,12347653132223,11,7,5,13353,2228,11129,R B R D' B2 D R' D' R2 D2 B2
4201,12347653132322,11,7,5,15569,2599,12974,R B R D B2 R2 D2 R D2 R' B
4363,12347653332323,11,6,6,17448,2911,14542,R B2 R2 D2 B' D B' R B2 R' B
4374,12354671111111,11,7,5,90678,15116,75566,R B' R2 D' B R' B' D R2 D B
5119,12354761112323,11,5,7,78122,13023,65105,R2 B R' D R B2 D' R D R2 D'
5373,12354762121112,11,7,5,17015,2840,14179,R B2 R' D R2 D R B' R' D R2
5376,12354762121211,11,7,5,18251,3044,15211,R B' D R' D2 R D2 B D' B2 D
5509,12354762311123,11,6,6,16514,2755,13764,R B D B D2 R' D B' R' B2 R2
5645,12354763131131,11,8,4,14028,2343,11688,R B2 R B2 R2 D R' D R2 D R2
5661,12354763133111,11,7,5,14287,2384,11907,R B R B2 D2 B' D' R2 D' R2 D2
5671,12354763211123,11,6,6,17780,2966,14819,R B2 D' B R' D R2 D R D' R2
5852,12356471113133,11,6,6,15144,2526,12623,R B R2 D2 B' D B D' B D2 R
6635,12356741133131,11,7,5,15142,2527,12619,R B R2 B D2 B' R B2 D' B2 D
6743,12356741313131,11,6,6,19734,3292,16447,R B R2 D B' D2 R2 D R' B' R2
7067,12356743113131,11,6,6,15744,2626,13123,R B D2 B' R2 B D' B2 D' B R2
7294,12357461111222,11,7,5,16043,2676,13371,R B' R2 D B2 D' B2 D' R' D R2
7316,12357461113331,11,7,5,19424,3240,16188,R B2 D2 R D2 R D' R' B' D2 B'
7614,12357462211112,11,6,6,19881,3317,16569,R B' R B R2 B2 D2 R' D' R D2
8045,12357641113331,11,7,5,17817,2973,14848,R B R2 B2 D B' D2 R D B2 R2
8760,12364571112212,11,7,5,18343,3060,15287,R B2 D2 R D2 R D' R' B' D2 B2
9489,12364751112212,11,7,5,15075,2515,12564,R B D2 B D' R D' R' D2 B R'
9497,12364751113133,11,6,6,25848,4311,21542,R B2 R' D R2 B' R D R D' B'
10127,12364753311131,11,6,6,16021,2674,13352,R B D2 R' B R B2 R D' B' R
10206,12365471111111,11,6,6,90386,15067,75324,R B' R2 B' D' B' D R2 B R' D
10288,12365471211122,11,6,6,18982,3166,15821,R B2 D B' D2 R' D R D' R D
10386,12365471313113,11,6,6,15088,2518,12575,R B R D2 B' R2 B D2 B2 R' B
10580,12365472223232,11,7,5,14111,2355,11760,R B2 R D' B R D2 B2 D R D2
10643,12365472321233,11,8,4,13479,2249,11233,R B' D2 B' D B2 R2 D R' D2 B
10842,12365473232312,11,6,6,12629,2108,10526,R B D B D2 R D2 R B' R2 D2
10924,12365473332323,11,6,6,11595,1935,9665,R B R2 B' R D B2 R' D' B D'
10961,12365741113331,11,6,6,19184,3200,15989,R B D' B R D2 R2 D' R' B2 D
11717,12367451123333,11,6,6,26360,4397,21968,R B2 R2 B R D' R D' R D' R2
11731,12367451132222,11,8,4,12557,2097,10463,R B D B2 R2 B' R B' D' B2 R
11771,12367451213333,11,7,5,17786,2968,14822,R B2 R2 B' R B' D R' D B D2
11839,12367451312222,11,6,6,26480,4415,22070,R D2 R2 D B' D R' D B' D R2
11933,12367452113333,11,7,5,16456,2746,13714,R B' D B2 D2 R' D R' B' R B2
12163,12367453112222,11,7,5,14658,2447,12215,R B2 R2 B' R2 D' R B2 R2 B' D'
12405,12367541112212,11,6,6,24629,4106,20528,R B' D' R2 D B' R2 D B2 D' B2
12419,12367541113331,11,7,5,26139,4359,21784,R D2 B D2 B' D R' D R' B' R
12611,12367541331131,11,6,6,15699,2618,13086,R B R2 D2 B' D R' D B D' B'
13152,12374561121212,11,6,6,21023,3508,17520,R B R2 B R2 D' R B D2 B R2
13206,12374561211212,11,7,5,15499,2587,12916,R B R' B R' B2 D R' D B D2
13368,12374562111212,11,7,5,17379,2900,14483,R B' D B2 D2 R' D R' B' R B
13855,12374651111222,11,7,5,17852,2979,14877,R B2 D B' D' B2 R B2 R B2 R2
14584,12375461111222,11,7,5,17960,2997,14967,R B2 R' D R2 B' R D R D' B2
15327,12375641113112,11,7,5,15140,2526,12618,R D R' B2 R' D' R' D B2 R D'
16042,12376451111222,11,7,5,18778,3133,15649,R B' D R D' B D' R2 B R D2
16058,12376451113133,11,7,5,20988,3500,17492,R B2 D B2 D' B R' D B' D' R
16149,12376451221211,11,6,6,14927,2491,12441,R B D2 R' D R' B2 R' B2 D' R2
16783,12376541112323,11,5,7,63588,10600,52994,R B2 R' B' D R2 B' R' D B' D2
16916,12376541232233,11,6,6,28929,4823,24111,R D' B' R2 B' D' R2 D B R2 D'
16970,12376541322233,11,6,6,17272,2881,14396,R B D' B2 R D' B' R' D2 R2 B
17042,12376542121232,11,7,5,12489,2086,10407,R B2 R B D2 R' B2 D B R B'
17058,12376542123212,11,7,5,16430,2742,13692,R B R D' R2 B D' R2 B2 D B'
17327,12376543133132,11,7,5,12112,2021,10095,R B R D' B2 D R' D' R2 D2 B'
17330,12376543133231,11,8,4,12369,2066,10306,R B R D B2 R2 D2 R D2 R' B2
24127,12456731132321,11,6,6,26868,4481,22392,R2 D R' B2 R' B' R' D R2 B D'
24214,12456731233223,11,7,5,12998,2169,10833,R B' R B' D R2 D2 B2 D' B D
24676,12456733223321,11,7,5,10222,1706,8520,R B' R D' R' D R D2 B' D' B
27113,12463751231231,11,7,5,12785,2135,10654,R B2 R B2 R2 D R' D' R D' R
29215,12467351131121,11,6,6,14413,2406,12012,R B' D2 R' B R B D2 B R' B
29302,12467351231321,11,6,6,15859,2647,13217,R B D B2 R' B R' B D' R2 B
30682,12473561132123,11,6,6,21105,3519,17591,R B' R D R' D2 R' D' B' D B'
37195,12536741112323,11,6,6,57701,9619,48087,R B R D2 R D' B' D' B2 D2 R
38133,12537461332112,11,7,5,9068,1515,7557,R B D2 R D' R D2 R2 B' R' D
39366,12543671111111,11,6,6,91736,15291,76450,R B' R D R' D2 R' D' B' D B2
39450,12543671211212,11,6,6,18832,3142,15695,R B2 D R' D2 B' R B D' R B
39582,12543671331113,11,7,5,15187,2535,12656,R B D R2 B' R2 B D2 B2 R' D
39637,12543672121121,11,7,5,15019,2506,12517,R B D2 R2 D B2 D' B R B2 D'
39806,12543672321332,11,7,5,13847,2311,11540,R B2 R' B R' D B2 R' D' B R'
39812,12543672322232,11,7,5,11790,1968,9826,R B D R' D2 R D' B D' R2 B'
39830,12543672331232,11,7,5,12833,2143,10694,R B R2 B D' R B2 R D2 B D2
39860,12543673111331,11,8,4,12862,2148,10717,R B D R' D R2 D' B2 R B' R
39967,12543673221323,11,7,5,13327,2225,11106,R B2 R D2 R2 B' D R D' R2 D
39991,12543673231223,11,7,5,11812,1972,9844,R B D B2 R' D' B R' B D2 R
40012,12543673233323,11,7,5,13906,2321,11589,R D R' D B R B' R2 B D' B2
40940,12546371221331,11,7,5,11263,1880,9387,R B2 D2 R B2 R D' R' D' B2 D2
44040,12563472131213,11,7,5,13233,2209,11028,R B' R2 B' R' D2 R B R2 D' B'
44283,12563473131212,11,7,5,16507,2755,13756,R B2 R' B R' B2 R D2 B' R D'
46621,12564733323122,11,7,5,10355,1730,8629,R B R B D' B2 R2 B' D2 R' B
48023,12567433232333,11,7,5,13795,2304,11495,R B R' B' R D2 R' B D R B2
51610,12576343212221,11,7,5,13055,2179,10880,R B2 R' B R' D R2 D2 B2 R' D'
55467,12637451132111,11,7,5,19249,3211,16042,R D R' D2 R B' D B R2 D2 B2
55629,12637451332112,11,7,5,9773,1634,8143,R B R2 B R B2 D' R2 B R D2
57058,12643571321321,11,8,4,9069,1516,7556,R B D2 R2 B' D B R' B D2 R
58375,12645371131121,11,7,5,20418,3407,17015,R B' D2 R' B R B D2 B R' B'
66800,12673542331133,11,7,5,11844,1977,9871,R D R' D R' D B' R2 B R2 D'
70000,12734561112323,11,6,6,16760,2796,13969,R B R D2 R D' B' D R' B2 D2
70187,12734561322233,11,6,6,19393,3235,16163,R B R2 D' R2 B D' R' D B' R2
70411,12734562313223,11,7,5,9535,1593,7946,R B R B R D2 B D' B D2 R2
76545,12745631111111,11,6,6,46838,7809,39034,B R' B R B' D2 B' R' B' R D2
76789,12745632111122,11,6,6,16875,2816,14064,R B D2 B R2 B' R2 B R' D' R2
76881,12745632212213,11,7,5,12919,2156,10767,R B' D2 B R' B2 D B R D' B
76909,12745632222221,11,6,6,14949,2495,12459,R B D2 B' R' B2 R' B D R2 B2
76935,12745632232211,11,7,5,13480,2251,11233,R B' R2 B R' B2 D B D R' B
77087,12745633131131,11,7,5,12814,2138,10680,R B2 D' B' D B2 D R B2 D2 B
77217,12745633313312,11,7,5,12394,2069,10329,R B2 R B R2 B2 D B' D B2 D'
77219,12745633313333,11,7,5,11894,1985,9913,R B D' R' B R' D' B D2 R' D2
77244,12745633323311,11,7,5,15244,2544,12704,R B2 R D B2 D2 R B' D R2 D'
79117,12753462231323,11,7,5,13731,2292,11443,R B R2 B2 D R' D2 B R D2 B2
83552,12763452322232,11,7,5,15484,2584,12904,R B D R' D2 R D' B D' R2 B
87027,12765432121313,11,8,4,11053,1845,9211,R B D2 B2 D' B' D2 R B2 R' D2
87114,12765432222212,11,6,6,36294,6051,30248,R D' B2 D' B D R D2 R2 D R
87267,12765433121213,11,6,6,23876,3982,19899,R B' R D' B2 R2 D R B' D B2
87461,12765433331333,11,7,5,20725,3456,17273,R B D2 B2 D' B' R2 D B2 D' R2
87669,13245671321111,11,7,5,18410,3071,15343,R D R' B D2 R D' R' B' D2 B'
88938,13246571111111,11,5,7,65502,10919,54589,R B2 R' B' R D2 B' R' B D' B2
88952,13246571112233,11,7,5,13174,2199,10979,R B R' B2 D B' D' R' B2 R2 D
88961,13246571113232,11,7,5,16680,2782,13902,R D' B' D2 R D R2 D' B' R2 B'
89378,13246572321332,11,7,5,13570,2266,11308,R B2 D R2 D R D B R2 B R'
89402,13246572331232,11,7,5,12508,2089,10423,R B R2 B D' R B2 R D2 B D
89537,13246573221233,11,8,4,12964,2167,10800,R B2 R B R' B R B D2 R B2
89617,13246573321223,11,7,5,12950,2162,10792,R B2 R B' R2 D B D2 R' D' R
89985,13246752133211,11,7,5,17226,2873,14357,R B2 D' B2 R D' B D' B R' D
90974,13247563212131,11,7,5,15173,2531,12646,R B R' B2 D2 B' D' B D' R D'
92786,13254761322233,11,7,5,17284,2883,14405,R B' R' D2 B D' R' B D' R2 D'
92797,13254761323322,11,6,6,14526,2425,12106,R B2 R B R2 B2 R' D R2 B' D'
93020,13254762321233,11,7,5,16497,2752,13749,R D B2 D' R' B2 D B' D R B'
93277,13254763323122,11,6,6,12641,2109,10537,R D R' B' D' B' R2 D R' D2 R
95513,13257641112233,11,7,5,15632,2608,13028,R B R2 D2 B2 D' R' D' R B2 D'
98431,13265741112323,11,5,7,52339,8725,43620,R D R2 D' B2 R2 D R B' D B2
98718,13265742131312,11,6,6,14914,2489,12430,R D R B2 D2 R B' D R' B D'
99183,13267451122211,11,6,6,22619,3772,18852,R B' R2 D B2 D' B' D2 R2 B R'
99308,13267451311133,11,6,6,35842,5977,29870,R B R D2 R D' B' D' R2 B R
99875,13267541111132,11,7,5,21174,3533,17645,R B2 R2 D' R B' R2 B' R' D R'
100020,13267541232212,11,6,6,17785,2967,14823,R B R D' B R' D B2 D R D
101347,13274651112323,11,5,7,50486,8416,42076,R B2 D' B2 D' R D' R2 B2 D' R
102074,13275461112233,11,6,6,23403,3904,19504,R B2 R' B2 D2 R' D B R' B2 R
102648,13275463213211,11,7,5,13853,2312,11545,R B2 R2 D2 B' R' D R' D2 R B'
102803,13275641112233,11,6,6,25678,4284,21399,R B2 R' B D' R B' R B' R2 B2
102805,13275641112323,11,5,7,55486,9251,46241,R B2 R' B R' B R' B D' R2 D2
103094,13275642131333,11,7,5,11383,1900,9487,R B D R' B2 D' R B' D B' D'
103369,13275643212221,11,7,5,15631,2609,13026,R B2 R2 B' R B2 D' B2 D R2 B'
103539,13276451113211,11,7,5,19261,3214,16051,R B' R2 B' R D R2 D R' D2 R'
103673,13276451233133,11,7,5,18658,3114,15548,R B' R B R' B2 D2 B R' B2 R'
104320,13276541133122,11,7,5,14833,2476,12361,R B' R2 D B D2 B R2 B R' B2
104352,13276541213312,11,6,6,20829,3475,17359,R2 B D' R2 B' D R B' D R2 B2
104437,13276541321123,11,8,4,14938,2494,12447,R B' D2 R B R2 B D2 B R' D2
104451,13276541322311,11,8,4,16285,2719,13569,R2 B R2 B' D B R2 B2 R B D'
104454,13276541323112,11,6,6,14398,2403,12000,R B R2 D' B D' B R B R' B2
104461,13276541323322,11,8,4,14455,2413,12045,R B D2 R' B D' R D B R' D2
104703,13276542323312,11,7,5,14363,2397,11970,R B2 R' D' R' D B2 R' D2 R B2
104941,13276543323122,11,8,4,10319,1723,8599,R B' R B' R B2 D' B' D B2 D'
113724,13462571111111,11,6,6,56180,9366,46819,R B D R2 D R' B' D' B2 D2 R
114072,13462572213311,11,6,6,16630,2773,13862,R B R2 D B' D2 B' D' R D2 B'
125469,13527461211113,11,6,6,18141,3026,15120,R B' D' B D2 R' B D R D' R2
126986,13542671231231,11,7,5,9800,1637,8167,R B R' B R D2 R2 D' R' D2 B
128406,13546271213213,11,8,4,11133,1859,9277,R B D2 R2 B' D R' B D B' D'
128444,13546271231231,11,7,5,14208,2372,11840,R D2 B R2 B' D R' B R' B' R
128500,13546271321321,11,8,4,9002,1504,7501,R B' R' B2 R D' R2 B D2 B' D2
136361,13572641122133,11,5,7,50743,8459,42290,R D R2 D' R2 B2 D R D' B D2
138684,13576241312213,11,5,7,37182,6198,30990,R B2 R2 D' B D' B2 D' R' D R'
138706,13576241321321,11,8,4,9977,1667,8313,R B R' D B R' B2 D R' B D'
143109,13627451332112,11,8,4,7278,1216,6065,R B R' B' D' B D2 B' D R' B'
144454,13642571221223,11,7,5,11574,1932,9646,R B R2 D B R2 B2 D' R' D' B2
144472,13642571223221,11,7,5,12499,2087,10416,R B R2 B2 R' B2 D' R' D2 R' B'
144940,13642573221221,11,7,5,18186,3034,15156,R B' R D2 R' D R' D R D' B2
145916,13645271221331,11,7,5,10323,1724,8603,R B D2 B2 R D' B2 R B D2 R2
147987,13647521111111,11,6,6,39296,6553,32748,R B R D B2 D R' B' R' B2 R2
156022,13675241112323,11,5,7,38921,6489,32438,R B D2 R2 B2 R' B' D' R D2 B'
156471,13675242331313,11,8,4,9240,1544,7699,R B2 R' D R D R' B2 D B' R'
160121,13725642332132,11,7,5,14391,2401,11994,R D B2 R' D2 R' B R' D2 B2 D
167965,13754262123323,11,7,5,26818,4473,22349,R2 B' D' R B' D R2 D R' D R2
170782,13762451321321,11,8,4,8289,1386,6906,R B R2 B2 R B2 D R2 D2 B D'
172131,13764251211311,11,7,5,11754,1964,9794,R B R B' D2 R' B R' B' R B2
172499,13764252323231,11,7,5,13132,2192,10944,R B D2 B D' R B' R B2 D' B
174504,13765422121211,11,7,5,20205,3371,16838,R B D B2 D R D B2 R' D R
184492,14263751131121,11,6,6,19056,3178,15883,R B' R D B2 R' D B' D B' R2
186820,14267351321321,11,8,4,11423,1908,9518,R B D2 R2 B2 R' D B' D' R B
190963,14275633323122,11,8,4,11499,1920,9582,R D R2 B' D2 B' R D' B2 R2 B
192456,14325671111111,11,6,6,54369,9064,45310,B2 R' B R D B2 D R' B' R D'
192709,14325672112121,11,6,6,10578,1765,8818,R B D2 B D2 B' D2 B R' B' R2
192841,14325672231323,11,7,5,12748,2127,10625,R B D' R D' B2 D' B R D B2
192910,14325672323222,11,7,5,12788,2135,10657,R B D2 B2 R D B' R D2 R B2
192992,14325673123232,11,6,6,12789,2134,10660,R B2 R' D R' B2 D2 B R' D B2
193094,14325673232333,11,7,5,11973,2000,9977,R B R2 B2 R' D' R2 B R B2 D'
193106,14325673311131,11,6,6,27241,4542,22704,R B2 D' R' D B2 D B D2 R2 D
196401,14327652131213,11,7,5,18320,3056,15268,R B D2 R' D' B2 D R D2 R D'
196617,14327653121213,11,6,6,25984,4332,21657,R B2 R' D2 B D B2 D2 B' R' D2
197163,14352672212111,11,6,6,15551,2595,12961,R B R2 B' D2 R B' D2 B R D'
199033,14356721112323,11,6,6,16103,2686,13422,R B D B2 D B' D' R' B2 R2 D
199220,14356721322233,11,7,5,21872,3648,18228,R D B' R' D B2 D R D2 R2 B'
204566,14367252322232,11,7,5,12552,2096,10460,R B D2 B' R B2 R D2 R2 B' R'
205497,14367523311113,11,7,5,27014,4505,22513,R D' R' B' R B' R' D2 R' D' B
210228,14523672121313,11,7,5,15967,2664,13307,R B D2 B2 D' B' D2 R B2 R' B2
210471,14523673121312,11,7,5,19246,3209,16041,R B' D' B D2 B2 D B' D' R D2
213630,14527631121311,11,7,5,14535,2426,12113,R B2 R2 D2 B' R D' R D2 R' B
213654,14527631131211,11,7,5,17776,2966,14814,R B D2 R' D' B R' D2 B R B
213675,14527631133311,11,7,5,16958,2832,14130,R B R B D2 R2 B2 R B2 R' B
213680,14527631211131,11,7,5,19508,3254,16258,R B' R B R2 D' B' D B2 D' R'
213760,14527631311121,11,7,5,21864,3648,18220,R B2 D2 R2 D' R' D R' B2 R B
213879,14527632122213,11,7,5,13922,2324,11602,R B2 D2 B D R2 D R D2 R' B
213930,14527632212111,11,6,6,17659,2946,14718,R B2 D2 B R2 B R' D B2 D' R
214082,14527632333332,11,7,5,17373,2898,14479,R D2 R' D2 R D' B' R D2 B R2
214153,14527633132322,11,7,5,14554,2429,12129,R B2 R D R' B D2 B' D2 R D2
214256,14527633312133,11,7,5,16629,2775,13858,R B D' B2 R2 D R' B' R B' D
216438,14536273311311,11,6,6,16791,2801,13995,R B D2 B2 R D' B' D B2 R B
218356,14537622231323,11,8,4,10749,1796,8956,R B R2 B2 D R' D2 B R B2 D2
220612,14563272323222,11,7,5,11151,1862,9293,R B R B' D2 B D' R' B D' R2
221790,14567231312213,11,5,7,32474,5414,27066,R D R' D' B D2 B D' R' B R
221806,14567231321123,11,7,5,14873,2482,12395,R D R' B' D B2 D B' R' B R
224766,14573261333111,11,5,7,22004,3670,18340,R B D2 R D' B R2 B2 D' R' B
229635,14625731111111,11,6,6,38623,6440,32188,R B' D R' B2 R D2 B' D R D
229690,14625731131121,11,7,5,16919,2823,14100,R B' D' B' D R2 B' R2 B R' D
229838,14625731322233,11,6,6,20592,3436,17161,R B2 R2 B' D R B' D2 R2 B' R
229888,14625732112121,11,7,5,14953,2495,12462,R B2 R' B D' B2 R2 D' R' B2 D'
229903,14625732113321,11,6,6,21114,3521,17598,R B' R D' R2 D B' D B D2 R'
229984,14625732213323,11,6,6,20631,3442,17194,R B R2 B D R' D2 R' D2 R' B2
230031,14625732233111,11,7,5,12014,2006,10012,R B2 R D' B R D2 B' D R B
230193,14625733133111,11,7,5,11170,1865,9309,R B D B' R D2 R' B2 D B' R
231822,14632571111111,11,6,6,69495,11585,57915,R2 B R' B2 R' D' B' R D2 B R'
232013,14632571321132,11,6,6,19078,3182,15901,R B' R B' R' D B R2 D' B' D
237608,14652733321331,11,6,6,17619,2940,14684,R B R B D2 R D' B2 R2 D' R
242028,14673251111111,11,6,6,30207,5037,25175,R B' D' R D2 B' D B R B' R2
245676,14723651111213,11,6,6,16074,2681,13398,R B D B' R2 B D' B D' B2 R'
245679,14723651111312,11,6,6,20241,3375,16871,R D B D' R2 D R' D B' D2 R'
245684,14723651112131,11,7,5,17856,2978,14882,R B D2 B' D B R2 D' B' D R'
245692,14723651113121,11,6,6,14490,2418,12077,R B R2 D' R' B R' D2 B R D'
245757,14723651211212,11,6,6,14105,2354,11756,R B R2 B R' D B2 D B2 R D2
246115,14723652322121,11,8,4,9114,1523,7594,R B R2 D' R2 D B R2 D' R2 B'
246137,14723652331232,11,8,4,11095,1853,9245,R B2 D B' R2 D' R B D' B R
246307,14723653232222,11,8,4,9859,1647,8215,R B D R2 B' D' R D' R D2 B
246339,14723653313111,11,6,6,12675,2116,10564,R B R2 D2 B' R2 B R' D' R B2
246354,14723653321313,11,6,6,23912,3987,19930,R D B' D2 R D B2 D R2 D2 B
246402,14725361111111,11,6,6,43786,7300,36491,R B R B' D R' D B2 D2 B D'
246403,14725361111123,11,7,5,15343,2560,12787,R B D R2 D2 R D B' D R' D'
246608,14725361322332,11,6,6,16490,2751,13744,R B2 D2 R' D' R D' R2 B R' D2
246727,14725362211121,11,8,4,11013,1839,9177,R B' D2 B D R2 B2 D2 R B' D'
246972,14725363211213,11,8,4,9729,1625,8107,R B R2 D' R' D R D2 B2 R2 D'
246988,14725363213121,11,8,4,8673,1450,7226,R B R B2 D2 B' R' B' R D2 R2
247017,14725363223213,11,6,6,14528,2424,12109,R B D' R B2 D' R' B R' D2 B'
247050,14725363311113,11,6,6,19684,3285,16404,R B' D R2 B' R2 B D' R B R
248716,14726531223122,11,6,6,19409,3237,16177,R B' D2 R2 B' D B' R2 D B' R2
248734,14726531232122,11,6,6,17123,2856,14272,R B' R2 D2 B' R D' B2 R D' R2
248748,14726531233313,11,6,6,20244,3376,16873,R B D2 R' B D2 R D' B' D' B
248829,14726531333312,11,6,6,17988,3000,14993,R B R2 D' B D2 R B' D' B' D
248982,14726532232313,11,7,5,14968,2497,12475,R B2 D B D2 R2 B D' B D2 B'
249283,14726533323122,11,7,5,13459,2247,11216,R B2 R B' R B2 R2 D B D2 B'
251613,14735621221112,11,6,6,16361,2729,13637,R B R' D' B R' B' D B' D R'
251631,14735621223113,11,7,5,8777,1466,7315,R B R' B' R D' B' D R' D R'
251639,14735621223332,11,7,5,19557,3262,16299,R2 B D' B2 R' D R D' B R2 D2
251658,14735621233112,11,6,6,18688,3118,15575,R D B2 R' B R' D R B R' D2
251712,14735621323112,11,6,6,17260,2880,14385,R D R2 B' R D' B R D R' B2
251730,14735621332112,11,6,6,12686,2118,10573,R B R D2 R D2 R' B2 D B R2
251739,14735621333111,11,6,6,16766,2798,13973,R B R B2 R D2 R' D2 B D R2
251743,14735621333222,11,6,6,11503,1920,9588,R B R2 B D2 R B D' B D' B'
252236,14736251111132,11,6,6,14802,2470,12337,R B2 R D R2 B2 R' D' B2 D R'
252251,14736251112332,11,7,5,12748,2128,10624,R B R D2 B2 R B' D' B D2 R2
252841,14736253222223,11,6,6,17321,2888,14438,R B R' D' B D' B D2 R' D' B2
253030,14736521132222,11,7,5,13573,2267,11310,R B2 R D R' B R D B2 R B2
253037,14736521133131,11,6,6,15891,2652,13244,R B D B D2 R2 B2 R B2 R' D2
253047,14736521211212,11,6,6,12400,2070,10335,R B R2 B R' D B2 D B2 R D
253070,14736521213333,11,6,6,12468,2082,10391,R B2 R D R2 B' R2 D R B D'
253077,14736521221313,11,8,4,10429,1741,8691,R B2 D' R D2 R2 D' B D2 R' D2
253157,14736521321231,11,5,7,28473,4746,23733,R D' R' D2 R' D' B2 D R D2 B'
253166,14736521322233,11,7,5,17920,2990,14934,R B R' D2 B D' R' B' R2 B2 D
253189,14736521332121,11,7,5,13983,2334,11653,R D R' D2 R' B R B D2 B2 D
253462,14736523112222,11,7,5,13022,2174,10852,R B2 R D' R2 B R D2 B' D' R
253469,14736523113131,11,6,6,11702,1954,9753,R B R2 B' R D2 R' D R B2 D'
254296,14752363222121,11,6,6,11469,1915,9559,R B R2 B R2 B D' B' D R2 D
254326,14752363232222,11,7,5,13558,2264,11298,R B' R D R B' R2 B' R2 B' D2
254333,14752363233131,11,7,5,11373,1901,9476,R B2 R D2 R2 B R' B R2 B R2
254421,14752631111111,11,6,6,35729,5957,29777,R B' R' D' R D2 B' D2 B R' B
254436,14752631112311,11,7,5,21163,3531,17636,R B' R B' D2 B D2 R' D R B
254632,14752631323223,11,6,6,16227,2708,13524,R B2 R2 B' R D B' D2 R2 B' R
254891,14752632332132,11,8,4,11064,1848,9219,R B2 R2 B' D2 B R D' R2 B D'
255010,14752633213223,11,7,5,12045,2010,10039,R B2 R2 D2 B R' D' R D' B D2
255028,14752633222223,11,6,6,15351,2561,12795,R B2 R D' B2 D' R2 B D2 B' R
255034,14752633223123,11,7,5,14787,2468,12323,R B2 D2 R2 B' R B' R D2 B' D
255038,14752633223231,11,6,6,12840,2143,10702,R D R B' D R' B' D2 R2 B' D
255258,14753261221112,11,7,5,15081,2517,12568,R B R2 D R' D R2 D2 B' R' B2
255357,14753261323112,11,6,6,19653,3277,16381,R D2 R D B2 D2 B' D B2 R' B'
255384,14753261333111,11,7,5,13838,2310,11532,R B R2 D' R' D' R' B R' D2 R
258182,14762351221331,11,8,4,10977,1833,9147,R D R2 D' R' B2 D B' R B D'
258260,14762351321231,11,6,6,21697,3618,18084,R B' D' R2 B D' B' D B' R2 B'
258286,14762351331221,11,7,5,11845,1979,9870,R B2 R B' R2 D2 R' B R D2 R
259636,14763251221223,11,8,4,15638,2610,13031,R D R' D' B R D2 R2 B2 R D'
259647,14763251222312,11,8,4,14184,2368,11819,R B' R' B2 D' R B' R2 D2 R' D
259757,14763251332331,11,7,5,14506,2421,12089,R B2 R2 B' R' D B' D R' B D2
259759,14763251333123,11,7,5,16397,2736,13665,R B D2 R2 B2 D R D' B D' R'
259966,14763252322121,11,8,4,12379,2068,10314,R B R' B' R B2 D' R B' R' D
260078,14763253132232,11,8,4,11035,1843,9195,R B R B' R2 D2 R' D' B D2 R'
260084,14763253133132,11,7,5,12378,2067,10315,R B R D2 R2 B' R D' B R D2
260086,14763253133222,11,7,5,12160,2029,10135,R B2 R2 B R2 D' B D2 B2 D' B'
260087,14763253133231,11,7,5,11931,1993,9942,R B D' R D' R2 B2 R B R D2
260122,14763253221221,11,8,4,14867,2482,12388,R B R' B R' D B2 R2 D2 B R'
260127,14763253222112,11,7,5,14929,2491,12442,R B' R B' R B' D B2 D2 B' D2
260274,14763521113211,11,7,5,15417,2574,12847,R B2 R B2 D2 R B2 R' B2 R2 D'
260275,14763521113223,11,7,5,12335,2059,10280,R B R2 D' R' B' D R' B D' B2
260864,14763523222331,11,8,4,8596,1437,7162,R B R B' R D B2 D2 R' B' D
260985,14765231111213,11,6,6,20829,3475,17359,R B2 D2 R2 D' R' B R' B2 R D
260988,14765231111312,11,7,5,19330,3225,16109,R B' R D R' B2 D B2 D B' R
260993,14765231112131,11,7,5,17793,2969,14828,R B2 R2 D2 B' R B' R D2 R' D
261001,14765231113121,11,7,5,14287,2385,11906,R B R2 D' R' B R' D2 B R D
261056,14765231133131,11,6,6,13628,2275,11358,R B D B D2 R2 B2 R B2 R' D
261309,14765232211211,11,6,6,15388,2567,12826,R B R2 D' B R' D2 B D R2 D2
261376,14765232232322,11,7,5,12277,2050,10231,R B R' D R' B2 D2 R D R D'
261447,14765232331313,11,8,4,10150,1696,8457,R B2 R2 D2 R B' R2 D B R2 D2
261488,14765233113131,11,6,6,13591,2269,11327,R B R2 B' R D2 R' D R B2 D2
261683,14765233323332,11,7,5,11897,1984,9917,R B D2 B' D B' R2 D2 B' D' B2
263898,15236471111111,11,6,6,60087,10017,50075,R B' R2 B' D' B' D R2 B R' D2
264520,15236473231121,11,7,5,15584,2600,12988,R B R' D2 B' D R D' R D2 B2
267034,15243671331221,11,8,4,10691,1786,8908,R B2 R' D B2 R' B D R B' D2
268496,15246371331332,11,7,5,16234,2709,13529,R B D' B R' B2 D R' B D B2
268505,15246371332331,11,7,5,11695,1953,9746,R B R' B2 D2 B R D R' D' R
268739,15246372331331,11,7,5,10972,1832,9144,R B R2 B D B2 R D2 R2 D' B'
274959,15267431223113,11,7,5,9785,1635,8154,R B R2 D R' B R2 B2 D' R' D
276307,15273641112323,11,5,7,44433,7409,37030,R B2 R' B2 D2 R' B D R' B2 R
280446,15324673113311,11,7,5,21885,3650,18239,R2 B R' D' R' D R2 B' D B2 D'
284397,15342671211311,11,7,5,16365,2732,13637,R B R B' D2 R' B R' B' R D2
285964,15346271321321,11,8,4,7637,1277,6363,R B R' D R D2 R2 B' R' D B2
292410,15367421211113,11,6,6,24493,4084,20414,R D B' D2 B D' R B R2 D2 B2
292455,15367421223113,11,8,4,8993,1503,7493,R B D2 B D R2 B' R2 D R D2
292897,15367423211123,11,6,6,16126,2691,13440,R B D' B R B' D R' B2 R2 D
298890,15426371111111,11,6,6,17642,2943,14704,R B D R2 D R' B' D R' D2 B2
298904,15426371112233,11,6,6,18907,3153,15759,R B D2 R' D2 B D' B' R D' R2
307818,15463271313113,11,6,6,14987,2501,12491,R B R2 D R' D R2 D2 B' R' B
317406,15624732123212,11,5,7,21254,3544,17716,R B' D B' R2 B D2 R D' B2 D
317436,15624732133313,11,6,6,14741,2461,12285,R B D2 R2 B R' B D R' B2 R'
317600,15624732333332,11,8,4,10986,1835,9154,R B R' D B R2 B D' B2 R D2
318699,15627431223113,11,7,5,9872,1649,8227,R B R' D' R' D' R2 B R' D2 R
318771,15627431322113,11,8,4,16308,2722,13589,R D2 R B R2 B2 R' D B2 R' D'
318798,15627431332112,11,8,4,7338,1227,6114,R B D2 R D' R D2 R2 B' R' D2
321785,15634722123332,11,6,6,21158,3529,17634,R D' R2 B R2 B' D' B2 R2 D R'
321926,15634722321233,11,7,5,11436,1909,9531,R B D2 B R' B D' B' R2 D R'
323515,15637423211123,11,5,7,18893,3151,15748,R B R2 B' D B' D R2 D' R2 D
323676,15642371111111,11,5,7,88439,14741,73704,R2 D R' B D B2 R' D B D2 B'
324024,15642372213311,11,6,6,18326,3058,15273,R B2 R B D2 B' R' B2 D R B'
324062,15642372231332,11,7,5,13065,2182,10887,R B D' B R B2 R B' D2 R B2
324142,15642372331322,11,7,5,13638,2277,11365,R B R D2 B' R2 D R B2 R D'
324258,15642373212311,11,6,6,15532,2591,12946,R B R' B D2 R' D' R D' B2 D2
324277,15642373221323,11,7,5,10023,1673,8354,R B D B D R' D' B R2 D' B
324301,15642373231223,11,7,5,14431,2408,12027,R B' R B R B' D2 B' D2 B' D2
325250,15643271221331,11,7,5,11126,1857,9273,R B2 D2 R B2 R D' R' D' B2 D'
325354,15643271331221,11,7,5,8906,1487,7423,R B' R' B' D B2 R' B D2 B' D
325746,15643273223111,11,7,5,12586,2102,10488,R B R B2 R D' B' R' B2 D R
327182,15647233213232,11,8,4,11360,1897,9466,R B R B' R2 D2 B D' B' D R2
328073,15672341113232,11,6,6,14686,2450,12241,R B' D' B2 R D' B' R B' R2 B'
328257,15672341323112,11,6,6,14286,2383,11908,R B2 R B D2 B2 D' B R2 D' B'
328506,15672342323312,11,8,4,11899,1987,9915,R B2 R' D' R' D' B2 R B2 R' B2
328640,15672343213232,11,7,5,11485,1919,9570,R B2 R D' R2 B2 R' D R B2 R
329438,15672433312133,11,8,4,12834,2143,10694,R B D B' D B' R B' R B2 D
334217,15724362212132,11,8,4,11837,1976,9864,R B D' R' D B R' D2 B2 D R2
334611,15724631111111,11,6,6,45085,7518,37572,R B R D2 R2 D R B' D R' B'
334698,15724631211311,11,6,6,18217,3038,15184,R B D B' D R' B D2 B2 D B'
334814,15724631322233,11,6,6,27494,4585,22914,R B2 D2 R' B' D R' D2 B R' B2
334904,15724632123233,11,6,6,31591,5267,26329,R D B R' D B' D B2 D' R2 B
335038,15724632313223,11,7,5,12187,2033,10158,R B D' R' B2 D' B' R D2 B' D'
335066,15724632323231,11,7,5,16693,2786,13911,R B2 D2 R2 D R B R' B D' B2
335069,15724632323333,11,6,6,15984,2667,13322,R B2 R2 B' D' R B2 D' B R D2
335167,15724633132322,11,7,5,12102,2021,10085,R B R B2 R' D B2 R' B2 R' D2
339448,15734622331223,11,8,4,10558,1765,8796,R B R B D B' D2 R B2 R B2
344817,15746321111111,11,6,6,35376,5899,29482,R D2 R B' R B R2 D' B D B2
345027,15746321323211,11,6,6,19038,3176,15867,R B D R B2 R D R2 D2 B' D'
345240,15746322313112,11,6,6,12153,2028,10130,R B R B D2 B D R2 D2 B' D'
345828,15762342122213,11,5,7,30116,5022,25100,R B D' R B' D R2 D R' D R'
347004,15763241111111,11,6,6,51003,8503,42505,R B' R' D R2 B' D B D B' R2
347456,15763242323132,11,7,5,12522,2091,10435,R B D R2 B2 R' B' R2 B' D2 B
354359,16243571132132,11,7,5,12887,2151,10740,R B R2 D' R D' B2 D' R2 B' R2
354434,16243571231231,11,7,5,10714,1791,8927,R B' R B R' B D' R2 B R B2
354490,16243571321321,11,8,4,9480,1583,7900,R B2 D R2 D' B D' B R' D' R
355892,16245371231231,11,7,5,11423,1907,9520,R B2 D R' D' B2 R D2 R D2 R2
361516,16254733312223,11,5,7,38096,6352,31750,R D R2 B' D' R2 D' B R B2 R
362376,16257431132111,11,6,6,18663,3114,15554,R B' R' B D2 R' D R B D' R2
362926,16257433223123,11,8,4,10113,1688,8428,R B D B2 R2 B' D' B2 D' B2 D
363809,16273541122133,11,5,7,28965,4831,24140,R B' R2 D2 R D R2 D R B' R
363967,16273541321321,11,8,4,12964,2165,10802,R B' D R D' B2 R2 B R' B2 R'
366132,16275341312213,11,5,7,49883,8315,41574,R B2 D' R2 D' B D' B2 R2 D' R
366484,16275343122221,11,8,4,12200,2037,10166,R B D' B2 R D' R' D' R B2 R'
370970,16327453232333,11,7,5,12866,2148,10722,R B R2 D2 R' B2 R' B D2 B' R'
372010,16342571331221,11,8,4,9276,1549,7730,R B2 D B' D B D' B2 R2 D R
373248,16345271111111,11,6,6,92934,15491,77448,R2 D' R B' R' D R2 D B D B'
373322,16345271133131,11,7,5,15547,2595,12956,R B2 R B D' R D2 R' D2 B R2
373365,16345271222111,11,6,6,24522,4089,20438,R B' R B2 D R2 D' B D' B2 D2
373694,16345272322232,11,7,5,13215,2205,11014,R B2 D2 R2 D' B' D R' D2 R D
373728,16345272333212,11,7,5,11887,1984,9907,R B R2 D' B D' R2 B D B2 D2
373777,16345273122323,11,7,5,12717,2123,10598,R B' D B' D2 R B D2 R' B R'
373894,16345273233323,11,7,5,14399,2403,12000,R D2 R2 B' D' R B' D2 B R' B2
375009,16347252131312,11,6,6,21393,3569,17829,R D R2 B' D R B D2 B2 R' B
375225,16347253121312,11,7,5,18579,3100,15483,R B' D2 B' R B R D2 R2 D B
379935,16357421223113,11,8,4,9462,1579,7886,R B D' R' D' B D2 B' R D' B'
382741,16374521112323,11,6,6,43748,7293,36460,R B D B2 D B' D' R D' B2 R2
383293,16374523211123,11,7,5,19968,3332,16640,R B R' B' R2 D' R' D R2 B' R2
385165,16423572112121,11,6,6,12372,2065,10312,R B D2 B2 R D' B D' R B R2
388644,16427531211311,11,8,4,13360,2231,11132,R B D R2 B2 D R' B' D B2 R2
388699,16427531231321,11,6,6,17193,2868,14330,R B2 R D B2 R2 B' D' B2 D R'
389039,16427532333233,11,7,5,20599,3437,17166,R2 B D2 B2 R B' R' B D2 R D
395118,16453271111111,11,6,6,65539,10927,54617,R D R' B2 R B' R D R2 B2 D2
395199,16453271211113,11,8,4,10865,1816,9052,R B D2 B R B2 D' R2 B R B2
395363,16453272111131,11,7,5,12322,2058,10268,R B D' R B R' D R' D2 R2 B
401505,16475233132313,11,7,5,17608,2938,14674,R B2 R2 D2 B' R2 B' R' D R' B'
403126,16523473332323,11,7,5,11200,1870,9334,R B R2 B' R D B2 R' D' B D
403149,16523741112212,11,7,5,17831,2976,14859,R B R D2 R2 B' R D2 R' D2 R2
404607,16524731112212,11,7,5,21792,3634,18162,R D R2 D' B' R2 D B' R D B'
404609,16524731112233,11,7,5,22420,3739,18685,R B' R' B2 D B' D' R D' R2 D'
404615,16524731113133,11,6,6,21334,3559,17780,R B2 R B' D2 R2 D' B R D2 R
405324,16527341111111,11,6,6,41007,6838,34174,R B D R2 D B2 D R B R2 D2
406106,16527431123333,11,6,6,22771,3798,18978,R B2 R2 B' D' R B' D R' D B2
406172,16527431222132,11,7,5,19378,3233,16149,R B' R D' R B' R D2 R2 D' B2
406228,16527431312222,11,7,5,24641,4111,20534,R D R' B' D R D2 R2 B2 R B'
406290,16527431333213,11,6,6,20678,3450,17233,R B R2 D2 B2 R B R' B D' R'
406322,16527432113333,11,6,6,20154,3362,16797,R B R B' D2 R2 D B D B' R2
406384,16527432211322,11,7,5,15770,2633,13141,R B' R B R' B D2 R2 B' D R2
406432,16527432231122,11,8,4,11986,2001,9988,R B R' D' B D2 R' B R' D' B
406439,16527432231332,11,8,4,10395,1737,8661,R B R D' B2 R2 B R D B' R2
406519,16527432331322,11,8,4,13767,2299,11471,R B2 R B R D2 B R' D2 R' D
406530,16527432333113,11,8,4,10619,1775,8847,R B D2 R2 B2 D R B' R B' R'
406712,16527433312133,11,7,5,16110,2690,13424,R B R B2 R2 D' B R' B R B2
406786,16532471111222,11,6,6,20252,3379,16878,R B2 R B2 R2 D B' R' B D' R
408240,16534271111111,11,6,6,59491,9918,49578,R B' R2 D' B D B R2 B R' D
408242,16534271111132,11,7,5,11281,1885,9400,R B R B2 D' R B' R B' R2 D
408807,16534273211111,11,7,5,16210,2704,13510,R B' D2 B' D B2 D R2 B D B2
409537,16534723211123,11,4,8,33813,5637,28183,R D2 R B D2 B' D' B2 R B D
410431,16537421111222,11,7,5,14121,2358,11767,R B R2 B' R' D2 B R' B R B'
410452,16537421113322,11,6,6,18319,3056,15268,R B2 R D' B2 R D B R2 D' R2
410453,16537421113331,11,6,6,21872,3648,18229,R B D2 B D R' B2 D R D B'
410553,16537421223113,11,8,4,8673,1450,7226,R B R2 D R' B R2 B2 D' R' D2
410580,16537421233112,11,7,5,16314,2722,13596,R D2 R D R2 D2 R' B D2 R' D'
410652,16537421332112,11,7,5,8426,1409,7021,R B R2 D' R' B' R' B R' B2 R
411272,16542371221331,11,7,5,9138,1527,7615,R B R2 B D' B R' D' R2 B R'
411376,16542371331221,11,8,4,9174,1533,7644,R B2 R' D B2 R' B D R B' D'
411416,16542372112331,11,8,4,15927,2658,13272,R D' R D R2 D2 B2 R' D' R B2
412726,16543271221223,11,8,4,15095,2521,12577,R D2 R2 D R' B R' B R' B R2
412744,16543271223221,11,7,5,13127,2191,10940,R B R B2 D2 B' D R' D' B2 R
412838,16543271331332,11,7,5,18323,3057,15270,R B2 R2 B' D B' D R' B D B2
412847,16543271332331,11,7,5,13922,2324,11602,R B2 R2 B D B' R B' D B' R2
413081,16543272331331,11,8,4,9980,1669,8314,R B R2 B2 R' B D2 R B2 R2 B'
413212,16543273221221,11,7,5,19061,3181,15884,R B2 R2 B D' B R' D R' B R2
413343,16543721111111,11,6,6,27826,4641,23190,R B D R2 D R' B' D R' B2 D
413364,16543721113211,11,6,6,16662,2780,13887,R B R D' R2 B D' B' R D' R2
414790,16547233332323,11,6,6,13809,2304,11510,R B2 R2 D2 B D' R B' D2 B R'
414827,16547321113331,11,6,6,24850,4144,20711,R B2 D' R2 D B D2 R2 B' D' R2
416259,16572431111111,11,6,6,26586,4433,22158,R B' R' D B' D2 R' D B R D2
416848,16572433213223,11,7,5,12071,2016,10059,R B D' R2 B2 R D2 R D2 B R
417034,16573241123123,11,7,5,14736,2460,12280,R B' R D R2 D2 B2 R' B' R B2
417165,16573241312312,11,7,5,14836,2477,12363,R B D R2 D R' B' D' R2 B R
418466,16574231113133,11,7,5,14690,2451,12243,R B R2 D2 B2 D' B R' D' R D
419942,16723451122133,11,5,7,34519,5755,28770,R B R' D2 B2 R' D B' D' R B2
420108,16723451322311,11,7,5,12559,2096,10467,R B D' R2 B2 D' B R' D' R D2
423582,16725431121311,11,7,5,18519,3090,15433,R B R2 B' D B D2 R' B' D R'
423606,16725431131211,11,6,6,13467,2247,11225,R B D2 R' D' B R' D2 B R B'
423631,16725431211122,11,6,6,19115,3187,15933,R B R' D2 B2 D' B' D2 B R2 D'
423632,16725431211131,11,7,5,19692,3285,16411,R D B R' D2 R D' R B' D2 R'
423712,16725431311121,11,7,5,16614,2773,13845,R B R B' R2 B D' R D' B2 R'
423874,16725432211121,11,8,4,10490,1752,8741,R B2 R' D R' D R2 B' D' R D'
423940,16725432232223,11,6,6,12580,2100,10485,R B R B' R D2 R' D2 B R' D
424059,16725433113311,11,7,5,13406,2238,11172,R B D R B2 D R2 D B' D2 R2
424074,16725433122212,11,7,5,13007,2171,10840,R B R2 B' D' B2 R B' D' B2 R2
424274,16725433333232,11,8,4,9868,1649,8222,R B R2 B R' B R2 D' B D B'
427476,16735242122213,11,5,7,23952,3995,19963,R B R2 B2 D' R B' D' R D R'
429045,16742352232313,11,7,5,14270,2382,11892,R B D2 B' R2 B R' B D R' D2
430564,16743252323222,11,6,6,15920,2657,13268,R B R2 B D R' D B D R2 B'
431844,16745232121313,11,6,6,23665,3946,19724,R B2 R B' D B2 D' B2 R D' B'
431851,16745232122222,11,7,5,16578,2767,13815,R B R2 B2 R B D B' D2 B' R
432084,16745233121213,11,6,6,16203,2704,13504,R B R2 B2 R B R D' B2 D' B
432294,16745233333313,11,7,5,25158,4195,20967,R D' B2 R B R2 B' D' B2 D' B'
434592,16753241221112,11,7,5,17862,2980,14886,R B D' R B' D2 B R' B' R' D'
444690,17246351111111,11,6,6,49022,8174,40853,R B R B2 R D' B' R B' D2 R2
454659,17265433111313,11,6,6,18954,3163,15796,R D2 R B R' D R' B2 R' B R'
454984,17324561211323,11,6,6,18225,3041,15189,R D2 R B' D B R2 D' R B R2
455048,17324561232332,11,7,5,13116,2189,10931,R B R D B2 D B R2 B2 D' B'
458145,17326452212111,11,6,6,30846,5144,25707,R2 B2 R' B' R' D R2 D R2 D' R2
466656,17356241212313,11,7,5,14114,2357,11761,R B R' B' R D2 R B R' D2 R2
466892,17356242211331,11,6,6,22946,3828,19123,R2 B R2 B R2 D B D' R B' R'
468105,17362451211311,11,6,6,15226,2540,12691,R B R D2 R D' B' D R' D2 B
468160,17362451231321,11,7,5,11913,1988,9929,R B D R' D2 B D' R' D B' R2
468366,17362452213311,11,6,6,26590,4434,22161,R D' B2 D' R B2 R B2 D B D2
469616,17364251231231,11,8,4,12268,2048,10223,R B2 D' B2 D R D2 B2 R' B' R2
473711,17423653213232,11,7,5,10874,1816,9062,R B2 R' B R2 D' B R D R' D2
474615,17425631122112,11,7,5,15080,2517,12567,R B D' B' R B' R' B R' D R'
474705,17425631223113,11,7,5,10925,1824,9105,R B D B2 D B2 D' B2 R B R2
474759,17425631313113,11,6,6,18203,3037,15171,R B D R2 D R2 D' B2 R D R2
474777,17425631322113,11,7,5,15583,2601,12986,R D R2 B' R B' D R D R' D2
474785,17425631322332,11,7,5,19825,3308,16521,R2 B R D2 B R' D R2 D R' B2
474786,17425631323112,11,6,6,19018,3172,15851,R D B2 R' B D' B D B R' B2
474790,17425631323223,11,6,6,14236,2375,11866,R B D2 R' D R' D B D2 R D'
474804,17425631332112,11,7,5,10313,1723,8594,R B D' R' B R' B' R B' D R'
476051,17426531112233,11,7,5,12784,2133,10655,R B D' R2 B D' B' D' R2 D2 B
476067,17426531121212,11,6,6,21684,3617,18072,R B2 R D B2 R' B2 D R D B'
476106,17426531132312,11,7,5,15109,2522,12591,R B2 D' B R2 B2 R' B D2 R' B2
476137,17426531213123,11,7,5,18465,3081,15388,R D R' B2 R' B R D B2 D2 B
476167,17426531223221,11,7,5,14079,2352,11731,R B R B D2 R2 B2 R B2 R' B2
476186,17426531232233,11,5,7,36246,6043,30209,R D' R' B2 R' D' R2 D R B2 D'
476219,17426531313131,11,7,5,16963,2831,14136,R B2 R D B' R B D B2 R D2
476261,17426531331332,11,7,5,13567,2264,11307,R B D2 R' B' R' B2 D B' D2 B
476310,17426532121211,11,8,4,9263,1549,7717,R B R B' R2 D R' B2 D2 R B'
476504,17426532331331,11,8,4,10573,1768,8808,R B2 D R2 D R' B R2 B R B
479279,17435622211133,11,6,6,25419,4239,21185,R B2 D' B R D R2 D2 B' R D
479521,17435623211123,11,5,7,27768,4630,23144,R B2 D' R B D R2 D2 B' D B
480623,17436521323232,11,6,6,16550,2760,13795,R B R' B D2 R D' B' D' B2 D'
481730,17452363213232,11,7,5,11433,1909,9528,R B2 R' B R2 D' B R D R' D'
481826,17452363322132,11,8,4,9394,1571,7826,R B R2 D' R' D' R B2 R B R
482459,17452633213232,11,7,5,12877,2148,10733,R B D' B2 R2 B D' B2 D' B2 D2
482924,17453262211133,11,6,6,17891,2986,14910,R B R2 B' R D' B R2 B' R2 B
485862,17462352213311,11,6,6,20526,3425,17106,R B2 R B D2 B' R' B2 D R B
487008,17463251122112,11,7,5,12777,2133,10648,R B D2 R D' B R2 B2 D' R' B2
487088,17463251221331,11,7,5,9107,1522,7589,R B R2 B D B' R2 D R B D'
487152,17463251313113,11,6,6,16724,2791,13938,R B R' B' D' R' B2 D R' B2 R
487166,17463251321231,11,6,6,18022,3007,15020,R B2 R D' R2 B D R D2 B' R2
487179,17463251323112,11,6,6,20610,3437,17178,R D2 R B D2 B2 D' B D2 R' B'
487192,17463251331221,11,7,5,11409,1905,9508,R B D2 B' R' B2 D R' B R D'
493588,17526431131121,11,7,5,13568,2263,11309,R B D2 R' D' B' D R' D B' D2
493675,17526431231321,11,5,7,30912,5155,25763,R B2 R B2 D2 R D2 R' D2 R2 B'
493826,17526432123233,11,8,4,16227,2707,13523,R D B R' D B' D B2 D' R2 B'
500094,17543261111111,11,6,6,38176,6366,31815,R D B' R2 B R' B D R2 B2 D2
500157,17543261132111,11,7,5,13424,2242,11186,R B R2 B D B2 R' B2 D R B2
516861,17642531111111,11,6,6,21698,3620,18083,R B R B2 R D' B' R' D2 R2 B
516875,17642531112233,11,7,5,23957,3996,19965,R D B' D' B R2 B R B2 R2 D'
517521,17642533312211,11,7,5,11677,1949,9732,R B R D' B2 D' R' B D2 R' D2
517626,17643251122112,11,7,5,13266,2214,11056,R B R' B R' D2 R B' D' B' D'
524880,21345671111111,11,7,5,35847,5979,29872,R B' D2 R' B R' B' R D2 R B
525985,21345762223322,11,5,7,27601,4602,23005,R D2 B' R2 B R2 D' R D2 R2 D'
526030,21345762312323,11,6,6,22604,3770,18839,R B' R B' D R2 D2 B2 D B R'
526036,21345762313223,11,6,6,19925,3324,16606,R B D2 R' B R D2 B2 R D' R'
526325,21345763332233,11,5,7,23960,3996,19970,R B D2 R2 B' D' R B' D R2 D
527497,21346752313322,11,7,5,20789,3468,17325,R D R2 B2 D R' D' R' B2 R2 D'
528217,21347562312323,11,6,6,26914,4489,22430,R2 D2 R B' D B R2 D' R B R2
529290,21354671122112,11,7,5,13693,2287,11410,R B R D2 R B' R D2 R B2 D
529314,21354671131313,11,6,6,17415,2904,14516,R B' R2 D2 B R' D2 B D' R' D'
529362,21354671221112,11,7,5,14218,2373,11849,R B R2 D B2 D R' B D2 B D
529660,21354672311123,11,6,6,17908,2986,14927,R B' D2 R D2 R' D B' D2 B' D
529661,21354672311132,11,5,7,24047,4010,20043,R D R2 B2 D B' R D' R2 D R'
529680,21354672313211,11,6,6,53903,8986,44922,B2 R B' D R D2 B' R D R2 D'
529794,21354673131113,11,7,5,14228,2375,11857,R B' R2 B D B2 R' D2 B R B'
529997,21354761112233,11,7,5,14873,2483,12394,R B2 D2 R' B' R D' R2 B R' B2
529998,21354761112311,11,7,5,17596,2936,14664,R B D B' D2 R2 D B' R B2 R2
530004,21354761113211,11,8,4,15505,2588,12920,R B2 D2 R2 D B R B' R D' B2
530008,21354761113322,11,6,6,20172,3365,16812,R B2 R D2 B2 R' D R' B2 D2 R2
530022,21354761122211,11,8,4,13174,2200,10977,R D R D' R B' R B2 R' D2 B
530061,21354761133311,11,7,5,13322,2224,11102,R B2 R2 B' R B' R2 D B' R' D2
530331,21354762213311,11,7,5,11731,1959,9776,R B R' D2 R B R' D R' D B2
530643,21354763312211,11,6,6,19801,3303,16503,R B D' R B' D' R2 B' R2 B' D'
532575,21357462311111,11,7,5,19470,3249,16225,R B' R2 D2 R B D2 B R D' R
532763,21357463213331,11,7,5,10771,1799,8976,R B2 R' B R' B' R D' R2 D B2
533252,21357642221132,11,5,7,27184,4533,22657,R B2 D B2 D R B2 D' B R' B2
534762,21364752311111,11,7,5,15649,2611,13042,R B R2 D' B' R2 B' D' B2 R D
534936,21364753212212,11,6,6,12007,2005,10007,R B R D B D' B2 R B2 R B2
536172,21365742221312,11,5,7,18501,3086,15421,R B R D' B2 R B R2 B' D' B'
536236,21365742312323,11,6,6,22559,3762,18802,R D R' B R2 D R' B' D' B2 D'
536714,21367451311331,11,7,5,13790,2302,11492,R B D R2 B D2 B R' D B2 R2
536796,21367452112112,11,7,5,13757,2297,11464,R B R2 D' R B' R2 B' R2 D' R2
539452,21374653333121,11,7,5,10599,1770,8833,R B2 R D R2 D R' B' R2 D2 B'
539879,21375462312233,11,7,5,15258,2546,12716,R B R D2 R D' B' D R' D2 R'
540183,21375463333211,11,7,5,16526,2757,13773,R B' R D' R2 D' B' R' D B2 R
541648,21376541111123,11,7,5,17932,2993,14943,R B D B' R B2 R' B D' R B2
541662,21376541112311,11,6,6,16041,2676,13370,R B D B' D2 R2 D B' R' B2 R2
541686,21376541122211,11,7,5,17325,2891,14438,R D R D' R B' R B2 R' D2 B'
541703,21376541131133,11,7,5,13246,2212,11038,R B D R' D R B2 R2 D' R' B
550585,21457631321123,11,7,5,21170,3531,17643,R2 B D2 R' D R' D B D2 R D'
556206,21473563331312,11,5,7,19848,3309,16545,R B R2 D2 B D' B D' R D' B'
562421,21536742222131,11,7,5,15492,2585,12911,R B2 R D2 B' D' B R' B R' D
587959,21654372231323,11,7,5,13892,2317,11579,R B2 D R2 D' R D' B D' B' D'
587977,21654372233321,11,7,5,17823,2973,14854,R B2 R2 D2 B' D R B' D B' D2
588286,21654373332122,11,7,5,12861,2148,10717,R B2 D2 R2 B R' B R2 D' R B'
588289,21654373332221,11,6,6,15650,2611,13044,R B2 R' D' R2 B D' B2 D R' B2
595883,21734652123131,11,6,6,17020,2840,14185,R B R D R D2 R D' B R2 D2
615566,23147562123131,11,5,7,21129,3523,17612,R D R D2 R D B2 D' B' D2 R
616021,23147651112323,11,6,6,16576,2765,13816,R B D B2 R2 D B' D' R B2 D2
616426,23147652312323,11,6,6,12021,2007,10019,R B2 R B D2 R2 D' R' B2 R D'
618311,23156471222132,11,7,5,13270,2216,11058,R B2 R' D R2 B' R' D' R2 B R
618428,23156471333132,11,6,6,11475,1917,9563,R B R B2 R B R D' B2 R' B2
618893,23156473323332,11,7,5,11254,1879,9379,R B R' B2 D' R2 D R' D2 B R'
619793,23157461231333,11,6,6,18930,3158,15777,R B R' D2 B' R D R' B2 D2 R2
619948,23157462131123,11,6,6,19725,3290,16440,R D B' R B' D R' B2 R D2 B'
621695,23164573213133,11,8,4,9601,1606,7998,R B R B2 R D' R D' R B R
622140,23164752131312,11,5,7,33631,5607,28030,R B D R2 B2 D B' D B' R D'
622563,23164753333313,11,7,5,12024,2008,10020,R B R D2 R2 B' R B' R2 D2 B'
622566,23165471111111,11,6,6,33165,5531,27639,R B R' D R' B R2 B2 R D' B'
622730,23165471311133,11,7,5,12481,2084,10401,R B2 R B2 R2 D B D R' D2 R'
622739,23165471312132,11,8,4,10103,1688,8418,R B D R' D2 B R D' B R2 B
622810,23165472111122,11,7,5,13521,2256,11269,R B2 R2 B' D2 B D B' R2 D B'
622817,23165472111332,11,7,5,10455,1747,8712,R B R2 B R B2 D B2 D R2 D
622880,23165472132332,11,6,6,18006,3005,15006,R B' R B' R2 B R' D R B2 D'
622971,23165472311111,11,7,5,19039,3176,15867,R B D' R D2 R' D B R2 D2 B2
623209,23165473233221,11,6,6,23377,3899,19483,R D R' D2 R B D' B D' R B2
623311,23165741112323,11,4,8,34088,5683,28412,R B R2 D' B D R2 B2 D R' D'
623436,23165741231312,11,7,5,16909,2821,14092,R B2 D' R2 D B2 R' D R2 D2 R'
623585,23165742123131,11,5,7,21939,3658,18287,R B D B2 D2 B D R D' R2 D'
623599,23165742131321,11,6,6,22186,3700,18491,R D2 B' R2 B D2 R' D R2 D2 R'
623600,23165742131333,11,7,5,31614,5271,26347,R2 B2 D2 B' D B' R2 D' R D' R2
623716,23165742312323,11,6,6,24416,4074,20347,R B' R' B R B2 R2 D2 R B' R
624003,23165743331312,11,7,5,22905,3820,19089,R2 B2 D2 B' R B' R2 D' B D' R2
624913,23167541233322,11,7,5,13217,2205,11016,R B2 D' B2 R D' B' D R' D R'
625054,23167542131222,11,6,6,17138,2859,14284,R B2 D' B2 R D' R' B R' B D'
626501,23174652123131,11,6,6,19270,3215,16060,R B R2 B' R D2 B' R' D2 R B'
627511,23175463211222,11,7,5,11164,1863,9305,R B R' D2 B2 D B' D2 B' R2 B2
628708,23176452132221,11,7,5,17200,2871,14333,R B2 R2 B' R D' R D2 R B D2
629114,23176453332233,11,5,7,26716,4455,22267,R B D' R D' R2 D B R2 D' R
632316,23416752121211,11,7,5,21579,3599,17984,R B' R B' D' B D2 B R D' B2
633403,23417563232123,11,7,5,12540,2093,10451,R B D' B2 D B' R B' D2 R2 B2
636272,23456173212332,11,7,5,10106,1687,8423,R B R' B' D' R B2 D' B D2 B'
636328,23456173233122,11,8,4,10729,1792,8940,R B' D R D2 B2 R B D2 B2 R'
637001,23456713212332,11,8,4,9419,1575,7847,R B R2 B' R2 D B' R2 B R B'
644706,23475162121112,11,6,6,21750,3629,18126,R B R2 B R2 B' D R' B' D2 R2
650573,23517462131333,11,7,5,16964,2830,14138,R B' R B' D' B D2 B R D' B
664522,23576412233321,11,6,6,16250,2711,13544,R B D B' R' B D2 B D2 R' B2
664540,23576412312323,11,6,6,22853,3812,19046,R B R B' R' D B2 D B2 R' B2
676782,23657142121112,11,7,5,18175,3033,15146,R B' R D R2 B2 D R' D2 R D2
678257,23671452122333,11,6,6,28006,4670,23341,R2 B' R' B R' D B2 D R' D B2
680065,23674153232321,11,7,5,11363,1898,9469,R B D R' B2 R' B' R' D R2 B'
691156,23751461132123,11,6,6,13700,2287,11418,R B R' D' R B2 R B2 D' R2 D
691594,23751463112321,11,6,6,14133,2359,11779,R B R' D R D B' R2 D R B'
694619,23756143222331,11,8,4,10175,1698,8480,R B' D B D2 B' R D2 B' D2 B
694860,23756411222312,11,7,5,11229,1876,9357,R B R' B R2 B2 D' R B' D' R
695340,23756413222112,11,7,5,11625,1941,9688,R B D' R B2 R2 D' R D' B' R
695355,23756413223312,11,7,5,10368,1732,8640,R B R' D' R B' R2 D2 R D' R
695427,23756413322312,11,8,4,10761,1797,8967,R B D' B' D B' R2 D2 R B' R
704651,24153672321233,11,7,5,12758,2130,10632,R B R B2 R2 D' B R2 B' D2 B2
707313,24157361313212,11,6,6,14634,2442,12197,R B2 D B R2 B R2 D2 B D' R2
707580,24157362323111,11,6,6,13955,2328,11632,R B2 D B R2 D2 B' R2 B D' B2
712058,24167353132232,11,8,4,16239,2709,13533,R D B' R2 D R' B D B' D2 B'
714146,24173652323231,11,7,5,11673,1949,9728,R B R B' R2 D R' D' R D' B2
717990,24315673311311,11,6,6,34524,5755,28774,R2 B D' B' D' R D2 B' D R2 D'
718108,24315761122322,11,7,5,19076,3182,15898,R B' R2 B' D' B2 D' B R B2 D2
718414,24315762213323,11,5,7,46051,7678,38379,R B R' D R B2 D' R D R2 D'
721803,24351671212211,11,7,5,20774,3464,17314,R D B' R' D' B D2 R' B D2 B'
722198,24351673111133,11,6,6,20335,3390,16950,R D B' D B2 D' B D' B R D2
722364,24351673311311,11,6,6,27609,4604,23010,R2 B D2 B' R2 D R' D2 R B D'
722440,24351761111123,11,6,6,28927,4824,24108,R2 B D2 B2 R2 D' R' B R' B D2
722534,24351761212232,11,7,5,11637,1942,9699,R B D' B' R B' D2 R2 B' D' B2
729936,24367511323112,11,7,5,15974,2665,13313,R D' R2 B D' R D' R' D' B R2
730216,24367513111121,11,7,5,10752,1796,8960,R B R' D2 R B' R B' R2 D2 B2
734464,24376512222122,11,7,5,19613,3272,16345,R B' R D2 R D' R D' R2 D B2
737415,24516732233111,11,6,6,17613,2939,14679,R B D R2 D R' B' D R' B2 R'
739738,24531673123121,11,8,4,10469,1748,8724,R D B R2 B' D R2 B' D2 B D'
742019,24536713231232,11,7,5,13608,2271,11341,R B R D2 B D2 B2 D R' B2 D2
743479,24537613231322,11,7,5,20199,3370,16833,R D2 B R2 B' R B' D R' B' D
743825,24561372111131,11,6,6,20062,3347,16720,R B' D2 B R' B R B2 D' B R
745797,24563711121212,11,7,5,20844,3477,17371,R B R' B2 D' R' B2 D B D2 B2
746042,24563712121232,11,7,5,23628,3941,19691,R B R' D2 B' R' D2 B R D2 R2
746284,24563713121222,11,5,7,29739,4958,24787,R D2 R' B' R D' B D2 B D' R
748308,24571362221213,11,4,8,24413,4072,20348,R B R2 B D R' B2 R' B' R2 D
748713,24571631121212,11,7,5,17637,2944,14697,R B R' B R B2 D2 R' B2 R2 D'
753803,24615371112332,11,7,5,12855,2146,10713,R B D2 B R' B' R B' D2 R D'
754134,24615372213311,11,6,6,28700,4786,23919,R2 D R' B D R2 D B2 R2 D B
754557,24615731122313,11,7,5,13657,2278,11383,R B2 D' B2 D B2 R' B D2 B2 D'
754586,24615731132333,11,7,5,24757,4128,20633,R2 B R2 D2 B2 D' B R' D B2 D'
754765,24615732111323,11,7,5,20386,3399,16991,R D2 B' D2 B D2 R' B D2 B2 D'
754863,24615732213311,11,6,6,23249,3878,19376,R B R2 D' B R D2 B2 R B' R'
754918,24615732233321,11,6,6,19622,3273,16354,R B' R' D B R2 B2 D2 B R' D
755026,24615733113323,11,7,5,29758,4962,24800,R2 B D2 R2 B2 R' D B' D B2 D'
755164,24615733311122,11,6,6,22728,3791,18942,R B R' D2 B2 D R D R' B2 D
756376,24617532233321,11,6,6,24784,4135,20654,R2 B2 R B' R D R2 B' R B D2
760754,24637512311132,11,4,8,32334,5392,26949,R D R B2 R B R2 B' D' B2 R
761827,24651731113223,11,7,5,14393,2401,11996,R B D' B D' B D2 B2 D R D
762047,24651731333333,11,6,6,12858,2145,10718,R B R2 B D' B' D B' R2 D B'
771938,24715363311332,11,7,5,12603,2103,10504,R B R' D' B R' D2 B2 R' B' D2
772011,24715631111111,11,6,6,22348,3726,18627,R B D B2 D2 B R D' B D' B'
772048,24715631122121,11,7,5,16032,2676,13360,R B' D2 B R B2 D2 R2 B R' B'
772049,24715631122133,11,6,6,24219,4040,20184,R B R D2 B2 D' R' B' R B2 R2
772438,24715632313223,11,6,6,18471,3082,15394,R B R D' R B' R' D2 B2 R' B
772506,24715633112111,11,8,4,9964,1665,8302,R B R D' B R' D R2 D2 R B'
772553,24715633131131,11,8,4,14512,2423,12092,R B' D B2 R' B2 R B' D B R
773924,24716532323231,11,7,5,21145,3528,17621,R B' R2 B' D B R2 B R' D2 R'
774198,24731561111111,11,6,6,35964,5996,29973,R2 B R' B R2 D R' D' B' D2 B'
774608,24731562311231,11,7,5,19127,3191,15940,R B2 D R B2 D2 R' D2 R D' B2
778211,24736512222332,11,7,5,24102,4020,20086,R D B' D R' B R' B2 R D2 B'
778928,24751362221231,11,7,5,26055,4346,21713,R2 B R2 D2 B' R' B D' B R2 B
779004,24751362321113,11,7,5,31125,5191,25938,R2 D B2 R2 D' R' D R' B R2 B
783787,24761531221223,11,8,4,14403,2404,12002,R D R' D2 B R' D B R' B2 R'
784404,24763151111111,11,6,6,24474,4082,20397,R B R' B2 R D' R D' B2 D2 R2
787194,24765313222112,11,7,5,10939,1827,9116,R B D' R B' D R2 D R' D R2
787723,25134672233321,11,7,5,18258,3047,15215,R B D' R2 B R D R2 B' D B2
787741,25134672312323,11,6,6,9729,1624,8110,R B R' D2 B R D B2 R' D B2
787746,25134672313211,11,6,6,36653,6111,30547,R B' R B' D' B D2 B D R D'
790236,25137461111111,11,6,6,27696,4619,23082,R B' R B R' D2 R' D' R' B D'
790324,25137461211323,11,7,5,16656,2781,13879,R B R2 B' R D R2 D2 R B R'
796813,25163741112323,11,5,7,25053,4179,20880,R B R2 B2 D2 R' B' D R' B R2
805308,25314673111313,11,6,6,30223,5041,25187,R2 B D' B R' B R B2 D2 R2 B
805310,25314673111331,11,6,6,30139,5026,25118,R2 B R2 D2 B2 R B D' R D' B
805362,25314673131311,11,6,6,36286,6050,30241,R2 B R' D B' R D B2 R2 D2 B
809700,25341673113311,11,6,6,37698,6285,31418,R2 D R' B' D' B R2 D' B R2 B'
810346,25341762313223,11,7,5,23167,3865,19306,R2 B R' D R B2 D2 R' D2 R D
815432,25364172311231,11,7,5,27425,4574,22855,R' B R B' D2 B D' B R B2 D2
815639,25364173223231,11,6,6,15680,2617,13068,R B R D' R' D' R B D' R B2
817291,25367411211122,11,7,5,19107,3189,15922,R B D2 B2 R B' R B' R D R2
822762,25413672323111,11,6,6,34817,5805,29017,R' B R D' B2 D B' D R B2 D2
823558,25413763121222,11,5,7,18497,3086,15417,R B R B' R B R2 D' B D B2
829041,25436711311313,11,8,4,12417,2073,10347,R B2 D2 R2 B' D B' R B2 D' B
829162,25436712123122,11,7,5,19914,3322,16596,R B D2 B R B2 D B2 D B2 D
829169,25436712123332,11,7,5,20280,3384,16900,R B2 R2 B' R2 B D R' B2 D B'
829180,25436712132122,11,7,5,15971,2664,13311,R B' R D2 B' D' B D' R2 D R'
829328,25436712323231,11,7,5,11485,1918,9571,R B R' D R2 D' R B R2 D2 B2
829510,25436713232321,11,8,4,13442,2245,11200,R B' R' B' D R2 B' R2 B D' R
829585,25436713332122,11,7,5,11812,1971,9845,R B2 R' D B' D2 R2 B' D' B2 R'
833831,25463713212332,11,8,4,11073,1849,9227,R B R' B' D2 B' D' B2 R B2 R'
835886,25471362323132,11,7,5,14140,2360,11784,R B' R2 B D' B D B2 R' D R
836337,25471631312213,11,4,8,27727,4623,23111,R B' D R2 D R' D R' B' R2 D2
845002,25631741212121,11,7,5,20145,3361,16788,R2 B R' D B' D' R B2 R B D'
847049,25634713321232,11,6,6,20984,3501,17488,R B2 D R' B' D2 R D2 R B2 R2
848657,25641371213132,11,6,6,15225,2540,12690,R B D2 R2 B2 R' B D' B D2 B'
859781,25714632123131,11,6,6,28721,4790,23936,R D R2 B2 D R' D B' R2 B R'
859868,25714632223331,11,7,5,20725,3457,17272,R B' R2 D R2 D' B R' D2 R' D
859917,25714632313211,11,6,6,47058,7845,39218,B R2 B' D' B D2 R' B' D R' B2
860012,25714633121333,11,5,7,28594,4768,23832,R B' R' B D2 B R' D' B R2 B2
861043,25716431212223,11,7,5,14470,2415,12059,R B D' B D' R2 D R B2 D' R
861564,25716433223213,11,7,5,11926,1992,9938,R B2 R2 B' D B' R B2 R B D2
862797,25731642232211,11,6,6,27200,4537,22668,R2 B R' B D R' B2 R' D2 R D
863487,25734162221111,11,7,5,17607,2939,14672,R B R2 B2 R B2 D R2 D2 B R'
864376,25734613113323,11,7,5,16371,2731,13644,R D2 R B D2 B D' B' D2 R2 B'
864595,25736141111123,11,7,5,16598,2769,13833,R D R' D' B' D2 R2 B' R D' R
864752,25736141233232,11,7,5,14828,2473,12359,R D2 B D2 B' R D' R D' B' R'
865395,25736411133113,11,6,6,16067,2681,13391,R B' D B D2 R' B2 D R B2 R'
865465,25736411231321,11,7,5,16512,2754,13762,R B2 R' D' B R2 D' B' R' D B2
865518,25736411321312,11,6,6,11817,1973,9849,R B R D2 R B2 R D' R' D B2
865539,25736411331113,11,7,5,14606,2438,12172,R B' R B D2 R' D2 B R D2 R'
865854,25736413123112,11,7,5,12342,2060,10286,R B D B2 D R2 D R' B' D B2
866196,25741361232113,11,7,5,21713,3622,18095,R B' R D2 B' R D R' B D2 B2
867148,25741632222323,11,6,6,20075,3348,16732,R B2 D B2 D' R D' R B' R' D'
867202,25741632312323,11,6,6,14028,2340,11693,R B2 R2 D2 B' D B D' R B' D2
868397,25743611233232,11,8,4,10190,1702,8491,R B2 R D2 R2 B D' B' R D' B
872255,25763142223133,11,7,5,24472,4082,20394,R B' D2 B R B2 D' B R2 B' R'
872845,25763411332322,11,7,5,12772,2132,10644,R B D' R D2 R' B D' B D R2
877297,26135742132221,11,7,5,19094,3184,15914,R B' D2 B' D' B2 D' R D B2 R2
877336,26135742213323,11,5,7,27919,4657,23268,R B R' B D R2 B' D R B2 R'
877461,26135742332312,11,8,4,14513,2423,12093,R B' R2 B' R' D2 R' B D B2 R2
883585,26153471122121,11,7,5,18369,3065,15308,R B2 D' R' B2 R D2 B' D R B2
884090,26153473131131,11,6,6,18239,3043,15201,R B D2 B2 R D' B D' R B R
884098,26153473132121,11,6,6,14639,2444,12200,R B2 R' B2 R B2 D2 R' B' R2 B2
885477,26154372332213,11,6,6,35988,6001,29992,R2 B' D2 B R' D R' B2 R' B R'
892028,26175432331133,11,7,5,16215,2706,13513,R B2 R D2 B' D' R B' R B' D
895305,26317451212211,11,7,5,21276,3548,17732,R2 B2 R' D' R' D B2 D B2 D' R2
898983,26345711223113,11,7,5,8310,1389,6925,R B R2 D' R2 D' R D' R2 B2 R
905913,26371453112111,11,7,5,15095,2519,12580,R B2 R' B' D' R D2 B D' R B'
912184,26415731322323,11,7,5,14142,2360,11786,R B R B' D2 R B D2 B' D' B'
912253,26415732121223,11,7,5,12717,2122,10599,R B R2 D' B D2 B' D' R2 B2 D
912382,26415732233321,11,6,6,18977,3166,15816,R D R' B2 R' B' R' D R2 B D'
916714,26435712222122,11,5,7,32200,5369,26837,R2 B R2 D2 B2 D' R D' R B2 R'
916756,26435712233321,11,6,6,19166,3197,15974,R B' R D' B R2 B2 D2 B R D'
916760,26435712311132,11,6,6,21546,3595,17956,R B R B2 R2 B R B D' B2 D'
916801,26435712322322,11,6,6,24925,4156,20774,R D2 B' D2 B R2 D' B R2 B2 R'
917002,26435713311122,11,6,6,23595,3936,19664,R B D' B2 R2 B R B D' B2 R
917075,26435713333133,11,7,5,17132,2859,14277,R D B2 R2 D' B' R B' R B2 R
918096,26437512122312,11,6,6,18587,3100,15492,R B2 D' R2 B D' B' R D' R D'
920324,26453172211133,11,6,6,22333,3725,18613,R B' R2 B D B2 R' D R2 D' R'
920969,26453711333333,11,7,5,12373,2066,10311,R B2 R2 B R' D2 B R2 B D2 B2
927325,26513471122121,11,5,7,21099,3519,17586,R B2 R D' B2 R' B' R' D2 R' B
930930,26517343333313,11,4,8,20708,3454,17261,R B2 R2 B D2 B2 R2 B' R2 B2 D
934575,26534713333313,11,7,5,15311,2556,12759,R D' R B' R B2 D R' B' R' B2
937494,26543171111111,11,6,6,27613,4606,23012,R B R' B2 R D' R D R2 B2 D2
937539,26543171123111,11,7,5,13650,2280,11374,R B R2 B' R D' R2 B R2 B' R2
940228,26547313131323,11,6,6,27558,4595,22968,R B2 D2 B' D R' D R2 D' R2 D
943305,26573413331312,11,5,7,15826,2642,13190,R B R2 B2 R' B D2 R' B2 R B
947063,26714531212133,11,7,5,12171,2032,10143,R B R' D B' R D' R2 D R2 B'
947243,26714532121133,11,7,5,17902,2987,14919,R B2 D R2 D R D2 B' D R' B2
949057,26715433231322,11,7,5,13550,2261,11293,R B D' R B D2 B2 D' B' D2 R
953676,26741351232113,11,7,5,15757,2631,13130,R B R B2 D2 R B D2 R2 B' R'
955994,26743512121232,11,6,6,27768,4630,23143,R B' R2 D' R' D R D' B2 D B
962336,27134561131133,11,7,5,17915,2990,14929,R B R' B' D R D' R D2 R' B
973622,27154632311132,11,6,6,18238,3043,15200,R B R' D R2 D R D B R2 D2
980931,27314652313211,11,6,6,50801,8469,42337,R B' R B D B2 D B' D' R D'
996978,27365412321212,11,6,6,30645,5110,25540,R B' R D2 R D' R D' R2 D B'
999270,27415363131113,11,7,5,14770,2466,12308,R B R' B D' R' B R B D2 B2
999914,27415632323231,11,7,5,20071,3349,16726,R B D2 R' B' R2 B' D' R2 B D
1000141,27415633321322,11,8,4,12932,2159,10776,R D R' D R D' B2 R D' R B'
1001237,27416532133232,11,8,4,12806,2138,10671,R B D2 R' D B' R2 B' R2 D' R2
1001597,27416533321232,11,7,5,15829,2642,13191,R B' D B R' B R' B2 D R D2
1004116,27435612122222,11,6,6,15577,2598,12984,R B R D2 B2 R D' B D' B D'
1007523,27453161123111,11,8,4,9980,1667,8316,R B R2 D B2 D R2 D2 B' D R
1007541,27453161132111,11,7,5,13195,2200,10999,R B2 D' B' D' B2 R D' B2 D' B2
1009489,27456133132223,11,7,5,12356,2062,10298,R B R' B' D B R2 D2 B2 D' B
1017684,27516341111111,11,6,6,18579,3102,15482,R B R B2 R B2 R B R B2 D2
1020600,27534161111111,11,6,6,20485,3418,17072,R B R B2 R D' B' R B' R2 D
1020601,27534161111123,11,6,6,17173,2865,14313,R D' R2 D' R B2 R D2 B D R2
1021005,27534162311111,11,7,5,13185,2200,10989,R B D B' R2 D B' R' B D' B2
1021736,27534612311132,11,5,7,25027,4174,20859,R B D2 B' R B2 D' R' B2 R B'
1023261,27536412332312,11,7,5,12850,2145,10709,R B2 R2 B' D R' D R2 D B D2
1025704,27543611111123,11,8,4,12602,2103,10502,R D2 R' D2 R' D R' D2 B2 D' R
1025705,27543611111132,11,7,5,13736,2294,11446,R B R' B2 D2 B R2 B D2 R B
1027540,27546312231122,11,6,6,27611,4605,23011,R2 B2 R D2 R2 D B2 R' D2 R2 B
1033715,27613543333133,11,5,7,17227,2875,14358,R B' R B R2 D2 B R' B2 R B2
1034378,27614353311332,11,7,5,16733,2792,13945,R B D' B R' B R' B2 D2 R' D'
1036088,27615431312333,11,8,4,17212,2872,14343,R D B D2 R2 B D' B R' D R'
1036177,27615432113321,11,6,6,19385,3235,16155,R D R2 B2 D R2 D R B' R B2
1036578,27615433313213,11,7,5,15692,2621,13075,R B R B2 R2 B D' R B' R B
1038881,27634511131133,11,8,4,12413,2073,10343,R B2 R' D' B' R D2 R B2 R' B2
1039228,27634512233321,11,6,6,18132,3025,15112,R B2 R B R2 D2 R' B' D2 B D'
1043852,27643513311233,11,7,5,21101,3519,17586,R D2 R2 D R2 D2 B2 D B2 D2 R'
1052607,31246753312211,11,7,5,22626,3774,18856,R D2 R D R2 D' B' R2 D B R
1053428,31247651113232,11,7,5,12432,2074,10362,R B R2 D2 B D2 B R' D' B2 D'
1053617,31247651323232,11,7,5,14040,2343,11701,R B' D2 B D' B D2 R' B2 R B2
1055731,31256471231222,11,6,6,16932,2825,14112,R B R B2 D B2 D2 B R' B2 D2
1057414,31257462222221,11,6,6,16163,2696,13472,R D2 R2 B2 D' R' B D' R2 D B'
1057470,31257462312311,11,7,5,14237,2375,11866,R B2 R2 D2 B' D' R D' R2 D B'
1058428,31257643311122,11,7,5,16907,2821,14090,R B D2 B' D B' R B2 R' D2 R
1058790,31264572122213,11,7,5,13839,2310,11533,R B D' R2 D' B D B R2 B2 R
1059063,31264573132313,11,6,6,15340,2559,12786,R B R B' D2 B R' D' B2 D2 R'
1059115,31264573222223,11,8,4,10886,1818,9071,R B2 R D' B2 R B R2 D' B' D
1059544,31264752132122,11,8,4,11378,1901,9480,R B2 R D' R B' R' B2 R' B2 D2
1059661,31264752313121,11,6,6,21299,3552,17752,R B2 R B' D B' D' R2 D' B2 R2
1059966,31265471111111,11,6,6,22512,3754,18763,R B' D B2 D' B R' D R2 B2 D2
1060002,31265471122112,11,7,5,12466,2081,10389,R B D2 R D' B R2 B2 D' R D2
1060004,31265471122133,11,7,5,12432,2076,10360,R B2 D R' B D R2 B' R D' R'
1060140,31265471312213,11,6,6,15766,2630,13141,R B R2 D' B2 D B D2 B' R2 B
1060146,31265471313113,11,7,5,12556,2096,10464,R B R B' D2 B D' B2 R D' R
1060155,31265471321111,11,6,6,14335,2392,11948,R B R2 B D' B D B2 R' D R'
1060369,31265472233321,11,6,6,24252,4044,20213,R2 B R' D2 B' D R D' R D2 B2
1060385,31265472312233,11,6,6,15283,2550,12738,R B R2 D' B2 D R D2 R' D2 R
1060856,31265741233331,11,7,5,14092,2353,11743,R D R D' B D' R B2 R B R
1062518,31267542222233,11,7,5,13885,2318,11571,R B2 R D R' B R2 D' R D B'
1062578,31267542313133,11,6,6,23766,3965,19806,R B' R D2 R' B D2 R' B2 R B2
1064354,31275461112233,11,7,5,21953,3663,18294,R B' D R2 B2 D2 R B' D R' B
1064543,31275461322233,11,6,6,24776,4131,20650,R B' D B2 R2 D2 B D' B D' R
1064658,31275462133211,11,7,5,11249,1879,9374,R B R2 B R' D2 R D2 R' B D'
1064712,31275462223211,11,7,5,12479,2083,10400,R B R2 B D' R2 D R2 D' B D'
1064748,31275462311213,11,7,5,18875,3147,15732,R B D2 B D' B2 D B2 D' B D'
1064757,31275462312212,11,7,5,21344,3561,17787,R B D2 B R' D2 R B2 R' B D'
1064989,31275463311122,11,6,6,23103,3854,19254,R B2 D' B D R D2 R2 B' R B
1066120,31276452133322,11,8,4,10303,1721,8585,R B R2 B' R D2 B2 R D' B D2
1066227,31276452313313,11,7,5,25553,4262,21295,R B' D R' B R2 D R' B' D' B2
1071840,31452671323211,11,6,6,19599,3269,16335,R B R D' B2 D B' D R B2 D2
1071860,31452671332232,11,8,4,10470,1749,8724,R B D' B D R D' R2 B R D'
1072079,31452672322331,11,7,5,12026,2007,10023,R B D' B' D B2 D B2 R' B2 R
1074064,31456722111221,11,8,4,11861,1981,9883,R B D R B' D2 R2 D' B2 R' B
1076733,31462751111111,11,6,6,27665,4613,23057,R B D' R2 D B' R D B2 R2 D'
1076758,31462751113322,11,6,6,19697,3285,16417,R B D' B' D R2 D B R2 B2 D'
1082039,31475261322233,11,5,7,18729,3123,15612,R B2 R' D2 B2 R' B D B' D2 B
1082301,31475262331313,11,8,4,17177,2866,14314,R D2 R2 B2 D' B' R D' R2 D R'
1082317,31475262333221,11,7,5,18209,3037,15176,R B2 R2 D2 B' D' B D' R2 D R'
1085464,31524673332122,11,6,6,19070,3180,15895,R D' R' D' R B' D' B2 D' R' B
1089109,31527643332122,11,7,5,9856,1647,8213,R B R' B R B' R D' B2 D2 R
1095291,31564272212111,11,6,6,25330,4224,21111,R2 B D2 B2 R D' B' D B2 R B
1095306,31564272213311,11,7,5,14590,2435,12159,R B D R' D R2 D' B R' D R2
1095468,31564273113311,11,7,5,16249,2712,13541,R B D B' R B R2 B2 D' B' R
1097912,31572461122133,11,5,7,24581,4100,20487,R B R2 D2 B R2 B R D' B R2
1102991,31624751112233,11,8,4,12166,2031,10138,R B R2 D' R2 B D' B' D B' R2
1103637,31624753312211,11,6,6,14557,2430,12132,R B R D R D2 B R' B D2 R2
1105523,31627452221333,11,7,5,19266,3214,16056,R B' R' B R' D B2 D R' D B2
1112884,31654272313322,11,5,7,25763,4297,21472,R B' R B2 R D' R B' D2 B R2
1130896,31754621331122,11,6,6,19934,3325,16614,R2 B R2 B D2 R B D' B D' B'
1136224,31765242322121,11,9,3,11626,1942,9686,R B' D B' D2 R B' R D R2 D
1137240,32145671111111,11,6,6,61092,10184,50913,R2 B' R B' D' B D2 B D R D'
1137293,32145671123333,11,8,4,9535,1593,7945,R B2 R' B R2 D' R' D' B R' B'
1137307,32145671132222,11,7,5,14356,2395,11965,R B2 R' D B' R2 D2 R' B' D2 B'
1137348,32145671221112,11,7,5,13725,2291,11438,R B' R D2 B R2 B' R B' D2 B2
1137482,32145671333333,11,6,6,15963,2663,13305,R B2 D' B D R' B R' D2 R' D
1137509,32145672113333,11,8,4,11007,1838,9172,R B D2 B' D R2 B' D' B R2 B2
1137577,32145672212222,11,8,4,11689,1952,9740,R B D' R2 B2 D' R D B R2 D2
1137739,32145673112222,11,7,5,9459,1580,7883,R B R' B2 D2 R D' R' D B' R
1137888,32145673311113,11,7,5,15025,2508,12521,R B2 R D B' R D2 R' B2 D R2
1139578,32146751232323,11,6,6,20973,3498,17480,R B2 R D B2 D2 B' D R2 B' R'
1139818,32146752232223,11,6,6,26948,4495,22458,R D R2 B' R B2 R' B D' R' B'
1140583,32147562313223,11,6,6,15118,2523,12600,R B R D' R D2 R' B R' D B2
1140638,32147562333233,11,6,6,27333,4559,22779,R2 B R' B' D R D' R D2 R' B
1140938,32147651123333,11,8,4,13368,2232,11139,R B2 R D R D2 B D' R2 D' R
1140952,32147651132222,11,7,5,14520,2424,12100,R B R' B D' B2 R2 B R D B2
1140992,32147651213333,11,8,4,16508,2756,13755,R B' R D R' B D2 R2 B' R D2
1141060,32147651312222,11,6,6,14170,2364,11811,R B D R' D2 B2 D' R' B R2 D'
1141154,32147652113333,11,7,5,14208,2371,11841,R B R B' D2 R2 D B D B' D2
1141271,32147652231332,11,8,4,12834,2143,10694,R B R D' B2 R2 B R D B' D2
1141284,32147652233213,11,6,6,36563,6096,30472,R D B2 R2 D2 B R B' D R' D'
1141351,32147652331322,11,7,5,19564,3265,16303,R B2 R2 B' R' B R' D B' R B2
1141356,32147652332213,11,6,6,27290,4550,22745,R D R2 B2 D2 R D B' D B' D'
1141384,32147653112222,11,8,4,11679,1950,9732,R B D B2 D2 R' B D' R D B2
1143072,32156471111111,11,6,6,44445,7409,37041,R B D' B D' B D2 B2 D R' B'
1143093,32156471113211,11,7,5,14455,2413,12046,R B R' B D2 B' R B R2 D2 B2
1143224,32156471232332,11,7,5,9672,1616,8060,R B R' D' R D2 R B' R D2 R'
1143494,32156472312332,11,6,6,12605,2104,10506,R B D' R B' D' R2 B2 D' R B'
1143542,32156472332132,11,6,6,13867,2314,11558,R B D B' R B' R D2 R' D2 B
1143547,32156472332321,11,6,6,15290,2550,12745,R B2 R' D B2 D' R D2 B' D' R2
1143557,32156472333332,11,7,5,17502,2920,14586,R B2 R2 D2 R' D B D2 B2 R2 B'
1143685,32156473223123,11,8,4,8971,1500,7474,R B R B' R B2 R' D2 B R' D
1143817,32156741112323,11,5,7,48128,8025,40109,R2 B R' B D R2 B' D R B2 R'
1144207,32156742311123,11,5,7,25307,4220,21093,R B R D B2 R' B R' D' B2 D2
1144228,32156742313223,11,6,6,18365,3063,15307,R B2 D' B D' R D2 R D R' D2
1144280,32156742333131,11,7,5,13591,2270,11325,R B R B2 R B R' D B2 R D2
1145410,32157641232323,11,7,5,17518,2923,14599,R B2 R B' D2 R D B D2 R' D2
1145644,32157642231323,11,5,7,24896,4152,20750,R B D2 B R B' D2 R B D B'
1145988,32164571111111,11,6,6,47471,7914,39562,R B' R D2 R' D2 B D' B' R' B
1145993,32164571111231,11,7,5,13261,2214,11051,R B D B' D2 R D2 R' B R' B
1146139,32164571232323,11,7,5,13510,2256,11258,R B R2 D' B R' B R B D' R2
1146379,32164572232223,11,7,5,15861,2646,13219,R B' R B' D R D' B D B' D'
1146381,32164572232313,11,6,6,26738,4459,22284,R B' R D' R B2 D' R' B D2 B'
1146391,32164572233321,11,6,6,27319,4556,22768,R B' D2 R B D2 B R2 B D' B2
1146409,32164572312323,11,6,6,13069,2182,10892,R B' R2 D B R2 B R2 B D' R2
1146684,32164573323212,11,7,5,12010,2006,10008,R B2 R B' D B2 D2 R B R2 B'
1148175,32165741111111,11,6,6,23226,3872,19359,R D B' D B' D B2 D2 B R' B'
1148177,32165741111132,11,7,5,11142,1859,9287,R B D2 B D' B' D R' D' R2 D
1148332,32165741233223,11,7,5,11691,1952,9743,R B2 R B2 D2 R' B D' B2 R2 D2
1148499,32165742211112,11,7,5,13971,2331,11644,R B' D2 R D' B' R D B' R D2
1148634,32165742331112,11,6,6,17961,2998,14968,R B R2 B R' D R' B' R' B R2
1148825,32165743311131,11,7,5,14698,2455,12247,R B R B2 D2 R2 B R' B2 R B'
1148904,32167451111111,11,6,6,40121,6690,33436,R B' R B R' D2 R' D' R' B D2
1149011,32167451213333,11,8,4,13511,2255,11259,R B2 D' R' B D' R B2 D' B D'
1149025,32167451222222,11,7,5,10670,1781,8893,R B D' B2 R D B2 D B2 D2 R
1149079,32167451312222,11,6,6,12316,2056,10265,R B R' D2 R' B2 R D2 R D B2
1149138,32167451333111,11,7,5,15385,2568,12821,R B D B2 R' B2 R B2 R2 D' B
1149229,32167452211121,11,7,5,14806,2471,12339,R B D2 R2 D R2 D' B D R2 B'
1149513,32167453222313,11,7,5,12470,2083,10391,R B R D B2 R B2 R B' R2 D2
1149578,32167453313333,11,7,5,13562,2263,11303,R B D2 B' D' B2 R B' R' B2 D2
1149584,32167453321232,11,7,5,13774,2300,11478,R B D2 B R' B D2 R' B R B'
1150378,32174561112323,11,5,7,39906,6653,33259,R B2 R' D' B R2 D' B' R B' R2
1150506,32174561232113,11,6,6,28303,4720,23588,R D R' D2 B R' B' R' D2 R2 B
1150511,32174561232233,11,5,7,29739,4958,24787,R B' R' D2 R' D' R2 D B D2 R'
1150743,32174562231212,11,6,6,19461,3248,16218,R B R' D2 R' B D R B2 R2 B
1151513,32174652312332,11,6,6,12671,2114,10562,R B R2 B2 D' R D' R2 D' B2 D'
1151561,32174652332132,11,8,4,8793,1469,7327,R B D B' R B' R D2 R' D2 B'
1151820,32175461111111,11,6,6,23430,3908,19527,R B' R B2 R' D B' D R2 B2 D2
1151838,32175461113112,11,7,5,11941,1994,9951,R B D2 B R' B R B2 D' B R'
1151928,32175461221112,11,8,4,11527,1925,9605,R B R2 D R' D R2 D2 B' R D2
1152054,32175461333111,11,7,5,15208,2539,12673,R B D R' B2 R D' B2 R B' R
1152216,32175462233111,11,6,6,31957,5330,26632,R B D2 R' B2 R B R2 B' D2 B
1152241,32175462312323,11,6,6,28804,4805,24004,R2 B R2 B' R D R2 D2 R B R'
1157440,32416753121222,11,7,5,20915,3488,17431,R D R2 B' D' B2 D' B D R2 D
1157920,32417562113321,11,4,8,30122,5021,25108,R B' R D' B' D B2 D R D' B
1158689,32417652132131,11,8,4,11565,1930,9638,R B2 R' D B2 D B2 D2 R' D B'
1158931,32417653132121,11,6,6,16152,2696,13461,R B R B2 D2 B' R' B2 R' B2 R
1160299,32451762331121,11,7,5,12377,2067,10314,R B R' B' D B2 D R2 B' R2 B
1161152,32456173212332,11,7,5,11541,1927,9618,R B D B D2 R B' D2 R2 B' D
1161452,32456711233133,11,8,4,23520,3924,19599,R2 D B2 R2 D' B' R B' R B2 R
1165195,32465172112121,11,7,5,16035,2677,13362,R B2 R2 D2 R' B R D2 R2 B2 R'
1165250,32465172132131,11,8,4,9415,1574,7844,R B R B' R D' B R2 B' D2 R
1165258,32465172133121,11,8,4,12875,2149,10729,R B R' D B' D' R2 B2 D' B R'
1165417,32465172332321,11,7,5,16133,2691,13446,R B2 R' D R2 D' R D2 B' D' B2
1165474,32465173123121,11,7,5,10269,1715,8558,R B2 R D' R2 D' B2 R B2 R' D
1165492,32465173132121,11,6,6,18297,3053,15249,R B2 R2 D2 B R' B' D R' B R2
1165500,32465173133111,11,7,5,13632,2276,11360,R B2 D2 R2 B' D R' D R2 B' R
1165585,32465173233221,11,7,5,17157,2862,14299,R D R D' R D' B' R2 D2 B' R
1169467,32475161232323,11,7,5,16204,2705,13503,R B R2 D2 B R2 B R D' B R
1170022,32475163331222,11,8,4,13369,2233,11139,R B R' B2 D2 B R' B2 R' B2 R2
1172138,32476513232231,11,8,4,13658,2280,11381,R B' R D' B R2 B2 D2 B' R D
1175694,32517463131311,11,7,5,18576,3098,15482,R D2 R D R' D B' D2 B' D R'
1179489,32546713323212,11,7,5,13907,2321,11590,R B D B D' R2 B2 R' B2 D' B
1180278,32547611121113,11,7,5,14641,2442,12203,R B D2 B2 D B' D B2 D2 B R'
1180305,32547611131112,11,6,6,21379,3568,17816,R B R2 B2 R D' R B2 R2 B R'
1180350,32547611213111,11,6,6,15317,2556,12766,R B R' B' D2 B' R2 B R' D' R
1180422,32547611312111,11,6,6,19991,3335,16661,R B D' R' D2 R' B2 R B' D' R
1180500,32547612111311,11,7,5,14719,2457,12266,R B R' D' B R2 B' R B D B2
1180740,32547613111211,11,7,5,15241,2544,12701,R B R D' B2 D R2 D R B' R'
1181000,32561471113133,11,6,6,21786,3635,18156,R B' R B' D2 R D R2 B' R B'
1181013,32561471121311,11,6,6,20617,3439,17183,R B D2 B' R B R D' B R' D2
1181019,32561471122211,11,6,6,16809,2805,14009,R B2 R' B2 R D' R' B D2 R D2
1181037,32561471131211,11,6,6,21297,3552,17750,R B2 R2 B R D' B' D B' D' R
1181063,32561471211131,11,6,6,26279,4383,21901,R D2 R2 B' R' B R' D2 R B' D2
1181143,32561471311121,11,6,6,23102,3855,19252,R B2 R2 B R' B D R' B D R
1181301,32561472133313,11,6,6,19198,3203,16000,R B R' D2 B2 R' B D R B2 D2
1181323,32561472213122,11,8,4,12642,2112,10533,R B R2 B' D R2 B' D' R B2 R2
1181587,32561473222223,11,7,5,10368,1731,8641,R B R B' D2 B R' D' B2 D2 R2
1181676,32561473323212,11,7,5,13676,2283,11397,R B R2 B' D B' D2 R2 B' R' B2
1184908,32567412122222,11,7,5,14298,2388,11914,R B R2 D' R B R B2 R2 D' R
1184928,32567412131312,11,7,5,24557,4096,20465,R B' D R' B2 D2 R D R' D B2
1184988,32567412222212,11,6,6,32469,5416,27058,R D' R2 D' R B R B2 R2 B R
1185168,32567413131212,11,7,5,16246,2711,13539,R B R2 B2 R' D' B2 R D2 R' D2
1185191,32567413133333,11,7,5,12623,2107,10520,R B' D B' D2 R2 B D B' R B2
1188697,32576142313223,11,7,5,13456,2245,11215,R B2 R' D R2 D' R D2 B' D' B
1191898,32615473332122,11,7,5,12837,2142,10699,R D R2 B' D2 B' D R' B2 D2 B
1197334,32647152133121,11,8,4,13370,2232,11141,R D2 R' D2 R' B D' B2 R2 B' R
1197568,32647153132121,11,6,6,15485,2583,12907,R B R' D2 B2 D B2 D B2 R D
1198229,32647512333233,11,7,5,20421,3407,17018,R2 B2 R' D' B' R D2 R B2 R' B2
1201908,32657143121213,11,4,8,21594,3601,18000,R B R B' D B' D R' D B2 R
1202367,32657412111212,11,7,5,17232,2877,14359,R B R D2 R B D B2 R' B R
1203387,32671453123313,11,5,7,20545,3425,17126,R B2 R2 D2 B' R2 B' D' B D' B'
1204577,32674152113333,11,7,5,21779,3632,18151,R D2 R2 D B2 D2 R2 D' B2 D2 R
1208423,32714652332132,11,8,4,9212,1540,7675,R B R D2 R' D R2 B' R2 B D'
1210431,32716452123212,11,5,7,27420,4571,22855,R B' R D' B' D B2 D R D' B2
1212360,32741651121311,11,6,6,22720,3790,18935,R D2 R' B R D B' R D' R2 B
1212384,32741651131211,11,6,6,19792,3302,16495,R B2 R' D R B R' D R' D2 B
1212410,32741651211131,11,7,5,14675,2449,12230,R B R' D' B D2 R' D2 R' B R'
1212490,32741651311121,11,7,5,13232,2208,11028,R B D' R2 D' B2 R B' D' B R'
1212570,32741652111113,11,7,5,16731,2792,13943,R B2 D B' R D' R2 D R' B' R
1212813,32741653111112,11,7,5,16791,2801,13994,R B2 R2 D2 B D' B R' D2 R D'
1213919,32745611223332,11,7,5,11946,1994,9956,R B R2 D B2 R' D' R' B2 R' D'
1214215,32745612313322,11,5,7,18804,3135,15675,R B R2 D B2 R' D' B' D2 B' R'
1214234,32745612322331,11,7,5,11915,1989,9930,R B R B2 R D B' D2 B' R' D2
1217381,32751643321232,11,6,6,20045,3343,16707,R B D B' R2 D2 B R' D' R D2
1217998,32754163211123,11,6,6,14044,2344,11705,R B R2 D B' R2 B' R' B R2 D'
1219042,32756141233121,11,8,4,10498,1753,8748,R B2 R2 B D2 B R2 D' B D2 B2
1220622,32761452121313,11,5,7,25417,4238,21185,R B R' B2 D R2 D' B D' R2 D'
1220629,32761452122222,11,6,6,21346,3561,17790,R B2 R' B2 D B R2 B2 R' B' D2
1220709,32761452222212,11,7,5,14945,2493,12456,R B D2 R' D' R2 D B D2 B D'
1220865,32761453121312,11,7,5,25680,4283,21401,R D' B2 R B D2 B' R' B2 R' B'
1220912,32761453133333,11,6,6,19641,3277,16369,R B D2 B2 D R D R' B2 R' B
1224004,32765411112221,11,6,6,18774,3132,15647,R B2 R' B R' B2 D2 B D' B R2
1224018,32765411121113,11,7,5,12733,2126,10611,R B R2 B' R D R2 D2 B D' R2
1224045,32765411131112,11,6,6,23977,3998,19984,R B R D2 B2 D B D' B2 D' R2
1224063,32765411133113,11,7,5,12076,2018,10062,R B2 R' B R D' R2 B2 R B2 R
1224207,32765411331113,11,6,6,16063,2681,13387,R B2 R' D R D' R2 B2 R D2 R
1224348,32765412221312,11,7,5,19256,3212,16048,R B D' B' R B' D' B R2 D' R2
1224445,32765412323222,11,7,5,20844,3476,17372,R B D2 B2 D' B' R2 D R D2 B'
1224516,32765413122212,11,6,6,18872,3148,15729,R B R' D' B R' D' R B2 D' R2
1224609,32765413223312,11,6,6,10027,1674,8358,R B2 R D R2 D2 B D' R D2 R'
1224616,32765413231223,11,7,5,15136,2526,12614,R B2 D' R' B D2 B D B2 R2 B
1224681,32765413322312,11,7,5,10471,1750,8725,R B2 R B D2 B2 R B' R B2 R'
1225020,34125672131213,11,6,6,23300,3886,19419,R B R2 B D R2 D' R' D2 B D'
1225023,34125672131312,11,6,6,21367,3563,17809,R B2 R' B2 D B D2 B2 D' R' D2
1225075,34125672221222,11,7,5,17110,2854,14260,R B R2 D2 R' D' B' D B2 R' D
1225286,34125673133333,11,7,5,15595,2602,12997,R B2 R' D2 B D R2 D2 R' D' R2
1228392,34127651121113,11,7,5,16138,2693,13449,R B R2 B' R D' B R2 D2 B2 D
1228419,34127651131112,11,7,5,17089,2853,14240,R B R B' R D' R2 B2 D R' B
1228464,34127651213111,11,7,5,16240,2710,13534,R B R' B' D2 B' R2 B R' D' R'
1228536,34127651312111,11,7,5,14722,2457,12269,R B D' R' D2 R' B2 R B' D' R'
1228614,34127652111311,11,6,6,13313,2221,11097,R B R2 D2 R' D2 R' B D2 B' D'
1228854,34127653111211,11,7,5,12815,2140,10679,R B R D' B2 D R2 D R B' R
1234506,34162752132212,11,5,7,32080,5349,26737,R2 B D R' B D' R D' R D2 B
1234938,34165271112212,11,7,5,14670,2448,12226,R B' D2 B' R B2 D2 R D' B2 R
1234959,34165271121311,11,6,6,18707,3119,15593,R B2 D' R' D2 B D B2 D2 B' R'
1234983,34165271131211,11,7,5,24683,4117,20570,R B2 R B' D R D2 B2 D B D2
1235009,34165271211131,11,6,6,21169,3530,17644,R D B' D B R D' R2 D R' D2
1235089,34165271311121,11,7,5,19093,3186,15911,R B R' D R D B' R2 B R' D2
1235090,34165271311133,11,7,5,11383,1901,9486,R B2 R B2 R2 D' B D R' D2 R
1235384,34165272323333,11,6,6,11116,1856,9265,R B R2 D2 R D2 R' B D B2 R'
1235490,34165273133312,11,6,6,22346,3727,18624,R D B' R2 B' R' B2 R D' R2 D2
1235536,34165273222322,11,8,4,9070,1516,7557,R B R2 B R2 D2 B R' B' D B2
1235576,34165273311131,11,6,6,18580,3100,15485,R B R D2 B' D' R B' D R2 B
1236733,34167252213323,11,5,7,21399,3570,17835,R B R' D' R B D2 R2 B2 D R
1238156,34172562132332,11,8,4,10355,1729,8629,R B2 R D' B D' B' R2 B' R2 D2
1238273,34172562313331,11,7,5,12569,2099,10474,R B2 R B' R B' D' R2 D' R2 B2
1239980,34175263321232,11,7,5,13826,2308,11522,R B2 R' B D2 R' B D B D' R2
1244017,34216572213122,11,7,5,20273,3381,16896,R D2 R2 D R2 D2 B2 D' R2 D2 B
1251272,34261572132131,11,7,5,10212,1706,8510,R B R B' R D' B R2 B' D2 R'
1251280,34261572133121,11,7,5,12132,2025,10111,R B R' B' R2 D2 B' D B R' D
1251496,34261573123121,11,7,5,8828,1475,7357,R B D' R' B D' R B2 D' R' B2
1253486,34265712212132,11,7,5,16666,2782,13888,R D R2 D2 R' D R2 B' R2 B R
1256970,34275161312213,11,5,7,26157,4363,21800,R B R B2 R D' B' R B' R2 B'
1257055,34275162112322,11,6,6,20092,3352,16745,R B D2 B' R B2 D2 R B' R D2
1257142,34275162213221,11,7,5,13988,2335,11657,R B' R B' R2 B' R' D' R D2 B
1261170,34516271111111,11,6,6,27512,4587,22930,R B D B' D2 B' D' R' B R2 D'
1261592,34516272312332,11,7,5,17399,2904,14499,R D2 R' B2 R' B D' R2 B2 R' B
1262326,34516722313223,11,7,5,21516,3589,17931,R D2 R D B2 D' B' D2 R B R
1263742,34517622231323,11,7,5,17855,2979,14880,R B2 D2 R D2 R B' R' B' D2 B'
1264460,34521672223232,11,7,5,15393,2569,12828,R B2 D R' B D' R2 D B' R' B
1266909,34526713232312,11,7,5,11533,1927,9610,R B R2 D' R' B' R B2 R B D
1268062,34527612211322,11,7,5,25127,4192,20939,R B2 R2 B' D R' B R' D B R2
1268110,34527612231122,11,7,5,19967,3331,16640,R B D2 B2 D' R B2 D R2 D2 R'
1268117,34527612231332,11,7,5,17275,2881,14398,R B' D R2 D2 B' D B' R' D B2
1268197,34527612331322,11,7,5,17210,2872,14342,R B2 R2 B D R' D R' D R' D2
1268390,34527613312133,11,6,6,19974,3331,16648,R B2 R2 B' D2 R' D B2 D2 B' R'
1268740,34561272122123,11,8,4,10563,1764,8802,R B D R' B2 D2 B D B R' D2
1268746,34561272122321,11,6,6,24652,4112,20545,R B2 R2 B' D' B R' D R' B R2
1268796,34561272212213,11,7,5,21797,3635,18166,R D B2 R2 D2 B R D' B R' D'
1268803,34561272213122,11,8,4,14004,2338,11669,R B D B' D2 R2 D R B R' D2
1268850,34561272232211,11,7,5,24776,4132,20648,R D R2 B2 D2 R D R' D B' D'
1269059,34561273221233,11,8,4,11292,1886,9409,R B R' D R' D2 B2 D R D R2
1269101,34561273233131,11,7,5,16712,2789,13927,R B R' B' D B R2 B2 D2 B R'
1269113,34561273311233,11,7,5,14755,2462,12297,R B D B' R2 D2 R' D' R B2 D'
1269133,34561273313321,11,6,6,26775,4465,22315,R B' R' D2 B' R D' B2 R2 B' R
1269137,34561273321133,11,7,5,15829,2643,13190,R B2 R2 B D2 R' B R2 B2 R' B'
1269139,34561273321223,11,7,5,12900,2154,10750,R B D R2 D2 B' R B' R D R2
1269189,34561721111111,11,6,6,23417,3905,19517,R B2 R' D' R' D B2 R D' R D'
1270107,34562171321111,11,7,5,12630,2109,10525,R B2 R B R' B2 D2 R D2 R' D'
1270112,34562171321231,11,6,6,12498,2087,10416,R B R B' D2 R D2 R' B R' B'
1270311,34562172232313,11,8,4,15218,2540,12681,R D R2 B' R D2 R' B D' B' R'
1272479,34567212223232,11,7,5,20875,3482,17397,R D R2 D' B R B2 D' R' D B
1280370,34617252111212,11,5,7,23744,3961,19789,R B R D2 R B D B2 R' B R'
1280415,34617252123212,11,6,6,18327,3058,15274,R B R B R2 D2 R' D' R2 B' D2
1280433,34617252132212,11,5,7,22611,3771,18846,R B2 R' B' R B' D B2 D B' R
1281212,34617522221333,11,8,4,11749,1963,9789,R B2 R' D B' R' B R' B2 R B2
1281890,34621572132131,11,7,5,9695,1619,8080,R B D R2 D' R D2 B' R2 B D'
1283286,34625172111212,11,6,6,22191,3702,18494,R B' R B2 R D' R B' D2 B R'
1285620,34627512232313,11,7,5,14357,2397,11964,R B D B2 R D2 R B' R B2 D2
1286001,34651271123111,11,7,5,16161,2697,13468,R B2 D' R B D R2 D R' B' D'
1286426,34651272332132,11,7,5,14208,2371,11841,R B2 R' D R2 D B2 D2 R' D R'
1294336,34675212222122,11,5,7,24526,4089,20443,R B' D R' B2 D B' D B D2 B
1296514,34715262221123,11,7,5,18429,3075,15358,R B' D' R B' D R2 D R' D R2
1298721,34716522223211,11,5,7,30219,5038,25187,R B2 D' R2 B D' B R' D B' D
1300083,34721652121313,11,6,6,31057,5178,25884,R D B2 D2 B' D' B2 R B2 R' B2
1300107,34721652131213,11,7,5,17891,2985,14910,R B' R B R' D' B D B' D R2
1300162,34721652221222,11,7,5,20719,3456,17267,R D B2 D2 B' D' R2 B R2 B' R2
1300170,34721652222212,11,6,6,32072,5348,26729,R B' D R D' R' D R B' D B2
1300533,34721653333313,11,6,6,25953,4329,21629,R B' R2 B' D B D R2 D2 R B
1301358,34725611212211,11,7,5,15589,2601,12992,R B2 D2 B D2 B R' D R2 D' R
1301508,34725612111113,11,8,4,10816,1806,9013,R B R2 D' R' D R' D2 B D B
1301542,34725612121322,11,6,6,35688,5950,29743,R B2 D' R D R' D B' D2 B' R
1301646,34725612231212,11,6,6,21506,3587,17924,R B2 D2 B R D2 R D R2 D' B
1301651,34725612231332,11,7,5,13677,2281,11400,R B D2 B' R D2 B' D' B D2 B2
1301711,34725612322232,11,6,6,22499,3754,18750,R B2 R2 B R' D R B' R D B
1301731,34725612331322,11,7,5,14839,2476,12367,R B2 R' D B2 R' D' R' D R' B'
1301751,34725613111112,11,7,5,17787,2967,14824,R B2 R2 D2 B' D R' D R2 D' B
1301753,34725613111133,11,7,5,13081,2183,10902,R B R2 B' D B2 D' B R D2 B2
1301818,34725613132223,11,7,5,12274,2050,10228,R B2 R2 D R D2 R B' D' R2 B
1301913,34725613311113,11,7,5,12179,2033,10150,R B D R B2 D2 R2 D B2 D' B
1308280,34761252323222,11,6,6,17339,2894,14450,R B R B' D2 B R2 B D R' B
1314534,35126741232212,11,8,4,13973,2332,11644,R B2 D2 B' R B' R2 D' B D' R2
1314770,35126742231233,11,7,5,21281,3549,17736,R B2 D2 B' D B' R2 D' R D' R2
1315583,35127462331331,11,8,4,12022,2007,10018,R B' R D' B2 R D' B D R2 D
1321232,35162472122231,11,6,6,15081,2516,12570,R B R' D2 R' B D2 B2 D' B2 R
1321241,35162472123233,11,7,5,16452,2745,13711,R B' R2 D R' D' R B D' B D2
1321474,35162473122221,11,6,6,16008,2670,13343,R B D B2 R2 B' D' B' D R2 D2
1321643,35162473323131,11,6,6,12401,2070,10336,R B R' D B2 R' B' R D' R2 B'
1321660,35162473332122,11,8,4,14449,2413,12039,R B' R B2 R D R D' R D2 R'
1321661,35162473332131,11,6,6,12846,2144,10707,R B D2 R' D' R D R2 B2 D2 R'
1322026,35162742213323,11,5,7,19692,3285,16413,R B R' B D R2 B2 D' R2 D B
1324173,35167242132212,11,5,7,26445,4410,22041,R B R2 B R D' B2 D' R' B2 D2
1325473,35172461232323,11,6,6,17917,2988,14934,R B R2 D' B' D2 B' R' B2 D B
1327124,35174262213131,11,8,4,15909,2655,13257,R B' D B2 D' R D2 B' R2 B R2
1327158,35174262231113,11,7,5,22537,3760,18781,R B2 R D B' R B2 D' R D R'
1335528,35246171111111,11,6,6,36023,6008,30020,R B R B2 R D' B' R B' R2 B2
1335553,35246171113322,11,8,4,14454,2413,12044,R B R' B D2 B2 D B R2 B D'
1335876,35246172213311,11,6,6,19699,3285,16419,R B2 R' D B2 D' R D2 B' D' R
1341491,35267141223233,11,7,5,11597,1936,9665,R B D B' R' B' D R D' R D2
1341551,35267141321132,11,7,5,23603,3937,19670,R' B D R' B2 R D' B R D2 B2
1343021,35271461322233,11,7,5,14144,2360,11788,R B R2 D2 B2 D' B' R' B R2 D'
1349397,35416721113112,11,7,5,11580,1933,9651,R B2 R D B' R2 D2 B R2 B' D'
1350012,35416723232213,11,6,6,18083,3015,15073,R D R' D' B' D' R2 B D' B2 D
1351208,35417622223133,11,6,6,23459,3914,19550,R D R2 D' R B' R B2 R' B2 R
1354052,35426712131132,11,6,6,17507,2921,14591,R B2 R2 D B' R D' R2 D R2 B2
1354164,35426712311312,11,7,5,13383,2235,11152,R B R2 B D2 B D' R' B R2 B
1354245,35426713111313,11,6,6,16470,2749,13726,R B2 R B2 R2 D B' R B2 R D2
1354293,35426713131113,11,7,5,13055,2180,10879,R B R B2 D' R B R' B D' B'
1354413,35426713312211,11,7,5,15788,2635,13157,R B2 D' R D' R D2 R B R' D2
1355945,35461271111231,11,7,5,16164,2697,13471,R B' D2 B R' D R2 B' D2 B R2
1356134,35461271321231,11,6,6,15990,2668,13327,R B R2 D2 B R2 B R' D' R2 D'
1356307,35461272222323,11,7,5,11504,1922,9586,R B R2 B R B' R2 D B D R'
1357458,35462171131313,11,7,5,13450,2244,11210,R B R D2 B2 D' B' R2 B' D2 B2
1357489,35462171212121,11,6,6,16515,2756,13764,R B D B2 R' B2 D B R2 B R'
1357510,35462171221223,11,7,5,10500,1753,8751,R B R D B D' B' D B2 R' B
1357631,35462171332331,11,7,5,16361,2731,13634,R B2 R' B R' B' R B D2 B D2
1357746,35462172213311,11,6,6,19175,3199,15981,R B2 D' R B' D R2 D R B' D2
1357775,35462172223331,11,6,6,20279,3383,16901,R B D R B2 D' R B' D' R2 D2
1357814,35462172312131,11,6,6,16683,2784,13904,R B R' B2 D' B R D R2 D2 R
1357932,35462173123211,11,6,6,16875,2816,14064,R B D2 B R2 B R' D' R D2 R
1357944,35462173131311,11,6,6,20085,3351,16739,R B2 R D2 R2 B D' B R2 B D2
1357996,35462173221221,11,8,4,13951,2329,11625,R B' R' D' B2 R B R B' D' B
1358575,35462712322322,11,6,6,18555,3096,15464,R B2 R2 B R2 B' D2 R B' D2 B2
1362381,35472163222313,11,8,4,10408,1739,8672,R B D2 R' B D R2 D R' B' D
1362400,35472163231322,11,7,5,13959,2330,11633,R B2 R' B D2 R' B D B D' R'
1363581,35476122221111,11,7,5,11687,1952,9739,R B R' D B2 R' B R' B2 D2 R
1367312,35614722321233,11,7,5,16852,2812,14044,R B2 D2 R D2 R B' R' B' D2 B2
1368881,35617423131332,11,5,7,19043,3175,15874,R B2 R2 D2 B' R' B D' B2 D B'
1371524,35624712121232,11,7,5,21488,3585,17907,R B R2 B D2 R' D B D2 B R2
1371684,35624712321212,11,7,5,19752,3294,16462,R B' D R2 D2 B' D B' R' D B
1371689,35624712321332,11,6,6,19149,3196,15958,R B R' B R2 D R' B2 R' B R'
1371713,35624712331232,11,7,5,16366,2731,13639,R B R' D B' R2 D B' R B D2
1384864,35714623111322,11,7,5,12902,2153,10753,R B D' B2 R2 B' R' D B' D R'
1387641,35721642221213,11,5,7,37065,6180,30891,R2 B D' R B' D' R D2 R D R'
1397124,35762142222113,11,8,4,14363,2396,11970,R B2 D2 B' D R' D2 B' R D' B2
1401146,36125471111333,11,7,5,10534,1758,8780,R B D' B D' B2 D' B D R B2
1401228,36125471212112,11,7,5,17066,2849,14221,R2 B R B2 R B' D B2 D R2 B
1401237,36125471213111,11,7,5,15612,2606,13010,R B R2 B2 R' D R2 B' D' B2 R
1401255,36125471222111,11,7,5,20156,3363,16797,R2 B R2 D B2 D B' R D2 R B
1401309,36125471312111,11,7,5,14742,2459,12287,R B D2 B2 D' B R2 D' B' D2 R
1401387,36125472111311,11,6,6,18279,3050,15234,R B R2 B2 R' D' B2 R B D2 R'
1401412,36125472121223,11,7,5,10952,1829,9127,R B R' B' R D' R' B R2 D' B2
1401627,36125473111211,11,6,6,18195,3034,15166,R B D2 B2 D' B' D2 R D B2 R'
1401772,36125473232222,11,6,6,18046,3011,15040,R B2 D' B' R D2 R B R2 D2 R
1401836,36125473323233,11,7,5,14037,2343,11698,R B2 R' D B' R2 D2 R D' R B2
1402478,36125743222331,11,8,4,16023,2673,13353,R2 D B' D' B' R D2 B' R B2 R'
1402834,36127451333222,11,6,6,11731,1958,9778,R B R B D' B2 R' D B D B
1405795,36145272122222,11,7,5,21107,3522,17589,R B' R B' D2 R2 B D R' D R2
1405812,36145272131213,11,8,4,20118,3358,16763,R D' R2 D' B R B R2 B2 R B
1405815,36145272131312,11,5,7,29559,4929,24636,R B D2 R' D B R B2 R2 D' B
1406238,36145273333313,11,7,5,16759,2796,13967,R B' R' D R2 D2 R D' B' D R2
1407003,36147251121311,11,7,5,18322,3056,15270,R B2 R2 D2 B R' D B' D2 B D
1407027,36147251131211,11,7,5,17285,2885,14404,R B2 D2 R' B R B2 R2 D B D
1407053,36147251211131,11,7,5,15351,2561,12794,R B' D R D2 B' D R' D R2 D'
1407133,36147251311121,11,7,5,14569,2431,12142,R B R2 B' D B2 D R2 D2 B' D
1407213,36147252111113,11,7,5,18619,3107,15516,R D R2 D' R B R2 D' R' D R
1407456,36147253111112,11,7,5,16978,2834,14148,R B D2 B' R B R2 D' R' B R
1409298,36152741231312,11,7,5,17278,2881,14401,R B' D' R D2 B' R D' B' D2 B'
1409461,36152742131321,11,7,5,16119,2690,13433,R B2 R2 B D2 B' R2 D R' D2 R2
1413119,36172452133133,11,8,4,21022,3508,17517,R D R2 D2 R' D B2 R' B2 R B
1420397,36217452131333,11,5,7,19837,3309,16534,R B' R B' D2 R D' B R D2 R
1420953,36217541223311,11,7,5,10071,1683,8392,R B R2 B' D B R2 B2 R B D'
1421406,36217543213112,11,7,5,11945,1995,9954,R B D' R2 B' D R B' D R2 B2
1422134,36241573212332,11,8,4,10533,1759,8777,R B R2 B2 D B' D' B R2 D B
1422861,36241753212311,11,7,5,12958,2164,10798,R B' R2 B' R D2 R D2 B R B2
1436421,36415272123212,11,6,6,20244,3378,16871,R B D R2 D B D R2 B' R B
1438611,36417522123311,11,7,5,15855,2646,13213,R B R' B2 D' R B D' B2 R2 D2
1453959,36514272212111,11,7,5,21509,3588,17925,R2 B R D' R D B2 D2 R' D' R
1456810,36521472113321,11,5,7,28494,4751,23749,R B D2 R B2 D' B' R' D2 R' B'
1457002,36521472331121,11,7,5,11786,1968,9822,R B D R2 B' D' R2 D' B R B2
1460243,36527411131133,11,7,5,11340,1892,9452,R B R2 D2 B' D2 B D' B' R D2
1460430,36527412111113,11,8,4,11364,1897,9470,R B R2 D' R' D R' D2 B D B'
1460488,36527412131222,11,6,6,18695,3118,15582,R B' R' D R' B' R D2 B' D2 B
1460518,36527412211322,11,7,5,24218,4039,20183,R B2 D' B' R D' R B2 D' B R'
1460544,36527412221312,11,7,5,14756,2462,12298,R B D2 B' R' B2 D R' D' B2 R2
1460566,36527412231122,11,7,5,16770,2798,13976,R B R2 D' R2 D R D2 B' R2 D'
1460633,36527412322232,11,6,6,17332,2891,14446,R B D' B D R D' R2 D B' R2
1460673,36527413111112,11,7,5,19224,3208,16020,R B D2 B' R B R2 D' R' B R'
1460841,36527413311311,11,7,5,13373,2234,11143,R B R B D2 R B2 R B' D2 R2
1461370,36541272323222,11,6,6,13027,2175,10857,R B R B' D2 B R2 B D R' B'
1463380,36542712121322,11,5,7,26703,4453,22256,R B2 R D2 R2 D' B2 R B2 R2 D'
1464837,36547212121313,11,7,5,18484,3083,15405,R B' R D2 B' D2 B R' B D2 B'
1464844,36547212122222,11,5,7,30285,5051,25240,R D R2 D2 R D R B' R2 B' R
1464864,36547212131312,11,6,6,19311,3222,16094,R D R2 D2 R D B R' B2 R' B
1464916,36547212221222,11,7,5,16809,2806,14007,R B' R2 D2 R D R B' R2 D R
1465271,36547213331333,11,6,6,16351,2728,13628,R B2 R' B D' R2 D B2 R' D R'
1470663,36712542121112,11,5,7,30862,5146,25722,R B R' D2 B2 D B R D' R' B
1470664,36712542121121,11,8,4,14683,2451,12235,R B R2 B R B2 D B2 D2 B' D'
1470666,36712542121211,11,7,5,27045,4512,22537,R B' R B2 R2 D' R B' R' D R
1470672,36712542122111,11,6,6,15472,2582,12895,R B D' R B' R2 D R' D R D2
1471513,36714252232223,11,5,7,19019,3173,15852,R B R B2 D B2 D R' B R2 D2
1471995,36714521232113,11,6,6,28051,4676,23380,R D B' D2 R D' B' D' B2 D2 R
1472128,36714522121322,11,5,7,28629,4773,23862,R D B' D2 B' D R D R2 D2 R
1472133,36714522122213,11,5,7,31848,5310,26544,R B D' B2 D' B R D R2 D2 R
1472404,36714523132223,11,7,5,18479,3084,15399,R B2 R B' D2 R B D2 R' B' D
1472407,36714523132322,11,7,5,13951,2330,11625,R B2 R B D' R B R B2 D B2
1474100,36721451131331,11,7,5,10744,1793,8955,R B D' B D' B2 R2 D B D R'
1474315,36721452121322,11,6,6,21183,3533,17655,R B2 D' B R D' B R' D2 R' B
1474318,36721452122123,11,8,4,10329,1726,8606,R B R2 B' R B2 D' B' R D2 R2
1474320,36721452122213,11,6,6,29666,4948,24723,R B2 D2 B R B2 R D R2 D' R
1474324,36721452122321,11,7,5,14953,2495,12462,R B2 R' D R2 B' D' R' D B' R'
1474335,36721452131111,11,6,6,17195,2869,14331,R B2 R2 B D' B D B' R D R
1474412,36721452223232,11,7,5,17935,2993,14946,R B D2 R' D' R D' R2 B D R
1474542,36721453113113,11,6,6,18996,3169,15832,R B' R D' B2 R D R2 B' R D'
1474551,36721453121111,11,6,6,24968,4163,20810,R D2 R2 B' D' B R' D2 R D' B2
1477713,36725411121212,11,4,8,39404,6569,32842,R B R2 B D B2 D2 B' R' D R'
1477743,36725411131313,11,6,6,20090,3351,16744,R B R2 D B' R2 B' D B' D R2
1477774,36725411212121,11,7,5,13706,2288,11422,R B R2 B D R' D B' R' D2 R2
1477865,36725411313131,11,7,5,18657,3113,15548,R B R2 B2 R' D' R2 D' B' R B'
1477929,36725412111212,11,7,5,22349,3730,18623,R B2 R D R' B R' B R2 B2 R'
1477953,36725412121112,11,5,7,36158,6030,30134,R B R2 B R D' R B' R' D2 R2
1477956,36725412121211,11,6,6,22304,3721,18588,R B2 R B D' R B' D R2 D2 R'
1477958,36725412121232,11,5,7,34583,5768,28821,R B R2 B R B2 R2 B' D' R B'
1477974,36725412123212,11,5,7,32390,5402,26994,R B2 R D B' R B' R B2 R2 B'
1478118,36725412321212,11,5,7,38744,6460,32290,R B2 R B R' B R' D B2 D2 B'
1478175,36725413111313,11,7,5,16227,2708,13523,R B' R2 B' D' B R' B R' D2 R2
1478223,36725413131113,11,7,5,19163,3197,15970,R B D2 R B' D2 B' D R' D R2
1478229,36725413131311,11,7,5,19545,3259,16290,R B' D2 B' D' B D' B R' D2 R2
1478692,36741252122123,11,7,5,14104,2355,11753,R B' R B2 R2 D' R B' R' D R2
1478698,36741252122321,11,7,5,19730,3293,16441,R B2 R2 B R B' R D' R B' D2
1478699,36741252122333,11,6,6,22649,3778,18876,R B R2 B2 R' B R2 D B2 D2 B'
1478707,36741252123323,11,6,6,31238,5210,26033,R B2 R2 B' R D' B R' D R B2
1479053,36741253233131,11,8,4,14915,2490,12428,R B2 R2 B R' D B' D R' B D2
1482142,36745211211221,11,7,5,11782,1968,9818,R B R2 B D' B R2 D' R B R'
1482331,36745212121223,11,7,5,12596,2103,10497,R B R2 B' R' D2 B R' D' R2 B2
1482342,36745212122312,11,6,6,24035,4007,20033,R B' D' B D' B' D B2 R' D2 R
1482344,36745212122333,11,6,6,19642,3276,16371,R B R D' R2 B D' B2 D B2 D2
1482352,36745212123323,11,7,5,13739,2293,11450,R B2 D' R' D B' R B2 D' R B'
1482354,36745212131111,11,7,5,13591,2269,11326,R B R' B D B D' R2 D R' B2
1482431,36745212223232,11,6,6,21828,3641,18192,R B D2 R' D' R D' R2 B D R'
1482570,36745213121111,11,6,6,26014,4339,21680,R D R' B D R B' D2 B R' B2
1482599,36745213131131,11,6,6,14263,2381,11887,R B R B2 D' B' R B' R B2 D
1482615,36745213133111,11,7,5,14587,2436,12155,R B2 R D2 R2 B' R B R' D2 R
1482690,36745213232213,11,8,4,9352,1563,7792,R B R D' R D2 R' B2 D R' D
1483396,36751243222322,11,6,6,17302,2885,14422,R B D B2 D B' D' R' D2 B D
1484525,36752142122132,11,6,6,23405,3904,19506,R B2 R2 D R' B D' R2 D B2 R2
1484536,36752142123221,11,8,4,11745,1961,9787,R B D2 B D2 B D' B' R B2 R
1484798,36752143132232,11,7,5,12729,2125,10608,R B R B D B' D' B D2 R' B
1484806,36752143133222,11,7,5,11431,1908,9527,R B' R' B' R2 D B D R' D' B
1484813,36752143211132,11,8,4,12025,2008,10020,R B D' B D2 R' B' D R' B2 R2
1486336,36754123232222,11,7,5,22458,3746,18716,R B' D B2 D' B R' B D R' B2
1512689,37246511112233,11,7,5,12638,2108,10534,R D R' D' B D2 B D R2 D2 B'
1516757,37256142321233,11,5,7,25448,4244,21210,R B D' R B2 D' R B' R2 D2 B
1524820,37415622333221,11,7,5,17196,2869,14331,R D2 R' D B R D' R2 B D' R'
1530726,37426513132313,11,7,5,17715,2956,14763,R B R2 B' R2 B D' R2 D' B D2
1532814,37452162323312,11,7,5,13160,2197,10967,R B R D B' D2 R2 D' R2 B' R
1543776,37516422333311,11,7,5,13739,2293,11450,R B D R2 D2 R D' B R' D B
1552932,37561241311112,11,8,4,13164,2198,10969,R B2 D' R B' D' R D2 R B D'
1557671,37612453122233,11,7,5,11483,1917,9570,R B R' B2 D B' R' B' D R2 D'
1558224,37612542221111,11,7,5,15631,2609,13026,R B2 D2 R B2 R B' D' R' D2 R2
1558954,37614252221123,11,8,4,13366,2233,11136,R B2 R' D R' B' R B' R2 B R2
1559331,37614521111111,11,7,5,23369,3898,19475,R B' D R2 D' R2 B D' R' D' R
1559543,37614521323232,11,7,5,13756,2296,11464,R B D R' B2 D R2 D' R D' B
1559578,37614522111221,11,7,5,12966,2164,10806,R B2 R B' R D' B' D R2 D' B
1559599,37614522113321,11,7,5,21119,3522,17601,R B' R2 D2 B' D B' D2 R B' D2
1559761,37614522313322,11,7,5,18146,3028,15122,R B' D2 R2 B' R B' R2 D R' D2
1559787,37614522323312,11,7,5,16116,2690,13430,R B2 R B' D R' B' D R2 D' R
1559964,37614523232213,11,7,5,25266,4214,21056,R B' R D' B R D' B R B' D'
1560814,37615421113322,11,6,6,20419,3406,17018,R B2 R' D B' R B' D R' D2 R2
1561115,37615422211133,11,6,6,24709,4121,20593,R B2 R D' R B' D R' B' D2 B2
1561160,37615422223133,11,6,6,20542,3426,17121,R B2 R D' B D' R D' R' D2 R2
1561213,37615422313121,11,7,5,14761,2464,12301,R B R B' D2 R' B R' B D' B'
1561220,37615422313331,11,6,6,23812,3971,19846,R B D B' D2 R' D R' B D' R'
1561304,37615423121132,11,7,5,12721,2123,10602,R B2 R2 B' D B2 R' D2 R D2 B'
1563384,37624152311213,11,5,7,24741,4126,20621,R B2 D' B2 R D' R B' R B' D
1563854,37624511232233,11,7,5,18198,3036,15166,R B' R' B2 R' B' D2 B D B2 R'
1563982,37624512121322,11,5,7,26394,4401,21999,R D B' R2 B' R B D B2 D2 B
1564086,37624512231212,11,5,7,30570,5097,25479,R B R' B2 R' D B D B2 D2 B
1564252,37624513131323,11,7,5,14298,2386,11916,R B D R B2 D2 R2 D B2 D' B2
1564332,37624513231313,11,7,5,14492,2418,12078,R B R2 B' D B2 D' B R D2 B'
1566259,37641252222323,11,7,5,17096,2853,14247,R B2 D2 R B2 R B' D' R' D2 R'
1567698,37642152213311,11,6,6,24360,4064,20301,R D2 R B R2 B' R' D2 B R B
1568605,37642513122221,11,8,4,9029,1508,7524,R B2 R' B D' B D2 B2 R2 D' R'
1569226,37645122312221,11,7,5,10376,1734,8646,R B R D2 R2 D R' B R' D R
1570592,37651242211133,11,6,6,29600,4937,24668,R D R2 D' B R' B R2 B' R2 B
1571415,37651422312311,11,7,5,18570,3098,15476,R D2 R' B D R D' R2 B D' B'
1571747,37652141113232,11,6,6,16278,2716,13567,R B R D' B2 R D2 R' D R' B'
1572352,37652143231322,11,6,6,18520,3090,15435,R B2 R D' B2 R2 B' R D R2 D
1574320,37654212311222,11,5,7,28371,4731,23646,R B D' B2 R' B R D' R2 B2 D2
1577464,41236753232321,11,7,5,13386,2234,11156,R B' R' B R' D2 B' D R D B2
1577738,41237561313131,11,6,6,20751,3461,17295,R B2 D2 B' D B' R B2 R' D2 R
1584292,41263751312222,11,6,6,26066,4346,21725,R D2 R2 D B2 D2 R2 D R2 D2 B'
1592229,41325671212211,11,7,5,18743,3127,15620,R B D2 B' R2 D R' D2 R B D'
1593292,41325762313223,11,5,7,18879,3149,15736,R B D2 B2 R2 D' R' B R' B D2
1593410,41325763131233,11,5,7,16560,2763,13803,R B R B2 D2 R' B D' R' B2 D2
1596600,41352671212112,11,7,5,16929,2825,14108,R B R' B' D B' D2 R2 D R' B
1596601,41352671212121,11,6,6,20379,3399,16985,R B R' D B2 D2 R' D B' R' B
1596627,41352671222111,11,6,6,20820,3472,17353,R B D' R' D B' R2 D2 R D' B
1600578,41357622313112,11,6,6,17760,2963,14802,R B D B' D2 B R' B R B2 D2
1604288,41367253111133,11,7,5,18329,3059,15274,R B' R2 B R2 B2 R B2 D B2 D'
1614432,41532672313211,11,6,6,109629,18273,91361,R2 B' R D R' D2 R' D' B' D B2
1614890,41532761233133,11,8,4,12706,2121,10588,R B D2 B2 D' R D2 B' R2 B D
1620348,41563273113311,11,7,5,16128,2692,13440,R B R2 B2 D R' D' B D2 R B
1626736,41576322212222,11,5,7,19843,3309,16540,R B D B' D2 B R' D B R' B2
1629012,41625372313211,11,5,7,105276,17547,87735,R' D R' B D B2 R' D B D2 B'
1629102,41625373121213,11,6,6,13706,2287,11424,R B R D2 R' D' R2 B D' R' D'
1629437,41625731222231,11,6,6,14301,2385,11921,R B D' B' D2 B' R' D2 B R2 B'
1633780,41635721212121,11,8,4,20358,3396,16965,R D2 R' D' R D' B R2 B D' B
1639644,41657321222312,11,8,4,11047,1845,9205,R B R' B R' D B2 D R' D B2
1642045,41673252212222,11,6,6,20375,3399,16981,R B D2 B' R2 B' R B D' R D2
1642437,41673521111111,11,6,6,21396,3568,17833,R B D' R2 D B' R D' B2 R2 D2
1645050,41723562313211,11,5,7,24398,4068,20336,R B R' B R2 D R' D' B' D2 B'
1646226,41725361232113,11,6,6,16917,2823,14099,R B R' B2 D2 B D R D' R2 B
1646274,41725361321213,11,7,5,24398,4070,20332,R D B2 R2 D' R' D R' B R2 B
1646436,41725362221213,11,7,5,20413,3404,17013,R B2 D' R2 D B2 R' D B2 D2 B'
1646508,41725362313211,11,4,8,33080,5516,27571,R B R2 B D2 B2 R2 B R2 B' D'
1646509,41725362313223,11,6,6,29501,4920,24586,R D B2 R' B R B2 D2 R D' R'
1646599,41725363121222,11,7,5,19840,3310,16534,R B D' R D' R B2 D B' R' B'
1646600,41725363121231,11,7,5,15608,2605,13007,R B R2 D2 B' R' B D' B R2 B
1646811,41725631111111,11,6,6,24218,4038,20185,R B' D' R' D R2 B' D2 B D' B
1646893,41725631211122,11,7,5,12745,2127,10622,R B2 R' D R' D2 B2 R' D' R2 B'
1647260,41725632322331,11,8,4,11228,1875,9356,R B2 R' B D2 B' R D2 B' R' B2
1647299,41725633111133,11,7,5,12766,2131,10639,R B D R' D B2 D' B2 R B' R
1647325,41725633121123,11,7,5,15125,2525,12604,R B2 R B' D R D2 B' R B D
1647378,41725633211111,11,7,5,14182,2366,11820,R B' D B' D2 B R2 D' R D B
1647970,41726352313322,11,7,5,16382,2734,13652,R B R2 D2 B R' B' R' D2 R2 B'
1648688,41726532312233,11,5,7,19755,3295,16466,R B2 R2 D' B R' B2 R' B' D R'
1650669,41735261323313,11,7,5,15488,2584,12908,R D' R D' R2 D' R' B' D B2 R
1650875,41735262312233,11,7,5,19325,3223,16106,R B2 D' B2 D' B R' D2 B2 R' B
1650991,41735263123223,11,7,5,12251,2044,10211,R B D' R2 B D' R' D' B D2 B'
1651343,41735621233232,11,8,4,10182,1702,8483,R B R B' R B2 D' B2 D R B2
1651615,41735622313322,11,5,7,19162,3196,15972,R B R2 D2 B D2 B R D' R D
1652801,41736521233232,11,8,4,12831,2141,10693,R D2 B D2 B' R D' R D' B' R
1653116,41736522332231,11,8,4,11397,1903,9497,R B D2 R2 B' R D' B D R' D'
1654219,41752631222123,11,6,6,14844,2478,12371,R B R B2 R B2 R D' B' R D2
1654507,41752632311123,11,7,5,17931,2992,14943,R B2 R' B' R D2 B' R' B' R D2
1654522,41752632312323,11,6,6,19823,3306,16522,R B R2 D2 B D' B D' R2 D R'
1654527,41752632313211,11,6,6,54473,9082,45396,B2 R B' R D R2 B' R B D2 B'
1656480,41756231321213,11,6,6,24294,4051,20248,R D2 R D R2 D B' D' R2 B2 D'
1656806,41756233121231,11,7,5,14049,2345,11708,R B2 R B D2 B R' D' R2 B2 D'
1658834,41762532221333,11,6,6,20640,3442,17203,R B' D R2 D' B D2 R' D2 R D2
1659014,41762533123331,11,7,5,15301,2554,12751,R B2 R B D' R B2 D' B R D'
1660820,41765231233232,11,8,4,10553,1762,8794,R B2 D B' R' D2 B R2 B D2 B2
1661748,41765322221312,11,5,7,18938,3158,15786,R B R' B R2 D' B2 D' B D' R'
1661817,41765322313211,11,5,7,44776,7465,37317,R2 D2 R B' R B R2 D' B D B2
1661916,41765323122212,11,5,7,16127,2689,13444,R B D' R B2 D' R2 D' B D' B'
1664610,42136752131312,11,4,8,24360,4062,20305,R B D R' B D' R D' R D2 B
1665089,42137561123333,11,8,4,12359,2064,10298,R B2 R2 B R2 B2 D2 B' D2 B2 R
1666289,42137653122131,11,7,5,13481,2250,11235,R B2 R' D2 R' B R' D2 B2 D' R
1666315,42137653132121,11,7,5,13066,2182,10888,R B R2 B R' B D' R D2 B' R
1670767,42157633231322,11,7,5,20074,3348,16730,R B2 D' B2 D B D2 R2 B' R' D2
1671627,42163751121212,11,7,5,16077,2683,13398,R B' R2 D' R' B R D' B2 D R
1672939,42165373223123,11,8,4,9270,1549,7724,R B R2 D' R2 D' B D' R2 B2 R
1674818,42167532131333,11,5,7,24570,4097,20479,R B2 D2 B' R D' R D2 R' D2 R
1680111,42315673112111,11,7,5,13812,2305,11511,R B R' B2 D' B D' R' D R2 D
1684083,42351671212211,11,7,5,19037,3176,15865,R B' R D B2 D' R B2 D' R2 D
1685342,42351763231133,11,5,7,34785,5800,28991,R2 B D2 R2 B' D' R B' D R2 D
1691767,42367153111121,11,7,5,13762,2298,11468,R B R' D2 R B' R B R2 D2 B2
1691848,42367153211123,11,6,6,15468,2581,12892,R B R2 B' D B' R2 D R2 D' R2
1698966,42516372233111,11,6,6,18320,3055,15270,R B2 D' R2 D' R D' B2 R2 D' B
1707283,42561733323122,11,7,5,9349,1562,7791,R B R D2 B2 R B R2 D2 B' R'
1712876,42573612323231,11,7,5,12731,2126,10609,R B2 R B2 R' B2 D2 R' B2 R2 D'
1713110,42573613322231,11,7,5,11843,1977,9870,R B R2 D' R' D' B R' B D' R2
1715034,42613572313211,11,5,7,40031,6674,33363,R B R' B2 R' D' B' R D2 B R'
1716254,42615371313332,11,6,6,22762,3796,18971,R2 B D2 R2 B2 R' B D' B D2 B'
1716414,42615372213311,11,6,6,26822,4473,22354,R D B2 R' B D R2 B2 D B' R'
1716420,42615372221213,11,7,5,14221,2374,11851,R B2 D' B2 D R2 B' R B2 R2 B'
1716492,42615372313211,11,5,7,51611,8603,43014,R B D2 B D2 B2 R2 B D2 B' D'
1723704,42651372213311,11,7,5,13884,2317,11571,R B R2 B2 D2 R' D' R D' B D2
1724734,42651733311122,11,7,5,19301,3220,16085,R B' R B2 D' R D R' D B2 D2
1730306,42673512232133,11,7,5,17886,2985,14905,R D B R2 B R B2 R' D' B2 R
1742018,42751632321233,11,6,6,31164,5196,25973,R B' D' B2 D B R2 D' R2 D R2
1742036,42751632323231,11,6,6,20079,3350,16734,R B D' R2 B2 D' R' B D' R B
1751379,43126572133313,11,7,5,18359,3064,15299,R B R2 B' R2 B' R D B' R D2
1761411,43167251232212,11,7,5,14855,2480,12379,R B R' B R' B D' R2 B2 D' R'
1765928,43176252123131,11,6,6,20544,3428,17121,R B R' B2 D R B R2 D' R D2
1766045,43176252311132,11,7,5,11904,1988,9920,R B D' B2 R B D R2 B' R D2
1769104,43216573132121,11,6,6,13256,2212,11049,R B R2 B2 D' B R' D2 R' D2 R'
1769107,43216573132223,11,7,5,12803,2137,10670,R B R' B' R B' D B2 R' D' B2
1769136,43216573212311,11,6,6,13011,2171,10845,R B R' D B2 D' R B' D' R D2
1769138,43216573212332,11,7,5,16273,2715,13562,R2 B R2 B2 D B' D' B R2 D B
1784780,43512671313332,11,7,5,12655,2113,10546,R B R' D R' D2 R B R2 D' B
1793032,43527612312323,11,7,5,12928,2159,10773,R B D R2 B' R D' R D' R2 B
1793340,43561271111111,11,6,6,40976,6832,34149,R B R D' B2 D' R' B' R B2 D'
1797997,43571262122222,11,4,8,20748,3460,17295,R B R D' B D' B R' D R2 B
1799172,43572161111111,11,6,6,20342,3393,16954,R B2 R' B' R' D R2 B D' B D'
1800322,43572612312323,11,6,6,21755,3628,18132,R B2 R' D2 R D' B D' B2 D R
1801408,43576211123222,11,7,5,14919,2489,12434,R B2 R D B2 D R' D' B2 R2 D'
1801616,43576212112232,11,7,5,19827,3306,16525,R D2 R D B2 D B' D' B2 R2 D'
1803786,43615271333312,11,7,5,10569,1765,8808,R B R' D R2 D R2 B' D B' R'
1803814,43615272113321,11,7,5,16825,2809,14020,R B R2 B' D2 R2 B R B' R D2
1805863,43617521223221,11,8,4,13554,2262,11295,R D B' D2 R D' R B D' R2 D'
1807540,43621752213323,11,4,8,32652,5445,27214,R B2 R B2 R2 B R2 D R2 D2 B2
1812017,43651722323132,11,7,5,17167,2866,14305,R B' R2 B R' B D R2 B' D R
1818487,43675122222122,11,5,7,23308,3887,19427,R B' D' R D R B2 R2 D' B D
1818971,43675211221331,11,7,5,14365,2399,11970,R B D R B D' R2 B R2 B D2
1825314,43721653231313,11,7,5,14687,2452,12239,R B R2 D B R2 D' R B2 R2 D
1829598,43751623123313,11,4,8,28751,4793,23965,R B R2 B' R2 D2 B D B' D B'
1836712,43765212222122,11,5,7,33151,5526,27631,R D B2 D2 B' R D2 B' D2 B R
1850162,45167323322231,11,7,5,10619,1774,8849,R B D' R D' B R2 B2 R B D
1853178,45176231131313,11,7,5,33985,5669,28320,R2 B R' B R' B D R2 B2 D2 R
1853190,45176231133113,11,7,5,22879,3818,19065,R2 B D2 R2 B2 D R B' R B' R
1853334,45176231331113,11,8,4,24709,4123,20589,R2 B R2 D2 B2 R B R' B D' R
1853658,45176233131113,11,4,8,44767,7464,37310,R2 B D' R B' R B R2 D2 B2 R
1853903,45176321131133,11,5,7,38757,6461,32302,R2 D R' D' B' D R2 B' R D2 R'
1854928,45213672221123,11,8,4,12090,2020,10073,R B' R B2 R' B D2 R' B2 R D2
1869517,45273162222122,11,5,7,19338,3226,16118,R B2 D2 B' R B' R D2 R' B2 R
1870670,45276131131133,11,7,5,23697,3951,19750,R2 B D' R' D' R D2 B' D B2 D'
1872195,45312671222312,11,8,4,10656,1781,8878,R B R' D2 R B' D2 R D R B2
1872449,45312672223331,11,6,6,26244,4377,21872,R B2 R' B' D R2 B' R' D' R D2
1872475,45312672233321,11,6,6,22409,3738,18676,R B D2 R2 B D' R B' D2 B R'
1872498,45312672313211,11,6,6,45696,7618,38083,B R2 B' R' D R2 B' D' B R' D2
1872627,45312673132313,11,6,6,23995,4002,19998,R2 B2 R D R2 D' R2 D R' B' D2
1872675,45312673222112,11,7,5,12592,2102,10494,R B R' D2 B' R2 B R' B2 D B'
1872699,45312673231313,11,8,4,19816,3307,16512,R2 B2 R B D2 B' R2 B R' B' D2
1872822,45312761113211,11,6,6,15329,2557,12777,R B2 R' B2 R D2 B2 R' D' B2 D2
1872879,45312761133311,11,6,6,16325,2724,13606,R B R2 B2 D B' D B' D R B
1873152,45312762221111,11,7,5,14949,2495,12458,R B' R' D2 R B R2 D' B2 D R2
1873206,45312762311111,11,7,5,15945,2661,13288,R B R' D2 B2 R' B' R B' D B
1876539,45321671212211,11,6,6,24503,4085,20423,R B D' B' D' R D2 B' D R2 D'
1876555,45321671221121,11,6,6,21271,3549,17727,R B' R B R2 D2 B R D2 R2 B'
1876956,45321673113311,11,6,6,35268,5881,29392,R2 B' D R B2 R' B R2 D' B2 D
1880458,45327612222323,11,6,6,16196,2703,13498,R B D2 R2 B2 R' B D' B' R B
1883290,45362712122222,11,5,7,27002,4503,22505,R B D' B R' D' R D2 R B R'
1884107,45367122223133,11,6,6,26305,4387,21923,R B' R2 B R B2 D' B D2 B' R'
1884467,45367211111132,11,6,6,19058,3178,15885,R B2 R' D' B2 R D' R2 D B' D2
1884547,45367211211122,11,6,6,26586,4433,22158,R B2 D2 R2 B D' B R2 D' B D'
1884953,45367213111133,11,7,5,17764,2964,14804,R B2 D2 R2 B D B' R2 D R' D
1888166,45376121131133,11,6,6,25041,4176,20870,R2 B' R B D2 B' R B2 D' B2 D
1888332,45376121331311,11,7,5,15676,2615,13065,R D B' R D2 R' D B' D B R2
1889074,45376211333123,11,8,4,13092,2185,10910,R B' R2 D2 B D' R2 B D' B' R'
1889386,45376213131323,11,7,5,22408,3737,18675,R2 B2 R D B2 D' R2 D B' R' D2
1889566,45376213333322,11,6,6,14934,2492,12447,R B D R' B2 R' D R D B2 D2
1889644,45612371133221,11,7,5,16969,2832,14141,R D R' B2 R B R' B D' B D2
1890028,45612372331121,11,7,5,12332,2060,10276,R B2 R' B R2 B' D R2 B' R' B2
1890068,45612373112231,11,7,5,14769,2465,12308,R B2 R2 B' D B D' R2 B2 D' R
1890118,45612373132121,11,6,6,13781,2299,11487,R B D' B R' D' R2 B2 D' R D'
1890121,45612373132223,11,7,5,13599,2270,11333,R B2 R B' D2 B' R2 D R2 D' R
1890252,45612373322111,11,6,6,13194,2203,10996,R B R' B' D R2 D R' B R2 B'
1890280,45612373332122,11,8,4,10473,1749,8727,R B2 R2 D2 R' B D B2 D2 R2 D'
1890283,45612373332221,11,7,5,13320,2223,11101,R B2 R2 D2 B D' R' D R' B D2
1891246,45613271331221,11,8,4,11725,1959,9769,R B R' B2 R' B D2 R' D2 R B'
1891422,45613272233111,11,5,7,32406,5403,27009,R B2 R2 D' R D' B2 D' R' B R'
1894481,45621373123331,11,6,6,19062,3179,15888,R B R' D' R2 D' R' B2 D B2 D'
1894509,45621373211111,11,7,5,20308,3388,16924,R D R' B D R2 D B2 R2 D B
1895005,45621732212123,11,6,6,19482,3249,16238,R B D2 R2 B2 R' D B' D B2 D'
1895075,45621732233333,11,7,5,16944,2826,14122,R B R2 D2 B2 D' B R' D B2 D'
1896598,45623712332123,11,6,6,14809,2470,12344,R B D' R D' B' R' D B2 R D'
1896820,45623713322321,11,7,5,10630,1776,8858,R B R' B D' R' B' R B2 D R'
1901782,45637123132121,11,6,6,13642,2276,11371,R B2 D' R' D' B2 R B' R2 B' D2
1901944,45637123332122,11,8,4,10103,1688,8418,R B R2 D B2 D B2 D2 R' B R
1902758,45671231132231,11,6,6,12134,2024,10115,R B D R' D' R' D B D' B D2
1903187,45671233112132,11,8,4,11486,1920,9569,R B2 R' B2 R' D R2 B R2 B R2
1906670,45673212212132,11,8,4,12551,2095,10459,R B R' D2 B2 D' R' D B' R B'
1906906,45673213211222,11,6,6,17178,2865,14318,R B D2 R2 B' D B' D' B2 R2 D
1909865,45713623223132,11,7,5,12014,2005,10013,R B D' B2 R' D R D' B R2 D2
1912119,45721363321313,11,6,6,16765,2799,13971,R B2 R2 B D' R2 B R2 B R2 B2
1912127,45721363322231,11,7,5,14976,2499,12481,R B D R2 B2 D' R D' R' D2 B2
1918402,45732612233321,11,7,5,10003,1670,8337,R B R D' R2 D' R' D R2 D2 B'
1918767,45736121122211,11,7,5,29891,4984,24911,R D B D2 B' D R2 B' D2 B R'
1924560,46123571111111,11,6,6,45207,7538,37674,R B R' B2 R D' R D' R2 B2 D2
1925191,46123573232123,11,7,5,21041,3509,17536,R D' B2 R D' R D' B' R' D R2
1926982,46125731333123,11,8,4,11405,1905,9503,R B D R' D B D2 R' D R B2
1927536,46127351131313,11,6,6,19265,3215,16055,R B R2 B R' D R D2 R D R'
1927781,46127352131333,11,5,7,32482,5416,27072,R B' R' B D B D2 B2 R' B D
1928023,46127353131323,11,7,5,21595,3603,17996,R B' R' D R D B2 D2 R' B R
1930713,46135272133313,11,5,7,23722,3957,19771,R B R B' D2 B D' R B R' B2
1935308,46153273131131,11,7,5,21271,3547,17728,R D' R2 B2 R' D2 B D2 B2 D B'
1936949,46157233333232,11,7,5,16137,2692,13449,R B R D' B D' B2 R' D B2 R'
1937174,46157321331233,11,7,5,17322,2890,14436,R B D' R' B R' D2 B2 R' D' R2
1943788,46215372121223,11,7,5,10337,1726,8615,R B D' B R2 D' R2 D' R B' R'
1943940,46215372313211,11,5,7,61285,10217,51074,R2 B2 R B' D R D2 B' R D R2
1954046,46257132211133,11,6,6,22876,3815,19066,R B' D2 B D R2 B' D R2 D' R'
1955109,46257313312211,11,7,5,27383,4567,22820,R2 D R' D B R2 B R2 D2 B D
1957650,46273512122312,11,6,6,15965,2663,13307,R B D' B2 D' R' D' R B2 D' R
1957962,46273513221212,11,6,6,14387,2401,11991,R B R' D2 R' D' R' B D2 R' B
1958872,46275311123222,11,8,4,11276,1883,9396,R B R2 D2 B' D' R D' R D2 R
1959080,46275312112232,11,7,5,15308,2554,12758,R D R2 B2 D' B' D B' R D2 R
1959132,46275312132212,11,7,5,18982,3167,15819,R B2 D' B2 D B2 R' B R2 B2 R'
1959212,46275312232133,11,6,6,19971,3332,16644,R B D R2 D2 R B R B' D2 B'
1959249,46275312313211,11,4,8,30896,5151,25752,R B R2 B R2 B2 D2 B D2 B' D'
1959340,46275313121222,11,5,7,22180,3698,18488,R B D' B D' R B2 D B' D' R'
1959483,46275313312211,11,6,6,19106,3188,15923,R D R2 B' R D R2 B2 D R' B'
1964900,46321752111131,11,6,6,22411,3738,18678,R B' D2 B D' R B R2 D' B R
1969844,46352171211233,11,6,6,16980,2833,14152,R B D' R D R B' R2 D B D'
1970024,46352172113231,11,7,5,13353,2229,11128,R B R B' D2 B D' B R B2 D2
1974977,46372511221331,11,7,5,11431,1909,9526,R B2 R' B D' R' B R' D2 R D2
1976408,46375211211332,11,6,6,12214,2039,10180,R B R' B' R2 D' R' D R2 B' R'
1976580,46375212113111,11,6,6,18789,3133,15661,R B D2 B R' D' R D' B' D2 B
1976627,46375212132131,11,7,5,14818,2473,12349,R B R D2 B2 R2 D B' R2 B D'
1976629,46375212132221,11,7,5,12188,2034,10158,R B D' B R2 D' R' B D' B2 R'
1976791,46375212332222,11,6,6,18744,3127,15622,R B R2 D' R' B R D2 B2 R2 D'
1976814,46375213112111,11,6,6,16122,2690,13437,R D R' B D' B R2 B2 R B' D'
1976851,46375213123121,11,7,5,12630,2108,10526,R B' D2 R D' R' D B D' R B2
1977040,46375213333121,11,7,5,9525,1591,7938,R B R2 B D' R D' B' R' D R2
1977268,46512371331221,11,7,5,10678,1782,8900,R B D' R2 B2 R D' B2 D' B2 D2
1977316,46512372113321,11,5,7,32064,5348,26722,R B R2 B' D2 R2 B R B' R D
1978974,46513272332111,11,7,5,11874,1983,9895,R B R2 D2 B' R B' R B R' D'
1979014,46513273113221,11,7,5,13570,2265,11309,R B R D' B2 D' R B2 D B' R
1983833,46523711331332,11,8,4,10201,1704,8500,R B R2 B' D B' D R' B D B2
1984825,46527133111121,11,7,5,12042,2011,10035,R B R' D2 R B' R B' D2 B2 R2
1992484,46572311223122,11,8,4,11879,1984,9898,R B' D B' R2 B' R' B' D R2 B
1992664,46572312132122,11,8,4,12742,2128,10617,R B R2 B' D B2 R2 D R' D R2
2000184,46721533123313,11,5,7,30094,5019,25081,R B R2 B' R D' B R' D R B2
2012429,47123562232133,11,6,6,32433,5409,27029,R D B D2 R' B' R2 B R D2 R
2012927,47123651233232,11,8,4,7819,1308,6514,R B' R D R' B D' B2 R B R2
2015114,47126351233232,11,8,4,10313,1722,8594,R D R' B R D' B2 R D' B D'
2016002,47126532133133,11,8,4,14627,2441,12189,R B D' R2 B2 R' B' D B' D B'
2016819,47132562311111,11,6,6,18054,3013,15046,R B2 R B2 R' B2 R B2 D2 R2 D'
2017025,47132563222331,11,7,5,18132,3025,15111,R2 B D' R' D R D' B R2 B' D
2017546,47132652233321,11,6,6,25430,4241,21194,R B2 R' D2 R B' D B' D2 B R
2018915,47135622132332,11,7,5,16738,2792,13950,R B D2 B' D B2 R2 D B' D R2
2019645,47136252133112,11,6,6,19788,3301,16492,R D2 R B R2 B R' D' B2 R2 D'
2020946,47152361233232,11,8,4,7448,1244,6207,R B R' D B D2 B2 D' R' D2 B
2021717,47152631322131,11,7,5,11629,1943,9690,R B2 R2 B' R B' R D2 R D R2
2023935,47156231332313,11,7,5,17635,2941,14698,R B' D' R D2 R D' B' D B2 D2
2024273,47156233211132,11,7,5,17482,2917,14569,R B' R2 D R2 D' R B' D2 B' R
2024322,47156233223312,11,8,4,12378,2066,10315,R B D' B D' R' B D2 R' B' D'
2024343,47156233233113,11,6,6,23542,3926,19621,R B' R' D R2 D R' B' D B2 D2
2024394,47156233322312,11,7,5,10671,1781,8894,R B R' D R' D' B R2 D' R' D'
2024433,47156321111111,11,7,5,21901,3653,18252,R B D R' B R' D B2 D2 B D'
2024511,47156321133311,11,7,5,20743,3461,17286,R B' R D2 R D R B' D R2 D'
2024745,47156322132311,11,7,5,19203,3203,16004,R B D2 R' D' B R D2 B2 R2 D'
2024861,47156322313232,11,8,4,10476,1751,8728,R B R2 B R' D' B R' B' R2 B
2024903,47156322332132,11,7,5,10353,1730,8627,R B R D2 R' D R2 B' R2 B' R2
2024907,47156322332312,11,8,4,10205,1704,8504,R B R' B R2 D' B' D B' D2 R'
2025046,47156323223123,11,7,5,13392,2237,11159,R B2 R2 B' R' B R2 D' R B R2
2025361,47162351322122,11,7,5,9329,1558,7775,R B D B2 D2 B R' D R' B D
2027650,47163522131222,11,7,5,14180,2367,11817,R B R' B2 R' B' D' R D2 B' R
2028951,47165321232113,11,4,8,27288,4551,22744,R B D' R2 B2 R B R D' B2 R
2029007,47165321322131,11,7,5,16293,2719,13578,R2 B2 D2 B' R D' R2 B' R B' R2
2029116,47165322132212,11,7,5,18868,3148,15724,R B2 D' R2 D R2 B' D R2 D2 R'
2029122,47165322133112,11,5,7,24164,4030,20140,R D R2 B2 D' R' D B' R B2 R
2029196,47165322232133,11,6,6,28422,4741,23686,R B R D2 R2 D B R B' R2 B'
2029233,47165322313211,11,5,7,26045,4343,21708,R B D2 B R2 B2 D2 B R2 B' D'
2032757,47216352131333,11,5,7,21928,3656,18278,R D B2 D2 B' R B2 D' B2 D R
2038824,47251363131113,11,7,5,19913,3323,16594,R B' R2 B R' D B' R2 B' R B'
2039316,47251632131312,11,4,8,21866,3647,18226,R B R' B R' D' B R2 B D R'
2041782,47256133212311,11,7,5,13820,2307,11517,R B D' R' D' R2 B2 D' R B' R
2041880,47256133321232,11,6,6,18984,3168,15821,R B R B' R B2 R' D R2 B' D'
2046586,47265312122222,11,6,6,13970,2331,11644,R B R B2 R' D' B2 R D' R' D'
2046606,47265312131312,11,6,6,21413,3570,17848,R B D B2 D' B' R2 D B' R' D'
2046729,47265312313211,11,5,7,70494,11751,58749,R' D R' D B D2 R' D R B2 R'
2052299,47321651311133,11,6,6,18749,3128,15626,R B R B R2 D' B2 D R2 B' D'
2058257,47352612123131,11,6,6,15437,2576,12866,R B R D' R' D R2 D R2 B' D2
2058374,47352612311132,11,6,6,15635,2608,13032,R B D R' D' R D2 R D2 B' D2
2058393,47352612313211,11,6,6,46392,7734,38663,R2 B' R2 B' R' D' R D2 B D' B
2065678,47512632312323,11,7,5,13447,2244,11207,R B R2 D2 R D' R' D2 R' D B'
2087522,47621532232331,11,7,5,10177,1700,8481,R B R' D R' B' R' B D2 R D'
2087749,47621533231121,11,7,5,14286,2386,11904,R B2 R B' R D R2 B' R B D2
2092633,47632152233321,11,7,5,17002,2837,14169,R B R D2 B' R B' D R' D2 B
2092812,47632153212311,11,6,6,18484,3084,15405,R B' D2 B' R B2 R B2 D B R2
2092867,47632153232321,11,7,5,14911,2489,12426,R B' R2 D' B R B R2 B D' B
2093543,47632513212332,11,8,4,14853,2479,12377,R2 B2 R' B' D' R D2 R D2 R' D2
2096989,47652132231323,11,6,6,25457,4245,21217,R B R2 D2 B2 D' R D' R' D B
2099363,47653213211231,11,7,5,24161,4030,20135,R2 B D2 R' D R D2 B R B' D'
2099421,47653213232111,11,6,6,12830,2142,10693,R B R B D2 B R' B' R' D2 R2
2110480,51264731113322,11,7,5,14084,2351,11737,R B R' D' R D2 R B D2 B2 R'
2110803,51264732213311,11,7,5,11354,1896,9462,R B R B2 R2 D2 R' D' R D' B
2111603,51267342312233,11,4,8,36151,6026,30132,R B' D B2 D B' R D' R' B2 D2
2117098,51324671211122,11,7,5,13151,2195,10960,R B R' B' D B' R B2 D2 R' D'
2117349,51324672212111,11,6,6,27041,4509,22537,R D R' B' D' B R2 D' B R2 B'
2117526,51324673113311,11,7,5,23349,3895,19458,R2 B R2 B' D2 R B' D2 B R D'
2117746,51324761111123,11,7,5,16758,2797,13965,R B R' D R B2 D2 R' D2 R D
2118257,51324763113332,11,7,5,12950,2162,10792,R B R' B' D B D' B2 R2 B R2
2121723,51342672212111,11,6,6,25829,4308,21526,R B' D R B2 R' B R2 D' B2 D
2122780,51342763312223,11,5,7,95745,15960,79791,R' B R' D R B2 D' R D R2 D'
2128761,51367241211113,11,6,6,19318,3222,16101,R B D' R2 D B2 R' B D B D'
2134628,51423671221331,11,7,5,11631,1942,9693,R B D2 B2 R D' B2 R B R2 D2
2136699,51426731111111,11,6,6,19190,3202,15993,R B D R2 D R' B' D R' B2 R2
2137359,51426733312211,11,6,6,16537,2759,13783,R B2 R' B D2 B' R D2 B' R' B
2147694,51472361131313,11,7,5,12087,2018,10073,R B2 R B R' B D' R2 D' B D'
2149071,51472633331312,11,4,8,21918,3655,18270,R B R2 D2 B D2 B R D' R B'
2152197,51623471321111,11,6,6,14436,2410,12031,R B R2 B' R B' D' B2 R B' R
2153410,51623743313321,11,7,5,12104,2021,10087,R B R' D B' D' R B2 R B D'
2154367,51624731312123,11,7,5,20109,3356,16757,R B2 R2 B R2 B' R2 D B' R2 B2
2154888,51624733323113,11,8,4,13171,2197,10977,R B' D' B D2 R' D B' D' R2 D'
2157323,51632741323232,11,6,6,12832,2142,10695,R B D' R2 B D R' D R2 D' R
2160798,51642371122313,11,7,5,14139,2360,11783,R B2 D2 R' B' D R' B2 D2 R D
2161510,51642731113322,11,6,6,28027,4673,23359,R D B2 D2 R' D B' R' B R2 D'
2163695,51647231113232,11,7,5,13444,2243,11205,R B R2 D2 B D2 B R' D' B2 D
2170779,51723643131311,11,6,6,17935,2993,14947,R B R' B D R' B2 R' D2 R D
2171245,51724362122222,11,7,5,14752,2462,12294,R B D' B2 D B R2 B R' B' D
2171478,51724363121213,11,5,7,33457,5578,27885,R B D' R2 D B R2 B D' B' D
2173686,51726433123313,11,5,7,20059,3345,16720,R B D2 B2 D' R B2 D' R2 D B
2175123,51732643121213,11,4,8,24179,4032,20154,R B D' R B' D' R D2 R D R'
2179436,51742632323231,11,6,6,22858,3812,19051,R B2 R' B2 D2 R' B2 R' D' B2 D2
2179439,51742632323333,11,6,6,20871,3481,17395,R B2 D' R' D2 R D2 B' R B D2
2187873,52134761232113,11,6,6,15149,2527,12627,R B D' R' D R2 D B D2 B2 R'
2195052,52147631121311,11,7,5,16344,2726,13622,R B2 R2 D2 B R' D B' D2 B D'
2195076,52147631131211,11,7,5,17085,2850,14239,R B2 D B' D B' R2 B D' B' R
2195102,52147631211131,11,8,4,10621,1775,8849,R B R B' D2 R B' R B' D B2
2195182,52147631311121,11,7,5,13605,2270,11339,R B R2 B' D B2 D R2 D2 B' D'
2195262,52147632111113,11,6,6,20530,3426,17109,R B2 R' B R B D' R D' R2 B
2195505,52147633111112,11,8,4,20962,3496,17469,R D2 R' D B D B' D R' D2 B
2195758,52163471112122,11,7,5,11673,1950,9727,R B2 R' D' R2 B2 D R B R' B2
2195847,52163471213111,11,8,4,12201,2037,10167,R B R2 B' D B' D R2 B2 D2 B'
2195919,52163471312111,11,6,6,17224,2873,14356,R B R B2 D2 B D B' R2 D2 B'
2195983,52163471333123,11,8,4,9103,1521,7585,R B R' D B2 D' B2 R D R B'
2195997,52163472111311,11,6,6,18127,3024,15108,R B R D2 B' R D' B' D2 R B
2196049,52163472131222,11,6,6,17684,2952,14737,R B D2 R2 D R B2 R B R2 B'
2196237,52163473111211,11,7,5,16858,2813,14049,R B D B2 R' B D' R' B2 D B
2196242,52163473111331,11,6,6,17892,2985,14912,R B2 R B R2 B' D2 B D' B' R2
2196349,52163473221323,11,8,4,10813,1807,9009,R B R2 B' D R2 B' R2 B D B2
2196449,52163473323332,11,8,4,19442,3245,16200,R2 B2 R' D R2 B' R' D' R2 B R
2198939,52167342121232,11,6,6,23739,3959,19785,R B R' D B R2 D2 B' R2 B2 D'
2199669,52167432121313,11,8,4,15898,2654,13247,R B2 R' D R' B2 R B2 D' R D'
2199676,52167432122222,11,6,6,32353,5394,26964,R D2 R' B2 D R D2 R2 D' B' D2
2199693,52167432131213,11,7,5,17598,2937,14665,R B' D2 R B R2 B' R' D2 R' B'
2199959,52167433133333,11,6,6,31803,5303,26505,R D B2 D2 B R D R' D2 R' B
2200103,52167433331333,11,6,6,24088,4017,20076,R B' R B2 D' B2 D R' B D2 B'
2202922,52174633223123,11,8,4,12722,2124,10601,R B' R' B' R D' R' D2 R' D' R
2205150,52314673311311,11,6,6,29094,4850,24249,R2 D B' R' D' B D2 R' B D2 B'
2205424,52314761322122,11,8,4,10833,1809,9027,R B2 R2 B D2 B' D2 R D' R2 D2
2208870,52341671111111,11,6,6,47174,7864,39315,B R' B2 R' D' B' R D2 B R' D
2208909,52341671122211,11,6,6,17846,2977,14874,R B2 D' R2 D' R D' B' R2 B R2
2209038,52341671311313,11,6,6,14146,2362,11789,R B R2 B' R B2 D' R2 D R B2
2209194,52341672211112,11,6,6,19739,3291,16453,R B2 D' R2 D' B D' B' D2 B R2
2209263,52341672232313,11,7,5,15183,2534,12653,R B2 R D R2 D' R2 D R' B' D2
2209324,52341672323222,11,6,6,16980,2834,14151,R B' R' D R' B' D R B2 R2 B
2209326,52341672323312,11,6,6,21740,3626,18119,R2 B R2 D B2 D R' B D2 B D
2209428,52341673133111,11,6,6,19531,3259,16277,R B D2 B' D R2 B' R2 B R B2
2209503,52341673232213,11,7,5,13464,2248,11220,R B2 R B D2 B' R2 B R' B' D2
2209508,52341673232333,11,7,5,13366,2231,11139,R B R B2 D' R D' B' R2 D B
2209566,52341673323212,11,7,5,21674,3617,18061,R2 B R D2 R B' R D2 R B2 D
2213520,52361472121313,11,7,5,14221,2372,11853,R D B2 D2 B' D' B2 R B2 R' D2
2213547,52361472131312,11,6,6,25911,4320,21596,R B2 R2 D' R D' B' R D2 B' D'
2216485,52367142211121,11,7,5,18798,3137,15665,R B2 R B' D2 R' B' R' B2 R' D
2217335,52367412322232,11,5,7,17752,2962,14796,R B D2 B' R B2 R D2 R2 B' R
2219092,52374161112323,11,6,6,15398,2569,12834,R B R D2 R D' B' D R' D2 R2
2221870,52376413222223,11,8,4,9869,1650,8222,R B R' D' R B D2 R2 B2 R' B
2232782,52463173212332,11,7,5,15825,2640,13189,R2 B R' B' D' R B2 D' B D2 B'
2233511,52463713212332,11,8,4,14694,2454,12243,R2 B R2 B' R2 D B' R2 B R B'
2235969,52471631223113,11,8,4,12473,2083,10393,R B' R2 D R' B D' R' B' R D2
2236050,52471631323112,11,6,6,17495,2919,14581,R B' D2 R D' R B' R' D' R B2
2241372,52614372313211,11,5,7,55918,9321,46603,R D R' B D B2 R' D B D2 B'
2249547,52641733212311,11,7,5,14312,2388,11928,R B R' B' D' R2 B2 D' B D' B
2249602,52641733232321,11,7,5,12904,2155,10753,R B2 R D R' D2 R B R2 B2 D'
2255428,52673413232123,11,7,5,9624,1607,8021,R B R2 D' R2 D' R D R' D2 B2
2257135,52713461232323,11,7,5,12006,2006,10004,R B R2 B' D2 R2 B R' B' R2 B
2258586,52714361232113,11,6,6,22258,3712,18551,R D B2 D2 R' B R' B' R D2 B'
2259760,52714633213223,11,8,4,10817,1807,9013,R B2 R' B' D2 R D' R2 D R' B2
2259784,52714633223123,11,7,5,10999,1837,9166,R B2 D2 R2 B D R' D2 B R' B
2262240,52731641233112,11,7,5,11985,2000,9989,R B R' D' B D' B D2 R2 B' D
2262294,52731641323112,11,7,5,12117,2023,10098,R B R' B' R B' D B2 R2 D' B
2264477,52736141322233,11,7,5,21304,3554,17754,R B R2 B2 D' B D' R' D R2 B'
2266158,52741362313211,11,6,6,17218,2872,14351,R B D R2 D B2 D R' D2 B2 R'
2266159,52741362313223,11,7,5,17438,2908,14534,R D B' D' B' R2 D2 B' R B' D
2266748,52741632122333,11,6,6,26178,4366,21817,R B R2 B2 R D B2 D2 B' D2 R
2266756,52741632123323,11,6,6,27405,4570,22840,R D R2 D2 R B D2 B2 D' B2 R
2266797,52741632212213,11,6,6,19195,3201,15999,R B D2 R D' R' D2 R' D2 B D'
2266799,52741632212231,11,7,5,17191,2869,14326,R B2 R' B R' B' R D R' D B'
2266851,52741632232211,11,7,5,14779,2467,12316,R B R2 D R' B' R2 B' D2 R D'
2267060,52741633221233,11,5,7,17551,2928,14629,R B D R2 B2 R' B' R2 D' R' D
2267133,52741633313312,11,7,5,13863,2314,11553,R B R' B D B2 D B' D2 R2 B
2267134,52741633313321,11,7,5,14516,2424,12096,R B D' R D' R' B R B' R B2
2267140,52741633321223,11,7,5,19621,3273,16352,R B' D B' R2 B R2 B' D2 B D'
2267160,52741633323311,11,7,5,16368,2731,13641,R B D' R D R2 D B' R2 D2 B
2267922,52743611111213,11,8,4,11554,1929,9628,R B D B' R2 B D' B D' B2 R
2267925,52743611111312,11,7,5,19438,3242,16200,R D B D' R2 D R' D B' D2 R
2267930,52743611112131,11,7,5,17422,2906,14520,R B D2 B' D B R2 D' B' D R
2267938,52743611113121,11,6,6,16795,2802,13998,R D B2 D' B D R2 B' R' B R
2268216,52743612131111,11,7,5,13780,2301,11483,R B R2 B' R D2 R B2 R2 D' B
2268432,52743613121111,11,7,5,18669,3115,15558,R B' D B R2 D' B R' B R2 B'
2270838,52761431111213,11,7,5,13470,2247,11227,R B D2 B' D B2 D B2 D2 R' B'
2270841,52761431111312,11,7,5,12559,2095,10468,R B D B' D2 R D' B D' B D2
2270846,52761431112131,11,7,5,15522,2591,12935,R B2 R2 D2 B R' B R' D2 R B'
2270854,52761431113121,11,7,5,17928,2992,14940,R B2 D R' D B' R2 B R' B' R
2271132,52761432131111,11,7,5,13676,2282,11398,R B D' B2 D' B2 R D' R' B R'
2271348,52761433121111,11,7,5,15359,2563,12800,R B R' B' R B2 D' B2 D' B R'
2272175,52763143222331,11,8,4,15084,2516,12571,R2 B' D B D2 B' R D2 B' D2 B
2272416,52763411222312,11,8,4,17632,2943,14692,R2 B R' D' R B' R2 D2 R D' R
2272528,52763411333123,11,7,5,14499,2420,12083,R B D2 R2 B2 D R D' B D' R
2272896,52763413222112,11,7,5,17689,2951,14742,R2 B D' B' D B' R2 D2 R B' R
2272911,52763413223312,11,6,6,18733,3125,15613,R2 B D' R B2 R2 D' R D' B' R
2272983,52763413322312,11,7,5,18412,3073,15343,R2 B R' B R2 B2 D' R B' D' R
2276078,53126471231231,11,8,4,12467,2082,10388,R D2 B R2 B' D R' B R' B' R'
2276080,53126471231321,11,6,6,19284,3217,16072,R B R' B2 D2 R' D' R D' B R
2276134,53126471321321,11,7,5,12819,2141,10682,R B' R' B2 R D R2 B' R2 B D2
2280605,53146272123233,11,7,5,17384,2902,14486,R D R B2 R' D R2 B' R2 B R'
2282060,53147262123131,11,6,6,16509,2754,13760,R B R2 D' R2 D' B D R' B2 D2
2284618,53162743312223,11,5,7,55911,9322,46595,R' B R' B D R2 B' D R B2 R'
2307127,53274163211222,11,8,4,17047,2846,14204,R B2 R B2 R2 B R2 D' R2 D2 B
2314035,53421671321111,11,6,6,27190,4534,22661,R2 B R D' B2 D B' D R B2 D2
2314040,53421671321231,11,6,6,13636,2276,11365,R B R2 D2 B R2 B R' D' R2 D
2315318,53426171112233,11,7,5,13666,2281,11389,R B R2 B2 D' R B' D' R D2 B'
2320432,53462711113322,11,6,6,27130,4524,22611,R D R2 D2 B' R D' R' B D2 R'
2322054,53467211321111,11,6,6,13011,2172,10844,R B R2 B' D R' B' D2 R D' R
2325717,53476121323112,11,7,5,15426,2573,12857,R D R2 D2 B' D B2 D' B R2 B'
2325724,53476121323322,11,7,5,17163,2863,14304,R D R2 D2 B' R B2 R' D B2 D'
2329246,53614721212121,11,7,5,16716,2790,13930,R B2 R B2 R2 B' R2 D B2 D2 R'
2331562,53621471331221,11,7,5,10859,1813,9050,R B R D' R2 B2 D B' R' D B2
2337174,53642171111111,11,6,6,20132,3359,16778,R B R' B2 R D' R D R2 B2 D'
2341902,53672142221213,11,5,7,28396,4735,23667,R2 B R B' D B' D R' D B2 R
2347047,53714622233111,11,4,8,29500,4918,24589,R B' R D2 R D' R D' B' R2 D2
2349456,53721463223312,11,8,4,13727,2293,11437,R B2 R B2 R2 B R2 D R2 D2 B
2351295,53724612121112,11,5,7,33681,5616,28071,R B D' R B R2 D2 B' R2 B2 D'
2352475,53726143333121,11,7,5,11029,1843,9190,R B R' D2 R B R2 B R' D' R
2354148,53741621323112,11,7,5,16628,2775,13857,R B' R2 D R' D B' R' B' R B2
2354166,53741621332112,11,7,5,13016,2171,10849,R B' D2 R D' B D' B' D' R D2
2355857,53742612323333,11,5,7,22134,3691,18449,R B2 R B' R2 D' B' R' D2 R' D
2357859,53761242121211,11,6,6,24821,4141,20685,R B R B2 R2 B' D2 R B D B2
2357940,53761242221213,11,5,7,29160,4863,24303,R B2 R' D' R B' R D2 R D' R
2358021,53761242321212,11,5,7,29804,4972,24838,R B R B2 R B R B2 D' R B'
2359655,53762143222331,11,8,4,9866,1647,8222,R B D' B' D B R' B2 D2 B D2
2360458,53762413322123,11,7,5,14767,2463,12308,R D R' D B2 D' R D' B D B2
2362606,54123673233323,11,6,6,18882,3151,15736,R B' R D R2 B' D R' B R2 B'
2363638,54126371331221,11,8,4,8129,1359,6773,R B R' B' D R D' R D2 R' D
2365905,54127632131213,11,5,7,35000,5836,29170,R B' D B R' D' R B R' D R2
2365968,54127632222212,11,6,6,19943,3326,16622,R B' R D R' D' R D B' D B2
2366148,54127633131212,11,6,6,26941,4493,22453,R D R2 D2 R' B' D2 R D2 R' B2
2366171,54127633133333,11,5,7,32961,5495,27472,R D B2 R' D B D B2 D2 R' B
2366331,54127633333313,11,6,6,22272,3714,18563,R B' D2 B' D B R D2 R2 D B
2372242,54163271133221,11,8,4,12072,2016,10059,R B2 D R' B R D2 B' D R D2
2372562,54163272233111,11,5,7,37792,6302,31496,R D R B R' B2 D' B R D R
2373651,54167231121113,11,6,6,13797,2302,11500,R B R2 B' R D' B R2 D2 B2 D'
2373678,54167231131112,11,6,6,18946,3160,15791,R B R D2 B2 D B D' R2 B2 D'
2373735,54167231221211,11,7,5,13221,2206,11019,R B2 R' D' B2 R2 D B D R' D2
2373861,54167231333213,11,7,5,13960,2331,11633,R B R' B D R B2 D' R D2 R'
2373876,54167232112112,11,6,6,18573,3099,15479,R B2 R' B' D2 R2 B R D R' D2
2373945,54167232133313,11,6,6,36963,6163,30805,R B2 R2 D B D' R2 D' R' D2 R
2374101,54167232333113,11,7,5,10816,1807,9013,R B R' B R2 B' R2 D B R D'
2374262,54167233232333,11,6,6,24264,4047,20222,R B' D' R B2 R B D' B' R2 D
2374329,54167233331213,11,7,5,20982,3501,17485,R B2 R2 D R B' D2 B' R' B2 R
2376366,54172633132313,11,7,5,14558,2431,12131,R B D2 R B D2 R' B R2 B2 D
2382771,54217362233213,11,7,5,31134,5193,25945,R2 B' R2 B R' D B' R2 B' R B'
2383410,54217632132212,11,5,7,30660,5113,25553,R2 B R' B R' D' B R2 B D R'
2383875,54231671123111,11,7,5,15739,2627,13116,R B2 D' R B D R2 D R' B' D
2384362,54231673123121,11,7,5,9095,1520,7579,R B R' D R D B2 R2 B D2 R2
2388736,54261373123121,11,7,5,8705,1455,7254,R B R D R2 B' R2 B R2 D' B'
2389316,54261732231233,11,7,5,18689,3117,15576,R B R' D B' R D' B2 R2 D' B'
2395896,54276132233312,11,7,5,11948,1995,9957,R B2 R' B R' B2 D' B R' D2 R2
2397014,54312671131331,11,7,5,15046,2512,12538,R B R' B D2 B' D R' B R B2
2397285,54312672212111,11,7,5,14690,2451,12243,R B R' D' R' D R2 B' D B2 D'
2397606,54312673311311,11,7,5,26112,4355,21761,R2 B' R D B2 D' R B2 D' R2 D
2399886,54317261113112,11,7,5,13956,2329,11631,R B D2 B' R D' R' B2 D B' R
2400601,54317621111222,11,7,5,14021,2340,11685,R B D R' D2 B2 R D' R' B D2
2401662,54321672212213,11,7,5,19539,3261,16282,R B D' B R' B R B2 D2 R2 B
2401664,54321672212231,11,7,5,19767,3298,16473,R B R2 D2 B2 R B D' R D' B
2401716,54321672232211,11,7,5,24474,4082,20396,R B R' D B' R D B2 R2 D2 B
2401998,54321673313312,11,7,5,24352,4062,20294,R2 B R' B' D B' D2 R2 D R' B
2401999,54321673313321,11,7,5,30463,5080,25387,R2 B R' D B2 D2 R' D B' R' B
2402025,54321673323311,11,6,6,28063,4679,23389,R2 B D' R' D B' R2 D2 R D' B
2402140,54321761211221,11,6,6,18822,3140,15687,R B R B' D B' D2 R' D R2 B'
2402559,54321763113113,11,7,5,17998,3003,14999,R D R' B D2 B' R D' B R B2
2402789,54326171111231,11,7,5,20974,3499,17479,R2 B R B' D2 B D' B R B2 D2
2402798,54326171112233,11,7,5,12386,2067,10323,R B R' D2 R' D2 R D' B' D' R
2402978,54326171321231,11,6,6,19856,3312,16549,R B D' R2 D' R2 D R' B' D' R
2403525,54326711112212,11,6,6,20609,3438,17176,R B D' B R2 D' R B' D2 R2 B
2405345,54327612223232,11,7,5,14707,2456,12255,R B2 R' B D R B' R B' D2 R
2406074,54361272223232,11,7,5,12824,2141,10687,R B2 D2 R' B D R2 D2 B R D
2407178,54362171113133,11,6,6,16451,2745,13711,R B R B D' B2 D R' B R' D'
2407892,54362711111231,11,7,5,11848,1978,9874,R B D' B2 R D R' B D2 B' R
2408094,54362711323112,11,7,5,14613,2438,12179,R D R' D' R D' B R2 D2 B' R
2408628,54367121112212,11,7,5,19635,3275,16364,R B' D' R2 D B R2 D' R2 D B2
2408637,54367121113211,11,8,4,9711,1623,8091,R B D' B2 R2 D' R' B R' B R
2408642,54367121113331,11,6,6,28538,4758,23785,R D2 B D2 B' D R' D R' B' R'
2408941,54367122211121,11,7,5,15531,2592,12943,R B2 D' B' R2 B D2 R' B R D2
2409021,54367122311111,11,7,5,18097,3019,15082,R B2 R' B2 D2 R' D2 R' D' R2 D2
2409264,54367123311113,11,7,5,11738,1961,9781,R B D2 B2 R B' R B' R D R
2409412,54367211132222,11,7,5,15466,2581,12889,R B D B2 R2 B' R B' D' B2 R'
2409452,54367211213333,11,7,5,22836,3808,19032,R D B2 D2 B D R2 D2 R' D2 B
2409464,54367211222132,11,7,5,18005,3004,15005,R B R' B D' B' D B R' B D2
2409582,54367211333213,11,7,5,14257,2380,11881,R B2 R' D B' R' B R B' D R'
2409676,54367212211322,11,7,5,25608,4272,21340,R D R2 D2 R B R2 B2 R' D2 B
2409724,54367212231122,11,7,5,26115,4355,21764,R B D2 B2 D B D2 B2 D' R2 B
2409744,54367212233213,11,7,5,13558,2263,11299,R B R2 D R' D' R2 D' R2 B D'
2409816,54367212332213,11,7,5,20641,3443,17202,R B D2 R D' B' R2 B' D2 R D'
2409822,54367212333113,11,7,5,11545,1928,9621,R B2 R' B D' R' B R D' B R'
2409844,54367213112222,11,7,5,21946,3661,18289,R B' D R' D2 R B2 R' D2 R D'
2410004,54367213312133,11,7,5,19402,3239,16167,R B' R B' R2 B R2 B' R2 B R'
2410100,54371261113331,11,7,5,17256,2880,14380,R B R2 B2 D B' D2 R D R2 B2
2410821,54371621113112,11,6,6,23155,3862,19298,R2 B D B' D2 B R' B R B2 D2
2410828,54371621113322,11,7,5,10593,1768,8829,R B R2 B' R2 D2 B D' B' D2 B
2413193,54376121322233,11,7,5,17137,2859,14282,R B D2 B2 R' B R' D' B R2 D'
2413721,54376211111132,11,6,6,19551,3261,16295,R B2 R2 D2 B' R B D' B D' R2
2413723,54376211111222,11,6,6,18756,3128,15633,R B R B2 R' D' B2 D' B2 D B2
2413739,54376211113133,11,8,4,13505,2253,11255,R B2 D B2 D' B R' D B' D' R'
2414463,54612371112311,11,7,5,23785,3967,19822,R2 B R2 B2 D2 R' D' R D' B D2
2414810,54612372222131,11,7,5,13956,2330,11630,R B D R B2 D B' D2 R2 B' R
2415433,54612732112223,11,7,5,22508,3754,18758,R B2 R' B D' R2 B' D B' D2 B2
2415864,54612733322213,11,7,5,11489,1918,9575,R B2 R' D R' B2 D' R B' D2 B2
2418900,54621371133311,11,6,6,21622,3605,18022,R B D' B D2 B' D B' D R D2
2419147,54621372211121,11,6,6,41185,6868,34322,R B' R D R2 B2 D R B2 R2 D'
2426904,54637211132111,11,7,5,12160,2030,10134,R B R' B2 R D2 B' D B R D'
2427924,54671232221213,11,5,7,17451,2912,14545,R B R2 B D R' B2 R' B' R2 D2
2432157,54712361323313,11,7,5,12159,2029,10134,R B2 D2 R' D' R D' B2 R2 D B
2432320,54712362223322,11,5,7,27214,4539,22681,R B2 R2 B D2 B D2 R' B R2 B2
2435220,54716232222113,11,6,6,19115,3189,15931,R B D' R B' R B' R2 D2 B' R'
2435605,54716321112323,11,7,5,16055,2679,13380,R B D' B2 D B' R B D2 R2 B'
2436016,54716322313223,11,7,5,20033,3342,16695,R B D B2 D2 R2 D' B' R B' R
2437047,54721631111111,11,6,6,54702,9120,45587,B2 R' B R' D' B R2 B R B D'
2437084,54721631122121,11,7,5,16763,2797,13970,R B2 D' R D2 R' D' B R' B2 R2
2437211,54721631311133,11,7,5,16330,2725,13609,R B D2 B' R D2 B' R2 B R D2
2437367,54721632133232,11,7,5,11628,1941,9691,R B2 R' B' R2 D2 B R D B' D2
2437384,54721632212222,11,7,5,12207,2038,10173,R B2 R2 D R D' R2 D' B' R2 B
2437385,54721632212231,11,8,4,13195,2203,10995,R B R' D R B R2 D' B D2 B'
2437675,54721633231322,11,7,5,11963,1997,9970,R B D B' R2 D2 R B D2 B D2
2437720,54721633313321,11,8,4,11946,1995,9954,R B2 R D' R D' B' R B' R D2
2437775,54721633333331,11,8,4,11393,1904,9492,R B R2 D2 R B R2 B D R2 D'
2438808,54723612131312,11,6,6,32221,5372,26854,R D2 R' D2 B R D2 R2 D' R' D2
2438860,54723612221222,11,6,6,33145,5527,27623,R B2 R' D B' R2 B R2 D' R D'
2438868,54723612222212,11,6,6,28128,4690,23443,R B' R2 B' D' B2 D B R2 D' R'
2439024,54723613121312,11,6,6,33038,5509,27534,R D B2 R' D' R2 D R B2 R D'
2439231,54723613333313,11,7,5,17972,2997,14979,R D B2 R' D' B2 D B D2 B R'
2445757,54761233322321,11,7,5,12595,2101,10498,R B D' B2 R2 D' B D' B' D R2
2449157,54763212322232,11,5,7,19799,3301,16504,R B R' B2 R' D2 B D' B' D B'
2449563,56123471222312,11,7,5,12488,2084,10408,R B D' B D' R' B D R' D B2
2449570,56123471223221,11,8,4,11038,1844,9197,R B R B2 D2 B' R' B2 D' R' B
2449664,56123471331332,11,7,5,19683,3282,16405,R D B2 D2 B D B2 D2 B' R2 D
2449675,56123471333123,11,8,4,13519,2258,11264,R B2 R' D R' B' R B R' D R'
2449882,56123472322121,11,7,5,17229,2875,14358,R B D2 B2 D B R2 B2 R' B2 D
2449907,56123472331331,11,7,5,12381,2068,10317,R B R2 B2 R D R2 D2 R' B2 D
2450000,56123473133132,11,7,5,17932,2991,14945,R B' R D' R2 D B2 D' B2 D R'
2450003,56123473133231,11,7,5,13483,2250,11237,R B R D2 B2 D' R' B2 D' B' R
2450043,56123473222112,11,7,5,13355,2229,11130,R B R' D R' D' B R B' D B2
2450058,56123473223312,11,7,5,10008,1672,8340,R B R' D R D2 R B' R2 D2 B
2450130,56123473322312,11,6,6,12969,2164,10810,R B D' B D R2 D B' D2 R2 B
2450903,56124371111231,11,6,6,15676,2617,13064,R B R' B2 D B R' B R2 B' R
2451049,56124371232323,11,7,5,17409,2905,14508,R D R' B' R D' B D2 R2 B' R
2453803,56127433332323,11,6,6,20917,3489,17433,R B2 R2 D2 B D' R B' D2 B R
2454299,56132472333332,11,6,6,19806,3304,16507,R B2 D2 R2 B D' R B2 D' B R'
2454381,56132473211111,11,6,6,17054,2844,14215,R B D' B' D' R2 B2 D' R D' B
2454402,56132473213211,11,7,5,12736,2125,10615,R B2 R D B' D2 B D B2 D2 R'
2460364,56143273332323,11,7,5,22480,3749,18735,R D2 R' B D B D' B R' D2 B
2461223,56147231222132,11,8,4,19714,3289,16428,R2 B D' B R2 B2 D' R D' R' D
2461341,56147231333213,11,7,5,18057,3014,15047,R B R2 D2 B2 R B R' B D' R
2461503,56147232233213,11,7,5,21540,3595,17949,R B R' B R' B D R2 B2 D2 R
2461575,56147232332213,11,5,7,27897,4653,23250,R B D' R B' R B R2 D2 B2 R
2461581,56147232333113,11,7,5,14472,2417,12059,R B D2 R2 B2 D R B' R B' R
2462315,56147322333233,11,5,7,26858,4478,22386,R D R' D' B' D R2 B' R D2 R'
2464767,56173421113112,11,7,5,11499,1919,9584,R B D2 B' D R' D' B2 R D' R
2465936,56174232323333,11,5,7,23932,3991,19947,R B' D B R2 D2 B R B2 R2 D'
2466351,56174321232113,11,5,7,28045,4675,23376,R D R2 D2 B' D R' D' B D2 R'
2466936,56213471111111,11,6,6,25273,4214,21064,R B D' B2 D B2 R' D R D B'
2468339,56213743313333,11,4,8,29606,4938,24675,R B R2 B' D2 R2 B R B' R B'
2477700,56243173133111,11,7,5,18527,3091,15440,R B' R2 B D2 B2 D R2 B D2 B'
2478392,56243713121333,11,5,7,16451,2744,13713,R B R2 D B D2 R' D B2 D2 R
2479082,56247132333233,11,7,5,16256,2711,13549,R B D' R' D' R D2 B' D B2 D'
2481279,56271433111313,11,5,7,21936,3659,18283,R B2 R B2 R2 B' R2 D' R2 D2 B
2481324,56271433123313,11,5,7,21081,3516,17571,R B2 R2 D' B R' B' D R D' R
2481342,56271433132313,11,8,4,14460,2413,12050,R B2 R2 D' R D' B' R D B' D
2483435,56274132331133,11,8,4,11553,1929,9627,R B R D B2 R D' B2 R2 D' B
2484129,56274312313211,11,5,7,42310,7054,35262,R D R' D B D2 R' D R B2 R'
2489452,56321473233323,11,6,6,13789,2301,11493,R B R' D2 R' D R B2 D' B D
2489859,56321742211112,11,7,5,18914,3155,15763,R D R D2 R' B R2 D' B2 D B'
2490380,56324171221331,11,7,5,9932,1659,8277,R B R' B R2 D' B D' R2 B2 D
2492540,56327411211332,11,7,5,11019,1840,9183,R B R' B' D B R2 D2 B2 R D
2493036,56327413213112,11,7,5,13600,2271,11333,R B R' B2 D2 R' B R' B' R D2
2493696,56341273121213,11,6,6,20334,3392,16947,R D B2 D2 B R B R' D2 R' B
2493723,56341273131212,11,7,5,20310,3389,16925,R B' R2 D2 R B D R' B2 D B
2496578,56347122333233,11,6,6,17450,2911,14544,R B' R B D2 B' R B2 D' B2 D
2496924,56347211213111,11,6,6,16922,2824,14103,R B D R' B D R' D R2 D2 R
2496944,56347211222132,11,7,5,14871,2483,12392,R B2 R B' D R' B' D R' B R2
2496996,56347211312111,11,7,5,19062,3181,15885,R B R B' R2 B' D' R D B2 R'
2497043,56347211331131,11,7,5,12704,2122,10586,R B R D' R2 B2 R D R2 D R2
2497072,56347212111221,11,6,6,24257,4045,20217,R2 B2 R' B R2 D' B' R' D2 B D
2497074,56347212111311,11,7,5,20970,3498,17476,R B' D' B R2 B R D' B' D2 R
2497118,56347212123233,11,6,6,20411,3405,17011,R B2 D' R B2 R' B' R B' D2 B2
2497216,56347212232223,11,6,6,15042,2509,12538,R B2 R D B2 D' R2 D B' R' D2
2497314,56347213111211,11,8,4,15600,2604,12999,R B' R' B R2 B D B' D' B2 R
2497373,56347213131332,11,7,5,15912,2655,13261,R B2 R2 D B R' D2 R' D' R2 D
2507900,56423171231231,11,7,5,9212,1538,7678,R B R' B' D B' R2 D2 B' R' D
2507902,56423171231321,11,6,6,16698,2785,13918,R B2 R2 D2 B' R D B' D B' R2
2507956,56423171321321,11,7,5,11435,1908,9531,R B2 D R2 D' B D' B R' D' R'
2508013,56423172112121,11,6,6,20811,3471,17345,R B2 D2 R2 B R' D B2 R' D B'
2508310,56423173132121,11,6,6,15104,2520,12589,R B2 R' B' R2 D R' D2 R D' B2
2508318,56423173133111,11,7,5,14773,2467,12310,R B2 D2 R2 B R D' R2 B R' B
2513386,56432713122122,11,7,5,16562,2764,13802,R B2 R' D B' R2 D' R B' R2 B2
2519568,56712341232113,11,6,6,13349,2229,11125,R B R' B' D R2 D R' B R2 B2
2519992,56712343211123,11,7,5,15097,2521,12580,R B2 R' B R2 B' D R2 B' R' B
2524337,56721343123331,11,8,4,14200,2371,11832,R B R2 B2 R' B R2 D' B2 D B
2524946,56721432312233,11,5,7,21605,3604,18007,R D R B' R' D R' D' R B2 R
2526009,56723411113313,11,7,5,11486,1918,9572,R B D R' D2 B2 D B R2 B R2
2526012,56723411121113,11,7,5,14403,2403,12004,R B D B' R2 B' D' B D B2 R'
2526039,56723411131112,11,6,6,22815,3805,19015,R B R D' R2 D' R' D B D2 R'
2526108,56723411222312,11,8,4,9738,1627,8114,R B2 R B' R D' B' D R' D R2
2526270,56723412122312,11,7,5,17252,2879,14377,R B R2 D2 R D B2 D R D2 R'
2526439,56723412323222,11,7,5,17305,2889,14420,R B D R2 B' R B' R' B2 D R
2526582,56723413221212,11,6,6,21545,3595,17955,R B D2 R2 D B R2 B R B2 R'
2526588,56723413222112,11,8,4,10785,1801,8987,R B2 R D' B R' B' D B' D R2
2526687,56723413331111,11,6,6,12005,2006,10004,R B R B' R2 D2 R B R2 B R2
2530152,56732143122113,11,7,5,15394,2570,12828,R B' R' D R2 B' R B' R' B2 R'
2532579,56741231121311,11,6,6,17290,2885,14410,R B R2 B' D B D2 R' B' D R
2532603,56741231131211,11,6,6,19720,3289,16436,R D B2 D' R B D2 R' D' B R
2532629,56741231211131,11,7,5,16624,2774,13854,R D B R' D2 R D' R B' D2 R
2532709,56741231311121,11,8,4,11569,1933,9639,R B R B' R2 B D' R D' B2 R
2532789,56741232111113,11,6,6,20036,3343,16698,R B2 D2 R' D R B2 R2 D R D
2533032,56741233111112,11,7,5,16147,2694,13457,R B2 R2 D2 B D' B R' D2 R D
2536474,56743212122222,11,5,7,33372,5564,27814,R B2 R2 D' B R' B' D R2 B' D'
2536546,56743212221222,11,5,7,38656,6444,32218,R D B2 D2 B' D' R2 B R2 B' D2
2536707,56743213121213,11,6,6,26475,4415,22065,R D B2 R' D R D B2 D2 R' B
2536710,56743213121312,11,7,5,20640,3443,17201,R B' R2 B' R D B D2 B2 D B
2536901,56743213331333,11,7,5,21319,3556,17767,R D R2 D2 R' B' R2 D R2 D' B2
2536920,57123461111111,11,6,6,20863,3481,17387,R B R' D2 R B2 D' R D R B'
2553990,57164322131312,11,5,7,32068,5348,26726,R B R' B2 R D R2 D R' B' D
2556086,57214361323232,11,7,5,12307,2054,10257,R B R' D2 B D B' D R2 D' R
2556939,57214632212213,11,6,6,38690,6453,32242,R2 B R' D R B' R2 B' R2 B R
2561729,57236141113232,11,7,5,13913,2321,11596,R B D' B2 D' R2 D B' R' D' R
2561909,57236141322233,11,7,5,14447,2412,12039,R B R' B2 R' B2 R D' R' D' R
2561918,57236141323232,11,7,5,17674,2949,14729,R2 B D R' B2 R D' B R D2 B2
2564091,57241631322113,11,7,5,11199,1870,9333,R B R2 B2 D' B R2 B' D R2 D'
2564100,57241631323112,11,6,6,13596,2270,11331,R B R2 B2 D' R D2 R' B R2 B'
2566094,57246131112233,11,7,5,16717,2789,13932,R B D2 B2 R' D R' D' R B2 D'
2570704,57264132111323,11,5,7,27220,4541,22685,R B2 R2 B R2 B R2 D' R B2 R2
2577177,57321641311112,11,7,5,12907,2155,10756,R B2 D' R B' D' R D2 R B D
2577422,57321642311132,11,6,6,22217,3706,18516,R B R' B D B D2 R2 D B2 R2
2589027,57364212213311,11,6,6,27974,4664,23315,R D B' R' D' B2 R2 D' R B' D
2589105,57364212313211,11,5,7,34996,5836,29166,R B R D2 R B2 R B' R2 D2 B'
2589391,57364213332122,11,7,5,11477,1916,9565,R B R2 B2 D R' D B' D B D
2622238,57642311113322,11,7,5,14712,2455,12261,R B D' R D2 R2 D B D2 B R'
2624785,61234572231323,11,7,5,13344,2226,11122,R B2 D R2 D' R D' B D' B' D
2625033,61234573232213,11,8,4,10319,1724,8598,R B R D2 B D2 B R' B R2 D2
2626769,61235741313131,11,6,6,26812,4472,22345,R B' D' B D R D2 R2 B' R B
2636695,61257343232123,11,6,6,16101,2686,13420,R B D' B2 D B' R B' R2 B2 D2
2639162,61274351313131,11,6,6,20315,3389,16931,R B D2 R B R2 D' B D2 B2 R
2640094,61274532231323,11,7,5,14985,2501,12488,R B R2 D2 B' R D B' R B2 D
2651047,61352472233321,11,8,4,10189,1703,8489,R B R' B D2 B R B R D2 B2
2651070,61352472313211,11,6,6,107937,17992,89950,R2 B' R2 B' D' B' D R2 B R' D
2669037,61452731311313,11,7,5,14276,2382,11898,R B' R' D' R D' R' B2 R' D' B
2670327,61453721111111,11,6,6,20326,3390,16941,R B D' R2 D B' R D B2 R2 D2
2670489,61453721311112,11,7,5,12999,2169,10834,R B D2 B' D B' D2 R D2 R' B2
2670814,61453723111121,11,7,5,12664,2113,10555,R B D B2 R2 D B R2 D2 B' D'
2673539,61472532123332,11,6,6,15285,2550,12740,R B D R' D R' B D2 B' D2 R'
2673738,61472533112111,11,8,4,11422,1909,9516,R B R B2 D2 R B' R' D R2 B2
2680533,61527431111111,11,6,6,24759,4130,20634,R B' R B D2 R' D R' B D' R2
2683127,61534272311132,11,6,6,21263,3548,17720,R B2 R' B2 R D' B R' B2 R B
2683464,61534721112311,11,8,4,12236,2042,10197,R B2 R' D2 R' D B' D2 R2 D' B
2683470,61534721113211,11,7,5,12514,2090,10428,R B D2 B R' B R' B D2 R' B
2687094,61543271111111,11,6,6,34297,5720,28582,R B' D2 R' B D R B2 R B' D
2687109,61543271112311,11,7,5,18589,3101,15492,R B' R2 B' D B2 D B2 R D B2
2691160,61572432312323,11,6,6,20461,3413,17053,R B R2 B' D B2 R' B' D2 B R'
2701556,61734523222331,11,7,5,15338,2560,12782,R2 B R B' R D B2 D2 R' B' D
2712319,62134572321323,11,8,4,11782,1967,9818,R B' R D R' B2 D2 B D' R2 D'
2713375,62135471122121,11,6,6,18180,3032,15153,R B2 R2 B' D' B R2 D' B D B2
2713646,62135472132131,11,7,5,9774,1631,8147,R B D R2 D' R' D2 B D2 B' D2
2713862,62135473122131,11,6,6,14050,2345,11710,R B R B' D2 R2 D R' D R2 D2
2713870,62135473123121,11,6,6,17626,2940,14691,R D R B' D B' D R2 D' B2 R
2713880,62135473131131,11,7,5,16574,2765,13813,R B2 R2 B' D B' R2 D R' D' B2
2713888,62135473132121,11,6,6,15745,2627,13123,R B2 D2 R2 D B D B' R B' R2
2713973,62135473232231,11,7,5,13071,2182,10893,R B2 R D2 B2 R' B D' R2 B2 D2
2714029,62135473322321,11,6,6,13310,2220,11095,R B2 D2 R' D' B R' D2 B D' R2
2714678,62135743222331,11,7,5,10377,1733,8648,R B R' B' R D' R2 B2 D' B' R2
2714728,62135743312223,11,5,7,34300,5720,28586,R2 B R2 B2 D2 R' B' D R' B R2
2719702,62147353123121,11,7,5,10825,1807,9022,R B2 D' R' B' D2 R B' D2 B' R2
2719720,62147353132121,11,7,5,14991,2502,12493,R B R B2 D' R B' D B' R' D2
2723491,62154733321121,11,6,6,14609,2438,12176,R B D' R' D B2 D R2 B' R2 B
2723853,62157342132212,11,7,5,19760,3297,16467,R B R2 B R D' B2 D' R' B2 D
2726363,62173543232132,11,7,5,13149,2196,10957,R B2 D R B2 R B2 D2 R B' D2
2726498,62174351122133,11,4,8,25950,4327,21630,R B R2 D2 B R2 B R D' B D'
2727840,62174533311212,11,7,5,15072,2516,12560,R B D' R2 B' R B D' R2 B2 D2
2732787,62317453112111,11,7,5,12715,2122,10597,R B D B2 D B' D' R D' R2 B
2732952,62317453312211,11,7,5,14044,2344,11704,R D' R2 D' B R2 B D2 R B D2
2739349,62351743112123,11,7,5,29919,4989,24934,R2 D R' B R2 D R' B' D' B2 D'
2743152,62371453311311,11,7,5,12725,2124,10605,R B D' B' D R B' D R2 D' R
2744889,62374511322311,11,6,6,14684,2450,12239,R B R' B2 D' B D R' D B2 R2
2745187,62374513112321,11,6,6,17142,2859,14288,R B' R2 B' R' D' R D2 B D' B2
2745342,62374513312112,11,7,5,10476,1749,8731,R B R B2 D R' D B2 D B' D2
2753030,62435172211133,11,6,6,20304,3387,16922,R D R' D2 B2 D R B D' R2 B
2753111,62435172311132,11,6,6,25797,4302,21500,R D B R2 B2 R D R D' B2 D'
2753554,62435711222222,11,6,6,17444,2912,14537,R B R' D R' B R2 B2 R D R
2758456,62453713311122,11,6,6,25415,4239,21181,R B' D B2 R' B D B' R B2 R2
2761112,62471532232133,11,6,6,23010,3839,19176,R B R B2 R B D2 B' R' B2 D
2763115,62475131322323,11,7,5,14972,2498,12478,R B R' D B2 R' B2 R' D B' D'
2769179,62531472321233,11,7,5,13655,2278,11381,R B D' B D R2 D2 B' D' R D2
2775384,62543711211113,11,7,5,11989,2000,9993,R B2 D' B' R' D2 B D' R2 D' R2
2775465,62543711311112,11,7,5,14664,2448,12220,R B R D2 B' R B' R D' R' B2
2778656,62571432321233,11,7,5,17204,2869,14339,R B' D' B2 D B' R2 D B2 D' R2
2789769,62735143223213,11,7,5,17960,2997,14967,R B' D2 B' R' B2 R' B D R2 B2
2801563,63125741112323,11,5,7,33055,5512,27549,R2 B R' B D R2 B2 D' R2 D B
2802092,63125743131233,11,5,7,20036,3344,16698,R B R' B D' R B2 R2 B R B
2802111,63125743133312,11,5,7,17313,2888,14431,R B D2 B D' R' B D' R2 B R'
2803734,63142571111111,11,6,6,32951,5496,27460,R B R' D' B R2 B R B' R2 B2
2803804,63142571132321,11,6,6,37550,6261,31294,R2 B' D2 R B D2 B R2 B D' B2
2804230,63142573112123,11,6,6,19628,3275,16358,R2 B' R2 D B R2 B R2 B D' R2
2812903,63172452312323,11,7,5,14197,2371,11830,R B R B R D2 R B' R D2 B2
2812908,63172452313211,11,6,6,46812,7805,39012,R2 B' R B R' D2 R' D' R' B D2
2815139,63174522332132,11,7,5,10544,1761,8787,R B R2 D' R2 D B2 R' D R B'
2824922,63247511123132,11,6,6,17122,2855,14272,R B D' B D' B' D' R B2 D B'
2826896,63251743133231,11,7,5,14865,2480,12389,R D R' B2 D R' D R D' B2 D'
2845455,63452711311313,11,7,5,15082,2518,12568,R B2 D2 R2 B R B' R2 D B' R
2845768,63452712333221,11,8,4,13156,2196,10963,R B2 R B D' B2 D B D2 B2 R'
2848493,63471522123131,11,6,6,19979,3333,16651,R B' R' B' R D2 R' D2 R' D R
2848655,63471522323132,11,6,6,20572,3431,17146,R D2 B' R B' R' B D2 B D B
2848673,63471522332132,11,7,5,11474,1915,9563,R B' R' D' B R2 B' D2 B' D R
2849957,63472512123332,11,7,5,17372,2900,14476,R B R B2 R' D B2 R' B2 R B'
2853251,63512743313333,11,5,7,28755,4795,23966,R B D' B R B2 D2 R' D2 R2 B'
2860689,63541271212211,11,7,5,26990,4502,22492,R2 B D B' R B R2 B2 D' B' R
2863304,63542713121333,11,4,8,24124,4023,20108,R B' R B2 R D' R B' R' D2 B2
2868905,63574212123131,11,6,6,14839,2476,12368,R B R2 D2 R B' D' R2 D' R D'
2869041,63574212313211,11,6,6,54542,9094,45453,R D' R B R B2 R D' B' R B'
2870424,63712542221111,11,5,7,22718,3789,18935,R B R' B D B2 D2 R' B' R D2
2871092,63714252123131,11,6,6,19595,3269,16331,R B2 R' B2 R B' R D' B2 D B
2871547,63714521112323,11,7,5,15713,2623,13094,R B D2 R' D' R' B R' B R' B2
2872001,63714522332132,11,8,4,9265,1549,7719,R B R D2 R' D R2 B' R2 B D2
2874607,63721541233322,11,8,4,11948,1994,9957,R B D' R2 D' R' D' B D2 R' D
2875692,63724153121213,11,5,7,38488,6416,32078,R D B R2 D2 B D' R D' R D'
2876650,63725141112323,11,5,7,26366,4397,21975,R D R2 B' R B R2 D2 B R' D'
2876788,63725141233121,11,7,5,10297,1719,8582,R B R' B D' B D2 R B' D' B'
2876924,63725142123131,11,6,6,22791,3800,18996,R D B D2 B2 D B R D' R2 D'
2877005,63725142223133,11,7,5,32559,5430,27133,R D R' B2 D2 B R B R' D2 B
2877156,63725143122113,11,6,6,17653,2944,14714,R B2 D' R2 D R2 B' D B2 D2 B'
2877171,63725143123313,11,7,5,23889,3983,19910,R2 B2 D2 B' D R' D2 B' R D' B2
2878459,63741252222323,11,5,7,25422,4239,21189,R B2 D B2 D' R D' R B' R' D
2879111,63741522123131,11,6,6,23928,3992,19941,R B R D2 R B R2 B' R' D2 B
2880427,63742511232221,11,7,5,11979,1999,9984,R B R2 D2 B' D B' R' D2 B2 R
2881533,63745123122212,11,7,5,13839,2310,11533,R B R2 D' B R2 B' D' R2 B2 D
2882824,63751242221321,11,7,5,18337,3058,15283,R B' D B R' B2 D2 B D' B2 D'
2883723,63751423122311,11,6,6,18126,3024,15107,R B D' R B' R B' D2 B D2 R'
2883924,63752141111111,11,7,5,24231,4041,20194,R D R' D B' D R2 D2 R D' R'
2883963,63752141122211,11,7,5,20715,3457,17262,R B' R2 D R' B' R B R' B D2
2883972,63752141123213,11,7,5,19866,3314,16556,R B R' B2 R' D B2 D2 B' D2 R
2884394,63752142332132,11,7,5,10578,1766,8816,R B R D2 R' D' R2 B D2 B' D2
2884459,63752143123223,11,8,4,10299,1721,8581,R B D R2 B2 R' B' R' D R2 D2
2884507,63752143212323,11,7,5,10558,1764,8798,R B R B2 R2 B D R' D B' R'
2884537,63752143223123,11,7,5,12660,2113,10551,R B' R2 B D B2 R2 D2 B D' R'
2884782,63752411223212,11,8,4,10149,1695,8457,R B R D' B2 D' B D R D2 R2
2884890,63752411333213,11,7,5,16823,2809,14018,R2 B2 R' B R D' R2 B2 R B2 R
2885074,63752412312323,11,6,6,21596,3602,17999,R D B2 R2 D B' R B' R2 B D'
2885094,63752412322112,11,7,5,12432,2075,10361,R B D B' D2 B' R D R D2 R2
2885130,63752412333113,11,7,5,24161,4031,20134,R2 B2 R' D R D' R2 B2 R D2 R
2886634,63754213122122,11,7,5,12415,2072,10347,R B R' B D' B2 D B D2 R' D
2888358,64125371131313,11,6,6,27161,4530,22636,R B' D2 B R' D R' B2 R' B R'
2899308,64157321133212,11,6,6,33504,5587,27922,R2 D R2 B2 D' R' D B' R B2 R
2909117,64231572311132,11,7,5,15600,2605,12999,R B D R2 B' R' D2 R B R2 B
2916022,64257131113223,11,7,5,10896,1819,9081,R B D B2 R2 D' B R' B' D2 R2
2918784,64271533221212,11,5,7,17165,2863,14308,R B2 D' R2 B D' R' B D' R D'
2920468,64275131212223,11,6,6,24866,4147,20724,R B D2 R2 B' R' D B' D R2 D
2920546,64275131312123,11,7,5,17851,2978,14877,R B R' D R' D B2 R D' R' D'
2920700,64275132211133,11,6,6,21471,3581,17895,R D B' D2 R2 D B R B' R2 D
2920763,64275132232133,11,6,6,25725,4291,21439,R D R B2 R2 B D R B' D2 B'
2920995,64275133231112,11,7,5,16129,2691,13442,R B2 D' B2 D R2 B' R D2 R2 D'
2921034,64275133312211,11,7,5,15446,2578,12872,R B D2 R' B D B2 R2 D R' B'
2921120,64275311112332,11,7,5,17431,2909,14526,R B2 R2 B R' B2 D R2 D B2 D2
2921224,64275311222222,11,7,5,16980,2833,14151,R B R D2 B2 R' B D' B' R2 D2
2921763,64275313312211,11,6,6,16449,2744,13710,R B D2 B2 R2 D' B' R B' R D2
2926451,64321572111131,11,6,6,25456,4245,21216,R D2 B' R B R D2 R D' B' D
2926514,64321572132131,11,7,5,12500,2088,10416,R B' R2 B R D2 B2 R B D R2
2926613,64321572311132,11,6,6,18956,3164,15797,R B' R2 B D R2 B2 D R B R2
2928910,64325713121222,11,5,7,36891,6151,30746,R2 B D' B R' D' R D2 R B R'
2930888,64351272132131,11,7,5,11300,1886,9418,R B D2 R' D2 R B2 D' B D B'
2934651,64357212313211,11,5,7,21604,3602,18008,R B D B2 D R2 D B' R2 D2 B'
2934853,64357213231322,11,7,5,21809,3638,18175,R D2 B R2 B' R B' D R' B' D'
2934885,64357213312211,11,8,4,17942,2993,14952,R D R' B' D' B2 R2 D' B R' D
2948169,64531271212211,11,7,5,25969,4332,21641,R2 B R2 B2 D R' D' B D2 R B
2948384,64531272132131,11,7,5,10078,1683,8399,R B D R2 D' R D2 B' R2 B D2
2948600,64531273122131,11,7,5,12069,2015,10058,R B R B' D2 R2 D R' D' R2 D2
2948608,64531273123121,11,8,4,10320,1723,8600,R D R B' D B' D R2 D' B2 R'
2948730,64531273311311,11,7,5,12946,2161,10789,R B R D' R D B2 D2 R' D' R
2948736,64531273312211,11,6,6,15583,2601,12987,R B R B' R D2 R' D R' D R2
2953948,64572131122223,11,7,5,13166,2196,10974,R B R' D2 B D' B' R' D B2 D'
2958777,64713253112111,11,6,6,11751,1962,9794,R B D R' B2 D' R B' D' R B2
2974335,65123471112311,11,7,5,15302,2554,12752,R B R' D' R' D2 B2 R' B R' B
2974478,65123471233232,11,7,5,9516,1589,7931,R B R' B D R2 D R' D' B' D2
2974740,65123472312311,11,7,5,15988,2669,13323,R B2 R B R' D2 R B D2 B2 R'
2978784,65132471212112,11,6,6,15765,2630,13140,R B D' R D' R' B R2 D' B' R'
2978811,65132471222111,11,7,5,13641,2276,11369,R B R' B D' B' D B2 R' D' R'
2978836,65132471231321,11,5,7,22171,3698,18479,R B' D2 R D2 R' B R' D2 R' B
2978902,65132471323121,11,6,6,13408,2237,11176,R B' D' B D2 B R' B' R D2 R2
2978996,65132472131231,11,8,4,8784,1468,7319,R B R B' D2 B' D B R D2 R2
2979032,65132472212231,11,5,7,23896,3985,19917,R2 B2 R B R2 B' D2 B D' B' R2
2979097,65132472233321,11,6,6,29723,4957,24771,R D B2 R2 D R' B R' B2 R D'
2979188,65132473111331,11,5,7,15620,2607,13019,R B' R2 B R B2 D' B2 R B R'
2979366,65132473313312,11,7,5,10657,1781,8880,R B R B2 R B' D B2 D R2 B
2979393,65132473323311,11,7,5,11719,1957,9766,R B R2 D B2 D B' R D2 R B
2979556,65132741223323,11,7,5,13910,2321,11593,R B R' D' R B' D B2 R2 D' B'
2980034,65132743222331,11,8,4,11360,1896,9467,R D B' D' B' R D2 B' R B2 R'
2981039,65134721233232,11,7,5,10945,1828,9121,R B2 D' R2 D R B2 D2 R' B' R2
2986857,65147321232113,11,6,6,22808,3805,19008,R B' D R2 B' R B D' R D2 R2
2988242,65172431132333,11,5,7,25599,4270,21335,R B2 R B R2 B D' R' B2 D2 R'
2990648,65174232123131,11,6,6,21707,3620,18092,R B R2 D2 B R' B D' B2 D B'
2990679,65174232133313,11,5,7,26880,4484,22402,R B R B' D2 R' B D R B2 R2
2990814,65174232323312,11,6,6,22303,3720,18588,R B2 R' B D2 R' B' D' B2 R D
2991054,65174233323212,11,7,5,15376,2566,12814,R B2 R' D B2 R' B' D' R2 B D
2991063,65174233331213,11,6,6,17646,2945,14706,R B D R' B2 D' R D R B2 R2
2991513,65174322313211,11,6,6,19951,3330,16626,R B R B2 R B2 R B' D2 R2 B'
2991700,65174323223123,11,8,4,11034,1842,9195,R B2 D' B' D2 B R2 D' R D R2
2992545,65213741111111,11,6,6,26022,4339,21688,R B D' R2 D B' R D' R2 D2 B2
3000564,65241371111111,11,6,6,45345,7561,37789,R B2 R B' D R D2 B' R D R2
3003028,65243712121322,11,6,6,26997,4503,22499,R B2 R D2 R2 D B2 R D2 R2 B2
3005171,65271341332331,11,8,4,8328,1392,6939,R B R2 D2 B R' B D' B R' B'
3006050,65271432231233,11,8,4,11584,1935,9652,R B R B' D R' D R2 D B D
3007854,65274131111111,11,7,5,27718,4622,23100,R B' R D' B2 D B2 R' D B D
3008022,65274131311313,11,7,5,10750,1796,8958,R B R D' R B2 R' D2 B R' B
3008028,65274131312213,11,7,5,25631,4277,21358,R B2 R B' R D R2 B' R D R
3008150,65274132123332,11,7,5,24034,4009,20029,R B D R' D R' B D2 B' D2 R
3008407,65274133132223,11,7,5,14650,2446,12208,R B2 R B2 R2 D R B D' R2 D'
3008491,65274133232321,11,7,5,14352,2396,11960,R B D' R D' B R2 B2 R B' R'
3008515,65274133312223,11,7,5,24782,4135,20651,R B R D' R2 B R D' R D2 R
3011177,65314272311132,11,6,6,14737,2460,12282,R B R B' R2 B' D' R B2 R2 D'
3011196,65314272313211,11,6,6,58937,9825,49117,R D' R B' R' D R2 D B D B'
3013930,65321472111122,11,6,6,21800,3635,18170,R B D B2 D' B R2 D' R2 D B'
3030597,65417321232113,11,7,5,15157,2530,12631,R B D R2 B2 D R D2 B2 R' B'
3031066,65417323223123,11,6,6,14250,2378,11877,R B D2 B' R B' D2 R B2 R' D2
3031084,65417323232123,11,6,6,11995,2002,9998,R B D' B2 D B' R B D2 R2 B2
3034051,65423713321322,11,6,6,19032,3175,15862,R B R2 D2 B2 D' R D' R B2 R'
3037651,65432173232321,11,6,6,18042,3010,15037,R B' R2 D' B R B R2 B D' B'
3039996,65471231132213,11,6,6,20581,3435,17151,R B2 R B R' B R2 D' R B R'
3048562,65714323223123,11,7,5,12687,2118,10573,R B2 R D' R2 B' R' D' R2 D' R
3050817,65723143321313,11,7,5,12858,2147,10715,R B R2 B R' B' D B' D2 R B'
3055474,65732411333123,11,8,4,20341,3394,16950,R2 B D2 R2 B2 D R D' B D' R
3059709,65742311212313,11,8,4,9809,1639,8173,R B2 R' B2 R' B R2 D B2 D B2
3066981,67132541133311,11,7,5,23824,3973,19855,R D' R2 B2 R' B2 D B2 D2 B D'
3074757,67145323133312,11,7,5,15085,2519,12570,R B2 R2 B D' B2 R B2 R B2 R2
3078539,67154233323332,11,7,5,14316,2389,11931,R B D' B R2 B2 D' R D' R' D
3082934,67215343333133,11,5,7,20796,3468,17334,R B R2 B D2 B' D R' D' B2 R2
3084606,67231541323112,11,6,6,24083,4016,20072,R D' B2 R D' B R' B' D' R B2
3085093,67231543323122,11,8,4,16826,2807,14022,R D' R2 B D' B D' R' D' R D2
3086569,67234513332122,11,7,5,10842,1810,9036,R B R2 B2 D R' D B' D B D2
3091147,67245131313323,11,8,4,10766,1797,8972,R B D R2 D' R' D2 B D' B' R'
3091704,67245311112311,11,7,5,20368,3398,16974,R D R' D B R2 B R2 D2 B D
3091766,67245311133233,11,8,4,12138,2026,10115,R B D' R' D2 R' D' B2 R D2 R'
3096119,67254311131133,11,7,5,18762,3129,15637,R2 B D2 B' D2 R D' R2 D B D'
3096711,67254313311113,11,7,5,11836,1976,9864,R B R' D R2 D' B D' R B D2
3097195,67312452233321,11,6,6,21673,3615,18063,R B D2 B' D B2 R' B' R2 B R'
3097552,67312541121221,11,8,4,11578,1935,9646,R B D R' B2 R' B R2 D R' B
3097872,67312542221111,11,7,5,17378,2900,14482,R B' R' D2 R B' R2 D R2 D' R2
3101167,67321451111123,11,7,5,14889,2485,12408,R B R' B R' D' B2 R2 D' B R
3101181,67321451112311,11,6,6,13149,2195,10959,R B D' R B2 R' B R' D' B R2
3101259,67321451212211,11,6,6,27606,4605,23006,R2 B R' D' R D R' B R2 B' R
3101330,67321451311133,11,6,6,19931,3324,16612,R B D' B' R D' R B2 D' R' D2
3101410,67321452111122,11,7,5,13257,2212,11049,R B R D' R D' B D2 B' D2 R'
3101676,67321453113311,11,7,5,13151,2194,10961,R B2 R' D' R' D B2 D B2 D' R2
3102284,67321542232133,11,6,6,22047,3678,18374,R B D B2 R' B' R2 B D R2 D
3105907,67341252222323,11,7,5,16566,2766,13804,R B D2 R2 B' R B R' B R2 D
3108087,67342512222113,11,8,4,11258,1881,9380,R B R' B R B' D2 R D' B R'
3108827,67345122223133,11,6,6,26745,4460,22290,R D B' R2 D2 R D B R' B2 D
3108845,67345122232133,11,6,6,32778,5466,27317,R D R D2 R2 D R D B' R2 B'
3109186,67345211111123,11,7,5,10667,1781,8890,R B R' B R' D' B2 R2 D' B R'
3109187,67345211111132,11,7,5,18159,3029,15134,R B2 R2 D2 B D' B' D R' D R2
3109199,67345211112233,11,7,5,10425,1741,8688,R B2 R2 B' R B D' B2 R2 D' B
3109210,67345211113322,11,7,5,16764,2796,13972,R B D' B' D R2 D B' D R2 D'
3109267,67345211211122,11,6,6,24297,4053,20249,R B2 R2 D2 R' D R D2 R2 B2 R'
3109349,67345211311133,11,7,5,14445,2411,12038,R B2 R B' R2 B' R2 D B2 D' B
3109429,67345212111122,11,6,6,18880,3149,15736,R B R D' R D' B D2 B' D2 R
3109673,67345213111133,11,6,6,13878,2316,11567,R B2 D2 R2 B' R D' R D2 B' R
3112830,67354121111111,11,5,7,21489,3587,17908,R B R B2 R B R2 B R B R'
3113650,67354211212121,11,6,6,18576,3099,15482,R B R' B2 R D' B2 R D B D2
3113739,67354211313113,11,7,5,19595,3270,16329,R2 B2 R' D B D' R2 B2 R B2 R
3113793,67354211333111,11,7,5,16892,2819,14077,R2 B2 R' B D B' R2 D2 R D2 R
3113806,67354212111221,11,7,5,14719,2456,12267,R B2 R' B R2 D' B' R' D2 B D
3113896,67354212212222,11,5,7,26850,4477,22379,R B D R2 D B D B' R2 D' R2
3113966,67354212311132,11,6,6,17891,2986,14910,R B D2 R2 B R' B R' D2 R B'
3114051,67354213111313,11,8,4,12512,2089,10426,R B' D R B2 D' B2 R D R2 D'
3114105,67354213131311,11,6,6,17810,2970,14845,R B' R D B2 R' D2 B D B2 D'
3114128,67354213211132,11,5,7,25098,4185,20919,R B2 R' D' R D2 B' D' R' B R2
3114233,67354213313333,11,6,6,17028,2841,14192,R B D R2 D B2 D B' R' B R2
3114838,67412353132121,11,7,5,14456,2412,12048,R D2 R' B2 R' D B' R2 D2 R' D
3115003,67412353332221,11,7,5,12098,2020,10082,R B D' B2 R2 B D2 B R2 D R
3115073,67412531131133,11,7,5,13218,2207,11015,R B D2 B2 R B' R' B D2 R D
3126177,67435121332112,11,7,5,10911,1822,9093,R B D2 R' D2 R' B D' B2 R2 B
3126484,67435123123121,11,7,5,10047,1677,8374,R B D2 R' D2 R' D R' D2 B2 D
3130277,67452313321232,11,7,5,21011,3507,17508,R B2 R D2 R2 B R' B' R B' R
3149908,71234563231322,11,6,6,23190,3867,19328,R B2 D B' R D B' R2 D2 B D
3163369,71263541333222,11,7,5,19982,3334,16652,R2 B' R2 D B D2 B R2 B R' B2
3163582,71263542323123,11,7,5,21872,3649,18227,R2 B' D2 R B R2 B D2 B R' D2
3165136,71264533131323,11,7,5,20299,3387,16916,R B R2 B R2 B' R D2 B' D2 B
3165190,71264533221323,11,6,6,17922,2990,14937,R B R2 D B' R2 D2 R B' R' D2
3165214,71264533231223,11,7,5,22473,3749,18728,R B' D R2 D' R D' R D R' B2
3165216,71264533231313,11,7,5,26184,4366,21822,R B D2 B' D2 B D' R2 D' R D2
3169779,71326451211311,11,6,6,13310,2220,11095,R B2 R' D' B' R D2 B R' D B'
3170242,71326453132121,11,7,5,13670,2282,11392,R B2 R' B2 R' B R' B2 D2 B' D
3171147,71326543333313,11,5,7,33389,5568,27827,R B2 R2 B R2 B2 D2 B R2 B2 D'
3172916,71345262132131,11,8,4,11349,1894,9458,R D B2 R' D2 R' D B' D2 R2 D
3180408,71362453113311,11,7,5,17948,2996,14956,R B R' D' R D R' B R2 B' R
3184251,71365423331312,11,5,7,26605,4435,22176,R B2 R2 D2 B' D2 B' D' B R' B'
3184862,71423563213232,11,8,4,10393,1736,8660,R B R' D2 R' D R2 B' D2 B R'
3185591,71423653213232,11,8,4,11036,1843,9196,R B' R' D' R B2 D' B R2 B' D
3187848,71426353312211,11,7,5,20568,3432,17140,R B2 R D R2 D' R' B2 D B R
3188641,71426533333223,11,6,6,23528,3923,19610,R B2 R' D B' D B2 D2 R2 B' D'
3188797,71432561232323,11,8,4,12518,2090,10431,R B' R B2 R' D2 B R' D' B' R
3188858,71432561323232,11,7,5,10540,1760,8784,R B R D' B2 R B2 R' D B' D
3188893,71432562111221,11,8,4,11720,1957,9766,R B2 R' D' B' R D2 B' R2 B R2
3189279,71432563232213,11,7,5,20614,3439,17179,R B2 D B R2 D2 B D' R B2 R'
3189339,71432563323113,11,7,5,14160,2363,11801,R B D2 R' B R2 D R' D' B' D
3189340,71432563323122,11,7,5,14326,2391,11939,R B2 D R B2 D2 R B' D B2 D'
3189357,71432563332113,11,7,5,19575,3265,16314,R B R2 D' B R2 D B' D' B' R
3190307,71435261322233,11,6,6,22159,3697,18467,R B2 R' D R' B R' D R' B2 R2
3190465,71435262222122,11,7,5,12658,2113,10549,R B R D' B2 R' B R' D R' D'
3190672,71435263211123,11,6,6,24928,4158,20775,R B2 R B' R B' R B' D' B2 D2
3190753,71435263311122,11,6,6,24688,4118,20575,R B2 R B' D B' R D' R' B2 R2
3190826,71435263333133,11,5,7,21319,3555,17770,R B2 R2 B' R D2 B' D2 B R2 D'
3190828,71435263333223,11,6,6,19147,3194,15958,R B2 R2 B' D R2 B' D2 B D2 R'
3191561,71435623333331,11,6,6,22490,3750,18745,R D2 R2 B2 D' B' D B' R2 B D'
3192282,71436253333112,11,8,4,14678,2449,12232,R D' B R' B R2 D R' D' B' D2
3193610,71452363213232,11,8,4,11322,1891,9434,R B2 D R' B D B' R2 D2 B R
3194111,71452632222131,11,7,5,12951,2162,10793,R D R' B R' D R' D2 R B2 D'
3194842,71453262222221,11,7,5,14514,2421,12097,R B2 R' D B D R' D2 B D' B'
3195856,71453623311122,11,6,6,29525,4923,24607,R D B2 D' B D' R B2 R' D2 R
3196870,71456321322323,11,7,5,17214,2873,14345,R B2 R D R' B2 D2 R D2 R' B'
3196912,71456322111221,11,8,4,12256,2045,10214,R B2 R' D' B' R' D2 B D2 B' R2
3198148,71462531113322,11,6,6,20092,3350,16747,R D B' R2 D R' D' B' D2 B2 R
3198369,71462532111212,11,7,5,13838,2309,11533,R B D R' D2 B D' B2 R2 D R'
3198393,71462532121112,11,7,5,13296,2220,11080,R B2 R B R2 D' B2 R D B R'
3198613,71462533111223,11,7,5,17779,2966,14817,R D2 B' D R2 D2 R' D R2 B' R2
3198717,71462533221113,11,6,6,17032,2840,14197,R B2 D' B D2 B2 D' R D2 B' R2
3200287,71463523331222,11,6,6,14736,2459,12282,R B D2 R2 B' R B' D' B2 R2 D
3202314,71523463131311,11,7,5,18165,3032,15137,R B2 R B' R2 B' D B2 R B' R2
3202395,71523463231313,11,7,5,20901,3486,17419,R B2 R2 D' B D' B' D R B' D
3202476,71523463331312,11,5,7,23895,3986,19915,R B2 R2 D' R B' R' D R B' R
3206744,71532463221332,11,7,5,11677,1950,9731,R B R D2 R D' R B' D B D
3207883,71534262122222,11,7,5,13258,2213,11049,R D R D2 B2 R D' R B' R D'
3211801,71542633132322,11,6,6,18437,3076,15366,R B R2 D' R2 D R2 B' D B R'
3212948,71543622111131,11,8,4,9156,1530,7629,R B R D2 B2 D' R' B2 R' D2 R
3213190,71543623111121,11,7,5,18585,3102,15487,R B2 R' B R2 B R2 B2 D' R D'
3214137,71546233331213,11,5,7,23062,3847,19221,R B D R' B2 R D' R D R' B2
3214542,71546322231212,11,6,6,14522,2423,12104,R B R' B R' D B2 D R' D B'
3216155,71562433123232,11,7,5,13150,2195,10959,R B D B' D2 B' D R2 B R' B
3216946,71563243221221,11,8,4,11094,1853,9244,R B D' B2 R D' R D R' B2 R'
3223496,71625433213133,11,7,5,20782,3467,17319,R2 B D B' D B' R B' R B2 D
3229851,71643252231212,11,5,7,23265,3880,19391,R B D2 B2 R' B R' D' B R B'
3230904,71643523331213,11,4,8,36503,6085,30425,R B D2 B' D2 B' R D R' B D2
3237177,72134562312212,11,7,5,15900,2653,13251,R B2 D' R2 B D' R B' D B' D
3240608,72136541322233,11,7,5,11215,1872,9347,R B D2 R' D2 B D' R' B D' R2
3241745,72143563222331,11,8,4,10550,1762,8791,R B D' R' D R D' B R2 B' D
3241890,72143651121113,11,7,5,17089,2851,14242,R B R' D' R2 D' B2 D R' B' R'
3241917,72143651131112,11,7,5,16753,2793,13964,R B D' B' D2 B' D2 B D' B' R'
3241962,72143651213111,11,8,4,12853,2146,10710,R B R2 B' D B' D R2 B2 D2 B
3242034,72143651312111,11,7,5,16601,2770,13835,R B R B2 D2 B D B' R2 D2 B
3242112,72143652111311,11,7,5,12300,2053,10251,R B R D2 B' R D' B' D2 R B'
3242352,72143653111211,11,6,6,15593,2603,12995,R B R2 B R D' R B D B2 R'
3243478,72145631233223,11,7,5,10301,1720,8585,R B R' B' D R2 D R' D' B D
3243956,72145633232231,11,7,5,12923,2157,10770,R B R' D' R D2 R B' D' B D
3243982,72145633312223,11,5,7,30579,5098,25487,R D2 B R' D B R2 D' R D B2
3244441,72146352232223,11,6,6,16013,2673,13345,R B R2 B' R2 B R' D R B' D2
3250165,72163452122222,11,7,5,14430,2408,12026,R D R2 B' D B D R2 D2 B' R
3250398,72163453121213,11,6,6,25599,4268,21336,R B2 R2 D' B D' B' D R2 B' D'
3250425,72163453131212,11,7,5,21331,3558,17777,R D R2 D2 R' B' D2 R D2 R' D2
3250448,72163453133333,11,6,6,19563,3264,16304,R B2 R2 D' R B' R' D R2 B' R'
3250592,72163453331333,11,6,6,31783,5300,26488,R D R2 D2 R' B' R2 D R2 D' R2
3251880,72164353131113,11,7,5,19140,3193,15951,R B2 R D R' B D' B2 D' B R'
3253553,72165431113331,11,7,5,10573,1767,8810,R B R' B D' R2 B2 D R B R'
3253770,72165432111113,11,7,5,13647,2278,11373,R B2 R2 B R B' D' B D' B' R
3253771,72165432111122,11,7,5,15438,2577,12865,R D2 R' B2 R B' R' B D2 R D2
3253851,72165432211112,11,8,4,10929,1825,9107,R B2 R' D2 R D' R' D B2 R D2
3253983,72165432323312,11,7,5,14753,2462,12295,R B D2 B' R B' R2 D2 B' R' B2
3254013,72165433111112,11,7,5,17344,2894,14454,R B R2 B' D B D R' D R' D2
3254048,72165433121333,11,6,6,23974,3999,19980,R B2 R2 D2 R D' B2 R B D2 R2
3254126,72165433221233,11,7,5,13321,2224,11101,R B2 R' B R' B2 D2 B' R' B2 R'
3254173,72165433233323,11,6,6,26737,4460,22282,R B' R B R' B2 D R2 D R' D
3254206,72165433321223,11,7,5,12843,2144,10703,R B R' D2 B2 R B' R' B D' B
3254232,72165433331213,11,6,6,25621,4273,21353,R B D' B2 R2 D' R D R B2 D2
3260817,72345611111111,11,6,6,39479,6582,32902,R B' R2 B' R' D' R D2 B D' B
3260889,72345611133113,11,7,5,8836,1476,7364,R B R B2 D' R2 D R2 D2 B' D
3260929,72345611221223,11,7,5,11239,1877,9366,R B R D2 B' R B2 R' D R2 D2
3260938,72345611222222,11,7,5,12089,2017,10076,R B R' B2 R' D' B2 D B' D2 B2
3261041,72345611331332,11,8,4,9482,1583,7902,R B2 D' B' D B' R D2 B' R B'
3261096,72345612122111,11,8,4,12550,2096,10457,R B2 D R' B2 D' R B R' D B
3261284,72345612331331,11,8,4,10924,1826,9101,R B R B' R2 D R' D2 R B2 R2
3261415,72345613221221,11,8,4,8929,1492,7440,R B D2 B R2 B' R2 B' D B D2
3261545,72345613333331,11,7,5,13895,2318,11581,R B' D' R D' B' R B2 D' B2 D
3265936,72356141112323,11,6,6,23822,3974,19853,R B R' D2 R B' R B R2 D2 B'
3266064,72356141232113,11,6,6,12548,2095,10458,R B R' B' D R2 D R D2 R2 B'
3266488,72356143211123,11,6,6,17549,2928,14626,R B R D2 R2 B2 R' B' D B' D
3268016,72361453232333,11,7,5,16056,2679,13381,R B R B2 D' R D' B' R2 D B'
3268589,72361542333233,11,7,5,21683,3618,18069,R2 B D R' D R B2 R2 D' R' B
3271386,72365412222212,11,6,6,14240,2377,11868,R B R2 B R D2 R' D' R2 B D'
3271542,72365413121312,11,7,5,24777,4132,20649,R D' R2 B R B2 R' D' B2 D' B'
3271566,72365413131212,11,5,7,23857,3978,19885,R B R2 D2 R' B' D' B D2 R' D
3271733,72365413331333,11,6,6,20074,3347,16732,R B2 R D' B D2 B' D2 R D' B'
3278310,72435163333313,11,6,6,25052,4176,20881,R D' B D' R2 D' B' D' B R2 D
3290128,72513641232323,11,7,5,12692,2120,10576,R B R2 B' D2 R2 B R' B' R2 B'
3290137,72513641233322,11,8,4,11838,1977,9864,R B' R2 B R' D B2 R' D2 R D2
3292591,72516342313223,11,7,5,16560,2765,13799,R B2 R B R2 B' D' B2 R B R
3294302,72531463321232,11,7,5,19922,3322,16604,R B' R2 D B2 D' R2 D' B' D B2
3295648,72534163211123,11,6,6,23607,3937,19675,R B2 R D B2 D' R' B2 D B D
3298728,72541631111213,11,7,5,13930,2324,11610,R B D2 B' D B2 D B2 D2 R' B
3298731,72541631111312,11,7,5,15786,2634,13156,R B' R B R2 D' R D' B D2 B'
3298736,72541631112131,11,6,6,14431,2409,12027,R B2 R2 D2 B R' B R' D2 R B
3298744,72541631113121,11,7,5,19979,3334,16649,R B2 D2 R' D B R2 B2 D R B
3299022,72541632131111,11,6,6,12808,2138,10675,R B R D' R2 D R' B D' B2 R
3299238,72541633121111,11,8,4,17977,2999,14981,R D R D' R2 D B' D B' D2 R
3299859,72543162311111,11,7,5,9892,1652,8244,R B R2 B D' B D' B R2 D' R
3300021,72543163211111,11,6,6,19631,3275,16361,R B2 R' B2 R' D R' B2 D2 B' R
3300295,72543611221223,11,7,5,13939,2327,11616,R B R D' R2 B2 R' B' R D2 B'
3300313,72543611223221,11,7,5,12990,2168,10826,R B D' B D' R2 B2 R D B D2
3300407,72543611331332,11,8,4,12815,2140,10678,R B' D B R' B R2 D2 B' R B2
3300416,72543611332331,11,7,5,13575,2266,11313,R B2 R D B D2 R B' D2 B' R
3300650,72543612331331,11,8,4,13131,2194,10940,R B R2 B2 R' B R2 D R2 D2 R
3300737,72543613132232,11,8,4,14903,2488,12418,R D R' D R' B R2 D2 B2 R B'
3300745,72543613133222,11,7,5,12014,2006,10012,R B R' D B' D R2 B2 D2 R B'
3300781,72543613221221,11,8,4,11401,1904,9500,R B2 R2 B D2 R' B D2 B2 D' R'
3300801,72543613223312,11,7,5,16216,2706,13514,R B' R' B2 R D2 R' B D2 B D'
3300873,72543613322312,11,8,4,14740,2459,12284,R B' D' B2 D B2 D' R D2 R D'
3301848,72546311323112,11,5,7,17430,2908,14528,R B2 R D R2 D2 R' B R2 D' R'
3302337,72546313323212,11,7,5,18070,3016,15058,R B2 R' B' R' D' R2 B R2 B' R2
3302797,72561342313223,11,7,5,21043,3509,17538,R D' B2 D' B D2 B R2 D R D2
3303442,72561432213122,11,7,5,20653,3445,17212,R B' R D2 R2 B' D B' D' B R2
3303698,72561433221233,11,6,6,15143,2527,12621,R B D R2 B2 R' D B' D' R2 B
3303752,72561433311233,11,6,6,32042,5343,26704,R D2 R2 D R' D R' B R' D B2
3303776,72561433321133,11,7,5,21878,3650,18232,R B2 R2 B D' R B' D R' D B2
3303778,72561433321223,11,8,4,16767,2798,13972,R B2 R2 B' D2 R' D R2 D2 R' D'
3304560,72563411111213,11,8,4,11543,1928,9618,R B R' D2 R' B2 D R' B' D R'
3304563,72563411111312,11,7,5,15913,2657,13260,R B R' B2 R' B D B2 R' B R
3304568,72563411112131,11,6,6,25255,4211,21049,R D2 R' D R D B' D B' R2 D
3304576,72563411113121,11,6,6,15688,2618,13075,R B2 R' D B R B' D R' B2 D
3304854,72563412131111,11,6,6,11445,1911,9539,R B R2 B' R D2 R B2 R2 D' B'
3305070,72563413121111,11,7,5,15829,2642,13191,R B R D' B2 R B' D R' B D2
3318261,72643513212311,11,5,7,25440,4242,21204,R B D' B R2 B' R B' D' B D2
3318263,72643513212332,11,7,5,9641,1610,8035,R B2 R' B' D' R D2 R D2 R' D2
3326258,73125463133132,11,7,5,12492,2085,10411,R B R' B2 D B' R B D' B2 D'
3332525,73146522113231,11,7,5,12216,2038,10182,R B D B D2 B D B2 D2 R' D'
3349686,73246153312211,11,8,4,14891,2485,12409,R B D R2 D2 B2 D' R' D B' R
3371524,73456123231322,11,6,6,18827,3141,15691,R B R D B' D2 B R' B R' B'
3380337,73516243323113,11,8,4,10278,1717,8564,R B R B2 R2 D' B D' R2 B2 D'
3380357,73516243332131,11,7,5,10993,1836,9161,R B D B2 R2 D R' D R' B R'
3385911,73541262321212,11,6,6,15585,2603,12987,R B R B2 R B R B2 D' R B
3387611,73542163321133,11,7,5,22700,3787,18917,R B2 R2 B D2 B2 R2 B D2 B2 R'
3388213,73542613132121,11,6,6,12663,2113,10555,R B D R' B2 D2 B R' B' D2 B2
3388219,73542613132322,11,7,5,14215,2374,11845,R B R B2 R' D B2 R' B2 R B2
3394177,73564213321322,11,8,4,18711,3123,15591,R B2 R B2 D' B' D R' B R' B
3395698,73614251112323,11,5,7,25902,4318,21590,R B D B2 D B' D' R D' R2 D'
3397156,73615241112323,11,4,8,31091,5185,25913,R B' R B2 D2 R2 B R' B R' D
3397165,73615241113322,11,6,6,20819,3473,17351,R B' R D2 B2 R2 D B' R B' R
3397511,73615242223133,11,7,5,19737,3293,16448,R B2 D' R D R B2 R2 D' B D
3397677,73615243123313,11,7,5,18526,3091,15439,R B2 R2 B' D R2 B' D2 B R2 D'
3397731,73615243213313,11,7,5,17080,2850,14234,R B2 R2 B' R B2 D' B2 D B2 R'
3397848,73615243331312,11,5,7,19642,3276,16372,R B2 R2 B' D B2 R' D2 R B2 D'
3397857,73615243332311,11,7,5,14257,2379,11882,R B2 R2 B' R D2 B' D2 B D2 R'
3397894,73615421113322,11,7,5,12998,2169,10833,R B D2 R2 B2 R' D' B' R D2 B'
3398457,73615423213211,11,6,6,24039,4010,20034,R D2 R' D R B D' R2 B R' B'
3398597,73615423333331,11,7,5,18756,3129,15631,R B2 R' B D B R' D2 B R' D'
3401300,73624513121132,11,6,6,29202,4869,24338,R D2 B' D2 R D' B R' B R' D
3401498,73624513332131,11,7,5,14583,2432,12155,R D2 B' D2 R D' R D' B D' B
3401530,73625141112323,11,5,7,25624,4273,21357,R B R2 B' R2 D2 B D B' D R2
3402030,73625143121213,11,6,6,19450,3245,16210,R B R B2 D2 R D' B R' B D'
3402240,73625143333313,11,6,6,15129,2524,12610,R B R' B D2 B R2 D' B R' D'
3402610,73625412222323,11,7,5,11883,1984,9903,R B D2 B2 R B' R2 D B R2 D2
3405159,73642511111111,11,5,7,39351,6560,32797,R B2 R' D' R D2 B' D' R D' R2
3405182,73642511113232,11,5,7,26502,4419,22089,R B' D' B2 R D R2 D' R' B2 R'
3405184,73642511113322,11,6,6,23644,3944,19705,R D R' B2 D R' B' R' B2 R2 D
3405775,73642513223222,11,7,5,15013,2503,12514,R D2 B' D B2 D2 B' R D2 B' D2
3405909,73645121113211,11,8,4,13390,2235,11158,R B D2 R' B' D2 B' D' R2 B D
3406254,73645122222311,11,7,5,11293,1885,9412,R B D B D R' D2 B D2 B R2
3406743,73645211223113,11,8,4,8650,1445,7208,R B R D' B2 D B' D2 R D' R
3406752,73645211231111,11,7,5,14811,2471,12344,R B' D R2 D' R D' B R2 D2 B2
3406806,73645211321111,11,8,4,11734,1961,9776,R B R2 B R' B D R2 B' D R'
3406842,73645211332112,11,6,6,13459,2247,11217,R B D2 R D' R D2 R2 B' R B2
3407117,73645213112231,11,6,6,17425,2907,14523,R B D2 R' D R D2 B R B' D'
3407337,73645213333112,11,6,6,18231,3040,15196,R B2 D B' D B R2 D' B D' R'
3407371,73651241113322,11,8,4,11826,1974,9855,R B2 R' D2 B2 R' D R D' B2 D
3410106,73652413211312,11,7,5,17133,2859,14278,R B R' B R' B D' B2 D B2 R'
3410242,73652413331321,11,7,5,16390,2734,13660,R B2 D B2 D B R2 D' B D' R2
3410506,73654122111122,11,7,5,16574,2766,13812,R D' R2 B R2 B' R' D2 B2 R B'
3410613,73654122221111,11,7,5,11853,1980,9877,R B R2 B R' B R' D' B2 R B'
3410993,73654211111132,11,7,5,16341,2727,13618,R B R2 B' R2 D2 B D B' D R
3412417,74123563323221,11,7,5,14572,2433,12143,R B R B' D2 B' R B2 D R' B
3412891,74123652322121,11,8,4,13736,2293,11446,R B D2 B2 D' R D2 B R2 B2 R'
3413003,74123653132232,11,8,4,13592,2270,11325,R D2 R2 D B' R B' R B' R B2
3413009,74123653133132,11,7,5,14601,2437,12168,R B2 R2 B' R2 D' R D2 R2 D' R'
3413011,74123653133222,11,7,5,13598,2271,11331,R B2 R2 B R' B R' D B' R B2
3413012,74123653133231,11,7,5,11795,1969,9830,R B R D2 B2 D' B R' D' R2 B
3414093,74125631313311,11,7,5,11464,1916,9552,R B R2 B D2 R2 B R' B' R B2
3414178,74125632121121,11,7,5,14339,2392,11951,R B2 R' B D' B R2 D' B' D B'
3414186,74125632122111,11,7,5,11618,1939,9683,R B R' B2 D2 B' R' D2 R D2 B'
3414204,74125632131111,11,7,5,13089,2185,10908,R B R D' R2 D R' B D' B2 R'
3414347,74125632321332,11,7,5,13153,2196,10961,R B R2 D2 R B2 R' D B R2 D'
3414420,74125633121111,11,6,6,21933,3657,18281,R D R D' R2 D B' D B' D2 R'
3414452,74125633131233,11,6,6,20156,3362,16799,R B R' D2 R' B' D2 B R' D2 R2
3414461,74125633132232,11,8,4,7462,1248,6217,R B R B2 D' R B2 R' D B2 D2
3414469,74125633133222,11,7,5,11785,1966,9823,R B D2 B D2 B' D2 B' D R D2
3414471,74125633133312,11,7,5,21632,3609,18027,R D R' D2 R' B' R2 B R' D2 R2
3414625,74125633332323,11,7,5,20609,3438,17175,R B2 D' B' D2 R B R2 B2 R' D'
3415114,74126352333122,11,6,6,19080,3183,15902,R D' R B D2 B2 R2 D' R' B R2
3416288,74132561321231,11,6,6,18735,3125,15615,R B' D' R2 B D R2 D' R' D2 R'
3416365,74132562121121,11,6,6,17077,2849,14233,R B2 D B2 D R B D R2 D B'
3416373,74132562122111,11,7,5,11098,1852,9250,R B D2 R' B' D' B2 R D' B2 D
3416638,74132563131221,11,6,6,16099,2686,13418,R D2 B' R B2 R2 B' D R2 B' D2
3416643,74132563132112,11,7,5,13282,2217,11069,R B2 D' R B2 R2 B' R D2 B' D2
3420181,74136522322121,11,7,5,12933,2159,10778,R B R' D B2 R D' R2 D' R B'
3421022,74152363132232,11,6,6,11742,1959,9788,R B R2 D B D2 B2 R' B' D' B2
3421028,74152363133132,11,8,4,9264,1548,7719,R B R2 B' D2 B R' D2 R' D R2
3421030,74152363133222,11,8,4,12912,2156,10759,R B' R B2 R' D B' R B D' B2
3421031,74152363133231,11,7,5,10480,1751,8733,R B R2 B2 R' B2 D' R' B2 R' B'
3424393,74156322122123,11,7,5,10497,1755,8746,R B R' B R B2 R D' R2 B R2
3424399,74156322122321,11,8,4,10995,1836,9162,R B D R2 B' R2 D B D2 B D'
3424540,74156322313223,11,7,5,11594,1937,9661,R B2 R B R2 B' D' B2 R B R'
3424670,74156323132331,11,8,4,11595,1936,9662,R B R' D2 B' D B R D2 R2 D
3424672,74156323133123,11,8,4,11561,1931,9633,R B D2 R2 B D' R D B' R2 B'
3426328,74163251121122,11,6,6,15160,2528,12637,R B2 D2 B D2 B D' B D2 B' R
3426555,74163252112211,11,7,5,11638,1943,9699,R B D2 R' B D' B2 R D R2 D2
3426597,74163252131111,11,7,5,14613,2439,12178,R B2 D2 R2 D' B' R B' R2 B D
3426813,74163253121111,11,6,6,22169,3698,18476,R B' R D R2 B' R' B D2 B' R'
3426848,74163253131332,11,6,6,19555,3262,16298,R B R' B2 D2 R' D B D B2 R2
3426860,74163253133132,11,7,5,10083,1683,8404,R B D' R2 B2 D R' D' B D' B
3426861,74163253133213,11,7,5,19228,3209,16023,R B2 R2 D2 R B' D2 R B R2 D2
3426863,74163253133231,11,8,4,9556,1596,7963,R B2 R' B D' R2 B2 R' D' B2 D'
3427018,74163253332323,11,7,5,18793,3135,15662,R B D2 B' D B R D' R D' R2
3427788,74165231121212,11,7,5,16772,2798,13978,R B D2 B D B' D B' R' B2 R2
3427818,74165231131313,11,7,5,20943,3495,17452,R B R' D R' B' R2 B' R' B2 R2
3427849,74165231212121,11,7,5,17045,2845,14204,R B R2 B D R' D B' R' B2 R2
3427940,74165231313131,11,7,5,15140,2528,12616,R B D2 R B' R2 B' D R' B R2
3428004,74165232111212,11,7,5,16225,2708,13521,R B D' B2 R' B R2 B R' B' D2
3428028,74165232121112,11,7,5,21239,3545,17698,R B R2 B R D' R B' R' B2 R2
3428031,74165232121211,11,6,6,18427,3073,15359,R B R' D2 B' R D2 R D' B' D2
3428250,74165233111313,11,6,6,21240,3543,17702,R B2 R2 B' R D' R D' R' D2 R'
3428298,74165233131113,11,4,8,39009,6503,32513,R B R2 B2 R' D' B2 D' R' B D'
3428304,74165233131311,11,5,7,38931,6492,32445,R B2 R2 B' R B' R D' R' B2 R'
3428305,74165233131323,11,5,7,30684,5116,25574,R B R' B D' R' B2 R' D' B2 D2
3428313,74165233132313,11,5,7,45345,7560,37791,R B2 R2 B' R' D2 R' D' R D' R
3428385,74165233231313,11,6,6,29463,4914,24554,R B2 R2 B' R' B2 R' B' D B' R
3430397,74213652323132,11,8,4,9142,1527,7618,R B R' D B R' D B' D2 B2 R
3439185,74251633111313,11,5,7,27646,4612,23040,R B R' D R B' R2 B' R2 B R
3441802,74256311321222,11,7,5,19350,3228,16126,R2 B R2 D2 B' D' R D' R D2 R
3442100,74256313111232,11,6,6,23436,3908,19533,R2 D R2 B2 D' B' D B' R D2 R
3446465,74265312333233,11,7,5,11963,1996,9971,R B D2 B' D2 R D' R2 D B D'
3447926,74312652333332,11,8,4,8616,1440,7179,R B R2 B2 D B' D B' D R B2
3451736,74321563311131,11,7,5,19265,3213,16056,R B D2 R' D2 R D2 B' D B D'
3452461,74321653233323,11,5,7,27247,4543,22710,R D R B' D2 B R' D B' R2 D
3453091,74325163131323,11,7,5,19579,3266,16317,R B R D' B2 D B' R B D' B2
3453628,74325612221222,11,8,4,11062,1848,9217,R B R2 B2 R' D' R2 B D2 B' R2
3453792,74325613121312,11,5,7,33058,5512,27552,R B' R' B D2 B2 D R' B' R D2
3453816,74325613131212,11,6,6,23944,3994,19955,R B R2 B2 R' D' B2 R D2 R' B2
3453839,74325613133333,11,7,5,19374,3233,16145,R B D2 R' D R B R2 B2 D' B
3460331,74361253112132,11,6,6,19932,3325,16612,R D2 B R' B R B2 D' B R D2
3460406,74361253211231,11,7,5,11183,1867,9320,R B R B' D' B D' R' D R2 D
3463510,74365211121221,11,7,5,11631,1943,9692,R B2 R' B D' R2 B2 R B' D R2
3463578,74365211213111,11,7,5,16963,2831,14136,R B R2 B' D B R2 B2 D B' R2
3463650,74365211312111,11,6,6,17590,2934,14661,R B R B2 D2 B D B' D2 B' R2
3463659,74365211313113,11,8,4,11485,1919,9569,R B2 R' D B D' R2 B2 R B2 R
3463713,74365211333111,11,7,5,11479,1917,9566,R B2 R' B D B' R2 D2 R D2 R
3463728,74365212111311,11,7,5,11423,1908,9519,R B R2 B2 D B D' B R2 B R2
3463846,74365212222323,11,7,5,12595,2103,10496,R B R' D R' B2 R' D B D R2
3463964,74365212333332,11,7,5,13896,2319,11581,R B R2 B D2 B' D2 B D' R' B2
3463968,74365213111211,11,7,5,19547,3262,16289,R B D2 B2 R B R' B D2 B R2
3464000,74365213121333,11,6,6,21411,3571,17845,R B R2 B' D' B2 D' B R B2 D2
3464411,74512361322233,11,6,6,20375,3398,16982,R D R' B' D B2 D B R2 B2 D'
3464635,74512362313223,11,7,5,17728,2958,14774,R B R B' D2 B' R' B D2 R' D2
3466183,74513263121222,11,5,7,29590,4934,24662,R2 B R D' B D' B R' D R2 B
3469674,74521632222212,11,7,5,21678,3615,18067,R B' D2 R B D2 B' D' B2 D' R'
3469827,74521633121213,11,7,5,23287,3885,19406,R D2 R' B2 D R B2 R2 B' R' D2
3469830,74521633121312,11,7,5,23711,3955,19760,R D R2 B' D' R2 D B R2 B D'
3469877,74521633133333,11,7,5,23290,3885,19409,R D2 R' D2 B R B2 R2 B' D' R2
3470037,74521633333313,11,5,7,29933,4991,24948,R D R2 B' D' B2 D B R2 B R'
3470796,74523611121113,11,7,5,11927,1991,9940,R B R' D' R2 D' B2 D R' B' R
3470823,74523611131112,11,6,6,24050,4009,20046,R B D' B' D2 B' D2 B D' B' R
3470868,74523611213111,11,7,5,20671,3448,17227,R B D2 B2 D B' R D2 R2 D R'
3470940,74523611312111,11,6,6,13579,2266,11318,R B R2 B2 R D' B D2 B2 D R'
3471018,74523612111311,11,7,5,14517,2422,12099,R B R' D2 B' D B' R' D2 B R
3471258,74523613111211,11,7,5,16125,2690,13439,R B R D' B2 D B' R' B D' B2
3474949,74532163123223,11,8,4,10670,1782,8891,R B2 R' D R' D B2 D2 R2 B' R'
3477334,74561231111222,11,6,6,17314,2888,14431,R B D2 B D' R D2 B' R D R'
3477573,74561232111113,11,7,5,14270,2383,11891,R B2 R D' R D R2 B2 R B D2
3477681,74561232221111,11,6,6,18279,3050,15234,R B' R2 B' R D2 B2 R B' D2 R
3477816,74561233111112,11,7,5,22229,3707,18526,R B2 D' R' B2 D B D2 B2 D' R'
3477875,74561233131233,11,7,5,14261,2380,11885,R B D' R2 B D B2 D R2 D2 B
3477976,74561233233323,11,6,6,21840,3642,18203,R D R B' D2 B R' D B' R2 D'
3477983,74561233311233,11,7,5,15643,2612,13035,R B R' B2 R' D2 R B2 R D R2
3478007,74561233321133,11,6,6,17713,2955,14763,R B R2 B D2 B' D2 B' R D R2
3478011,74561233321313,11,6,6,20573,3432,17146,R D R' B2 R' B' R2 B D' R2 D2
3481127,74563211232332,11,7,5,15111,2520,12595,R B D2 R B2 D' B' D' B2 D' B'
3499033,74653213133222,11,8,4,13950,2329,11624,R B D' R2 B D' R D B' R2 B'
3504218,75132463233233,11,7,5,17661,2947,14718,R B R2 D2 B' R D' R' B2 D2 R
3510033,75143263231313,11,6,6,26560,4429,22136,R B2 R2 D2 B' D2 B' R' B R' B'
3511808,75146321323331,11,8,4,10919,1824,9098,R B2 D2 B' R D' R2 B' R B' R2
3517796,75213642223133,11,7,5,17861,2981,14884,R B D2 B' R B' R D2 R' B2 R
3521638,75231463211123,11,6,6,24146,4026,20125,R D B2 D' R B' D B2 D' R2 D
3522731,75234161322233,11,6,6,14736,2458,12283,R B D R' B2 D B2 D' B R' D'
3522879,75234162221111,11,8,4,13503,2254,11252,R D B2 D' B' D2 R B' R B R'
3524576,75236143213232,11,7,5,9371,1567,7808,R B R' B R2 B' D R B R' B'
3526540,75241632222323,11,7,5,13245,2211,11038,R B D2 B2 R B' R2 D B D2 R2
3527233,75243162211322,11,7,5,24773,4133,20644,R2 B2 R B2 R2 B R2 D' R2 D2 B
3527654,75243611113232,11,5,7,18721,3124,15603,R B2 R B' R2 D R B D2 R' B2
3528221,75243613213232,11,7,5,9003,1503,7504,R B D2 B' D' B2 R B' D R D'
3528600,75246131333312,11,8,4,10936,1826,9113,R B' R' B D2 R' B R' D' B2 D'
3529089,75246311111111,11,5,7,63257,10545,52718,R2 D R' D B D2 R' D R B2 R'
3529671,75246313212311,11,5,7,19333,3223,16116,R B D' R D2 B' D' B D' R2 D2
3529749,75246313312211,11,7,5,17846,2978,14872,R B2 R D R2 D' R' B2 D B R'
3529808,75246313332332,11,7,5,12674,2116,10562,R B2 R2 D R' D B' R2 B R2 D2
3530840,75261432123233,11,6,6,18296,3052,15249,R B' R2 D B2 D' R' B2 D2 R B'
3533009,75264132121232,11,6,6,19712,3288,16429,R B2 R' D R' B' R D B2 D B2
3533111,75264132223331,11,7,5,14621,2442,12183,R B R B D2 R' B R' B' R2 B2
3533169,75264132321212,11,7,5,13661,2281,11384,R B' R B' R2 B D2 R D' R2 D
3533255,75264133121333,11,5,7,29386,4901,24491,R B R D2 R B D' R B2 D B2
3533439,75264133331213,11,5,7,22700,3786,18920,R B R2 D2 B D' B R B' R2 B'
3533590,75264311223122,11,7,5,12385,2068,10321,R B2 R2 B R2 B D2 R' D B2 D2
3534084,75264313231112,11,7,5,22242,3710,18536,R B2 D2 R' D' B R' B2 D2 R D
3534914,75312463333133,11,5,7,24194,4035,20165,R B R2 B' D2 B' D B R' B R2
3536455,75314621133221,11,7,5,13343,2228,11119,R B R B' R' D' B R D' R B2
3536562,75314621313212,11,6,6,29798,4969,24834,R' B D B' D2 B R' B R B2 D2
3536884,75314623113122,11,8,4,12173,2033,10143,R B2 R' D2 R' D B2 R B2 R D2
3537248,75316241231231,11,8,4,13600,2272,11331,R D R B' R B' R D2 R D R
3538728,75321461311112,11,7,5,11847,1977,9874,R B2 D' B R D R2 D R' D' B'
3539116,75321463132121,11,6,6,15081,2516,12570,R B2 R' B D2 B D2 B2 R' D R'
3546173,75346122133133,11,7,5,13607,2271,11340,R B R' D' R B R' D2 B2 D B2
3546658,75346211133122,11,6,6,17058,2846,14217,R B2 R B2 D2 R' D B' D2 R2 B2
3546672,75346211211311,11,6,6,17214,2870,14349,R D B' R D' B D2 B2 D R' D'
3546750,75346211311211,11,7,5,12762,2131,10635,R B R2 B D' R' B R' B' D2 B
3547043,75346212323333,11,8,4,13086,2186,10903,R B' R2 B R B2 D2 R2 B R' D'
3547082,75346213112132,11,8,4,11857,1981,9879,R B R' B2 R D R' B D' R D2
3547135,75346213132121,11,6,6,15745,2627,13123,R B D R' B2 D2 B R' B D2 B2
3547141,75346213132322,11,6,6,19719,3290,16434,R B R B2 R' D' B2 R D2 R' B2
3547297,75346213332122,11,6,6,13847,2311,11541,R B2 R2 B' D R' D2 B R' B' R2
3552551,75412631223332,11,7,5,12012,2006,10010,R B R D2 B R' D R2 D R' B2
3555966,75416323232213,11,6,6,19742,3293,16454,R B R2 B' D2 B D' B R B' D2
3560997,75431263133213,11,6,6,21800,3636,18169,R D2 R2 B2 D' R' D B' R2 B R'
3566559,75462132123212,11,7,5,20694,3452,17246,R B' R D2 R2 B' D B' D' B R
3571190,75613243131332,11,6,6,21987,3668,18324,R D2 R' B R B R' D2 B R' B'
3571203,75613243133213,11,6,6,17052,2845,14212,R B2 R' B R D R' D2 B D' R'
3581542,75634123323122,11,6,6,14969,2498,12476,R B D2 B' D2 B R' B R B' R2
3583665,75641323232111,11,6,6,18923,3157,15771,R B2 R' D2 R' B R2 D B2 D R2
3584112,75642132213311,11,8,4,8445,1411,7037,R B R' B R' D' B2 R' D2 R' D2
3587326,76123453233323,11,5,7,28045,4678,23373,R B D R' B2 D R' B R' B R2
3590318,76125343333133,11,5,7,30576,5099,25483,R B2 R B2 D' B' R B' D R' B
3597189,76143252131312,11,6,6,16131,2691,13445,R B D2 B2 D R B D' R2 D' B
3597241,76143252221222,11,7,5,10729,1792,8941,R B2 R B' R B2 R' D2 B D' R'
3597429,76143253131212,11,6,6,31024,5173,25856,R B2 R D' R B2 R' D2 B D' B'
3597596,76143253331333,11,7,5,17338,2893,14449,R B R' D2 B R2 B' D R' D2 R'
3597612,76143253333313,11,6,6,36720,6122,30603,R D' R2 B R D2 R' D' R2 D' B'
3598371,76145231121113,11,7,5,11601,1937,9668,R B R2 B2 R' D B2 R' D' B2 R
3598380,76145231122112,11,7,5,30479,5083,25400,R2 B2 R' B D2 R' B' D' B2 R D
3598398,76145231131112,11,6,6,20316,3388,16933,R B D2 B2 D' B D2 R' B' D2 R
3598452,76145231221112,11,7,5,21953,3662,18295,R2 B2 R' D B2 R' B' D' R2 B D
3598514,76145231311331,11,7,5,10984,1835,9153,R B R' B D' R2 D' R B R D2
3598640,76145232123332,11,7,5,12753,2129,10628,R B R2 B R2 B' D2 B R' D' B2
3598743,76145232233213,11,6,6,30469,5081,25393,R B' R2 B D' B2 R D B D' R
3598809,76145232331313,11,7,5,15150,2529,12625,R B R2 B' R' D2 R' B D B2 R2
3598815,76145232332213,11,7,5,19873,3316,16561,R B' D2 B D' R2 B D R B' R
3598905,76145233133213,11,7,5,21414,3571,17847,R B D2 B' D' B2 D' R D B2 R2
3598982,76145233232333,11,6,6,23516,3922,19599,R B R2 B2 D R D' B D2 B D2
3604167,76154323333112,11,7,5,16533,2759,13778,R B2 D2 R' B' R D' B2 R2 D R
3605492,76213543213133,11,8,4,15454,2579,12878,R B2 D R2 D B R2 D' B R' D2
3605561,76213543311332,11,6,6,16254,2712,13547,R B D' B R' B R' D2 R B2 D'
3607232,76215341231231,11,7,5,11124,1858,9270,R B R D' R B2 D' R2 D B R2
3608543,76215433333133,11,5,7,23301,3886,19421,R B R' D2 B D' B R B' R2 B'
3608595,76231451123111,11,7,5,14109,2354,11759,R B2 D' B R' D' R D2 R D B'
3616598,76245311121131,11,7,5,12265,2047,10222,R B D' B D2 B' R D R2 B2 D2
3616624,76245311131121,11,7,5,12969,2166,10807,R B R' B D' R B2 R2 B R' D'
3616674,76245311213312,11,6,6,15348,2561,12792,R B D' R' D R2 D B' R B2 R'
3616877,76245312132131,11,7,5,11880,1984,9900,R B2 R2 B' R2 B R D' B2 R D'
3617092,76245313122122,11,6,6,18224,3040,15189,R B D B' R2 D R B' D B2 D
3617101,76245313123121,11,7,5,12148,2029,10123,R B2 R D2 R2 B R D R' D2 R'
3618803,76253141123132,11,7,5,11193,1869,9328,R B D R' B2 R D' B R D2 B2
3618845,76253141211332,11,7,5,13161,2197,10968,R B R' B D B D' R2 B D B'
3620175,76253413322312,11,7,5,13385,2235,11154,R B2 R D2 R2 D B2 R D2 R2 B
3620869,76254133311323,11,6,6,37623,6273,31355,R2 B D2 R2 B' R' D B' D R2 D
3621510,76254313211111,11,7,5,27043,4510,22537,R2 B D2 B2 R2 D' B' R B' R D2
3622005,76312452212111,11,7,5,18348,3061,15291,R2 B D' B' D R B' D R2 D' R
3622239,76312453211111,11,6,6,17592,2935,14662,R B R' B R2 B' D B' D' B R2
3622326,76312453311311,11,6,6,21785,3634,18156,R B2 R' B' R' D R2 D R2 D' R2
3622836,76312542321212,11,7,5,13085,2184,10905,R B D B' R2 D B' D2 R2 B R'
3622843,76312542322121,11,8,4,9796,1636,8163,R B2 D B2 D R' D B2 D B R
3623089,76312543322222,11,6,6,19681,3282,16404,R D2 B' R D2 R2 D' R D2 B' R2
3624597,76315241112113,11,6,6,19146,3194,15957,R B' R D2 R' D R' B R2 D2 B2
3624606,76315241113112,11,6,6,14677,2449,12233,R B D2 B D' R B R2 D' B R'
3624714,76315241223113,11,7,5,12649,2113,10540,R B R2 D R' B R2 B2 D' R B2
3624787,76315241322122,11,7,5,11620,1940,9684,R B D2 R' B2 R D B2 D' R2 D
3624801,76315241323313,11,7,5,13806,2304,11506,R B2 D B' R D R2 B' D B' R'
3624813,76315241332112,11,7,5,8749,1461,7292,R B D B' D2 B R' B2 D B' R
3625160,76315243211231,11,6,6,12265,2048,10222,R B R2 B R2 D B D' R B' R'
3625288,76315243323323,11,6,6,16974,2831,14148,R B2 D R' D B R2 D' B R' D'
3626326,76321452122123,11,7,5,11637,1943,9698,R B D R' B2 D2 B D B R' B2
3626332,76321452122321,11,7,5,14409,2406,12007,R B2 R B D B2 R B' R2 B' D
3626333,76321452122333,11,7,5,13611,2273,11342,R B R2 B2 R' B D2 R D2 R2 D
3626341,76321452123323,11,6,6,22733,3793,18945,R B' D R B2 R B' D2 R2 B R'
3626384,76321452212231,11,8,4,13730,2292,11441,R B R2 D2 B2 R B D' R D' B'
3626389,76321452213122,11,7,5,15918,2657,13265,R B D B' D2 R2 D R B R' B2
3626687,76321453233131,11,7,5,16525,2758,13771,R B2 R2 B R2 D' B R2 B2 R' D'
3626699,76321453311233,11,6,6,24596,4103,20498,R D R' B R' B R2 D2 B2 R B'
3626718,76321453313312,11,7,5,22525,3758,18771,R B' R' D2 R B2 R' D R2 D R'
3626723,76321453321133,11,6,6,21266,3548,17723,R B R' D' R B D2 B2 R2 B R'
3626745,76321453323311,11,6,6,17830,2973,14862,R B' D' R2 D B2 D' B D2 B R'
3627099,76321542211112,11,6,6,25767,4296,21476,R D B D' R B' D B2 D' B2 R'
3627342,76321543211111,11,6,6,17268,2881,14392,R B R D' B2 R2 B D' B' R2 B2
3627425,76321543311131,11,7,5,18232,3041,15195,R B D B2 D' B R2 D' R2 D B2
3627518,76324151112233,11,6,6,17667,2947,14725,R B D B' D2 R B2 R' D R' D'
3627520,76324151112323,11,5,7,24867,4147,20726,R B2 R B D' R2 B2 D R2 D' B'
3628198,76324153323122,11,7,5,12967,2164,10807,R B2 R' B' D' R' D2 B R2 B' D2
3629694,76325411111213,11,8,4,12767,2133,10637,R B2 R2 B D' R D B' R B R
3629697,76325411111312,11,6,6,28949,4826,24128,R D2 R2 B' R' D B' D2 B D' B2
3629702,76325411112131,11,7,5,14131,2359,11776,R B R2 B' R D B D' B R' B2
3629710,76325411113121,11,6,6,20898,3486,17417,R B2 R2 B D B' D' B R' B' R
3629728,76325411122121,11,7,5,13302,2221,11085,R B2 R' B2 R B' D' B D2 R B2
3629913,76325411331311,11,7,5,12540,2093,10451,R B' D R' B2 D B R2 D' R D'
3629944,76325412112121,11,7,5,13236,2209,11031,R D2 R' B2 R D' B' D B2 R B2
3630072,76325412231212,11,6,6,21584,3600,17989,R B2 D2 B D B2 D B R2 B' R
3630173,76325412333233,11,7,5,11722,1958,9768,R B2 D2 B R2 B D' R B2 R' B
3630298,76325413222223,11,7,5,16519,2757,13766,R B2 R2 D R B2 R D' B' D2 R
3630423,76341251111213,11,6,6,21052,3513,17544,R B D' R D R B' R2 B R' B2
3630426,76341251111312,11,7,5,15601,2603,13002,R D B' R D R D' B2 D R' B2
3630431,76341251112131,11,6,6,23507,3919,19593,R B2 D' B' R2 D B D2 B2 D' R'
3630439,76341251113121,11,7,5,16298,2721,13581,R B2 R B' R D R2 B2 R D B2
3630529,76341251221121,11,7,5,17646,2944,14706,R B' R2 B' D B2 R2 D B' D2 R
3630588,76341251311313,11,7,5,14827,2476,12355,R B2 R B2 R2 D' R D R' B2 R
3630813,76341252232313,11,6,6,14521,2423,12103,R B D B' R B2 R' B2 D B' D
3630878,76341252323333,11,6,6,17456,2912,14549,R B2 R' D B' D R2 B' R' B D'
3631017,76341253221212,11,6,6,19208,3205,16008,R B' R' B D' R' B D2 R' B2 R
3631061,76341253233131,11,7,5,12115,2023,10096,R B R2 B R2 B' D2 B' D B R2
3632612,76342511111231,11,7,5,14668,2449,12223,R B R B' D2 R B2 R' D R' D
3632614,76342511111321,11,7,5,14813,2471,12346,R B' D B2 D' B2 R B' D' R' D
3632814,76342511323112,11,6,6,12958,2164,10799,R B D2 R' B R' B D R B' R2
3632998,76342512232223,11,7,5,11824,1974,9854,R B2 D R D2 B2 R D' R D2 R'
3633192,76342513213112,11,8,4,15604,2604,13003,R2 B R B2 D R' D B2 D B' D2
3633291,76342513322111,11,6,6,24669,4114,20560,R2 B R' B2 D' B D R' D B2 R2
3633301,76342513323122,11,6,6,13778,2298,11485,R B2 R' B' D' R D2 B' D2 B D2
3633303,76342513323212,11,6,6,16451,2745,13711,R B2 R' B' R' D R2 B' D2 B R2
3633660,76345122211112,11,7,5,16030,2674,13360,R D B D' R B' D B2 D' B2 R
3633661,76345122211121,11,7,5,12960,2163,10801,R B2 R2 B' R' D B2 R' D B D2
3633684,76345122213311,11,6,6,12010,2004,10011,R B R' B R' D' B2 R' D2 R' D'
3633741,76345122311111,11,8,4,10771,1799,8975,R B2 D2 R2 D R D B' R D' R2
3633903,76345123211111,11,7,5,18475,3083,15396,R B R D' B2 R2 B D' B R2 B2
3633984,76345123311113,11,6,6,18770,3132,15643,R B2 R2 B' R D' R2 B R' B' D2
3633986,76345123311131,11,6,6,21954,3660,18299,R B D B2 D' B' R2 D B2 D' B2
3633996,76345123312211,11,7,5,17952,2996,14960,R B R B' R B' D' B2 R2 D' R
3635539,76351421112323,11,5,7,24357,4062,20301,R B' R2 B D' R B2 D' B2 D R2
3635548,76351421113322,11,7,5,13601,2269,11336,R B R2 B' R2 D2 B D' B' D2 B'
3636203,76351423321232,11,6,6,17235,2876,14364,R B R2 B' D' B2 R B' R D R'
3637740,76354121121212,11,7,5,14561,2431,12134,R B2 R' B R2 B D R' B' D B2
3637747,76354121122121,11,7,5,11529,1926,9607,R B R B2 D' R2 B D R2 D R'
3637878,76354121311313,11,7,5,12623,2107,10520,R B R D2 B' R B D' B D' R'
3637892,76354121313131,11,6,6,16503,2754,13754,R B D R B D' R' B D2 R' D
3637956,76354122111212,11,7,5,17654,2946,14712,R B' R D' R2 D R2 B D' R2 D
3637963,76354122112121,11,7,5,13482,2251,11235,R B D' R B R2 B R' D2 B D2
3638047,76354122212222,11,6,6,14705,2454,12256,R B R2 D2 B R' B R B' D2 B'
3638278,76354123211123,11,6,6,20045,3343,16707,R B2 R D B2 D' R' B2 D B D'
3638279,76354123211132,11,6,6,17503,2920,14588,R B R' D R2 B' D' B R' D2 R2
3638384,76354123313333,11,5,7,25085,4183,20908,R B2 R2 D B' D B' R2 B D2 R2
3638788,76354212213323,11,6,6,13209,2204,11010,R B D2 B D R2 B D2 B D2 B
3638858,76354212312233,11,6,6,11516,1924,9597,R B2 R D' R D R2 B' R B R
3638869,76354212313322,11,6,6,19985,3333,16657,R B' R B2 D' B' D B' R2 B D'
3638924,76354212333332,11,7,5,15994,2669,13329,R B2 R' B R' D2 B2 R' B' R2 D'
3639046,76354213222223,11,8,4,14746,2462,12287,R B2 R D2 R2 B D R D' R2 D'
3639100,76354213312223,11,6,6,13859,2314,11550,R B R B' R2 D B D' R B2 R
3643597,76421351131121,11,7,5,12821,2140,10685,R B R B' D2 B' R' B' R D2 B'
3657255,76512343213313,11,7,5,23064,3847,19221,R D2 B' R2 D R' B R' B D' B
3657381,76512343332311,11,7,5,19056,3179,15881,R D2 B' R2 D R' D R' B D' R
3660325,76514321112323,11,6,6,33980,5665,28320,R B D B2 D B' D' R D' R2 D2
3660453,76514321232113,11,6,6,24083,4017,20071,R B D' R' D R2 D B' R B2 R2
3662405,76521433232333,11,7,5,15411,2572,12843,R B R' B2 D' B R' D' R2 B D
3663842,76523413223231,11,7,5,13758,2297,11465,R B2 D R' D R D2 B' R B R2
3665389,76524313331222,11,7,5,18019,3007,15016,R B2 R D2 R2 D B2 R' D2 R2 B
3670086,76541232131213,11,8,4,14964,2498,12469,R D' B2 D' R B D R2 D2 R B
3670141,76541232221222,11,7,5,16138,2693,13449,R B R2 B2 R' D' R2 B D2 B' D2
3670302,76541233121213,11,6,6,24030,4008,20027,R B R2 D' R D B R2 B2 D' B
3670496,76541233331333,11,6,6,22327,3722,18610,R B D2 B2 D' B' R2 D B2 D' B2
3670512,76541233333313,11,6,6,17275,2882,14398,R B' D' R D2 R2 D R' B' D R2
3673431,76543211111111,11,6,6,79053,13179,65879,R2 D' R B R B2 R D' B' R B'
3673521,76543211212112,11,6,6,18993,3168,15830,R B' D B2 R B2 R' B D' B2 D2
3673561,76543211223221,11,8,4,10186,1700,8489,R B2 R' D R' B2 D2 B' D' B2 D'
3673664,76543211332331,11,8,4,9727,1624,8106,R B2 R' B D2 R' D' B' D R' D'
3673673,76543211333333,11,8,4,8955,1495,7463,R B2 D' R B D' B D' B2 D' B
3673744,76543212132323,11,6,6,15265,2547,12723,R B D' R D' B2 R2 D R B D'
3673795,76543212222221,11,8,4,9541,1595,7949,R B2 R2 D2 R D' R2 B R B2 D2
3673884,76543212323213,11,7,5,11617,1939,9682,R B D2 R' B R' D2 B D B2 D2
3673937,76543213113131,11,6,6,18619,3106,15518,R B2 R2 D B R2 B D' B' R2 D
