rank,state,length,initial_bound,iterations,generated,expanded,pruned,solution
275,12345672121232,11,4,8,299213,49870,249350,R B D2 B R D' B D' B' R2 B2
291,12345672123212,11,4,8,286816,47805,239018,R B R' B2 D' R B2 R D' R' D2
435,12345672321212,11,4,8,301135,50192,250950,R B D' R2 B' R B2 R B' R' D2
547,12345673131323,11,4,8,290816,48471,242352,R B R2 D B' D2 B' R B' R D2
555,12345673132313,11,4,8,344148,57359,286796,R B' D2 B' R' B D' R D' R2 D2
627,12345673231313,11,4,8,334461,55745,278723,R B' R2 B' R' D B' R D' R2 D2
729,12345761111111,11,7,5,201786,33633,168157,R B R' D2 B' D R' D' B D2 B
1463,12346571111231,11,7,5,149195,24869,124330,R B R' B2 R' B' D' R D2 B D'
2207,12346751113133,11,6,6,207852,34645,173212,R B2 D R' D B D' R2 B2 D R
2928,12347561112212,11,6,6,190232,31708,158529,R B D' R D R2 D2 B' R' B D2
3645,12347651111111,11,6,6,315906,52653,263258,R2 B' R B D B2 D B' D' R D'
3681,12347651122112,11,6,6,195285,32550,162740,R B' D R2 B R2 B' D B' D2 B2
3723,12347651133311,11,6,6,178021,29674,148352,R B2 R B R' B D2 B' R2 D R2
3892,12347652111221,11,6,6,160388,26734,133659,R B R2 B' R D' B2 R2 D' B' R2
3938,12347652123233,11,6,6,189813,31639,158179,R B2 R' D2 R B' R' D R2 B D2
3941,12347652123332,11,6,6,233922,38989,194938,R D2 R' D2 R B' D' R D2 B D2
4019,12347652223232,11,6,6,177051,29512,147544,R B2 R2 B D R' B' D B' R' B
4133,12347653111133,11,6,6,189049,31510,157544,R B2 R2 D B D2 B D' R' D2 B
4198,12347653132223,11,6,6,161610,26937,134678,R B R D' B2 D R' D' R2 D2 B2
4201,12347653132322,11,6,6,157922,26324,131603,R B R D B2 R2 D2 R D2 R' B
4363,12347653332323,11,6,6,177972,29665,148312,R B2 R2 D2 B' D B' R B2 R' B
4374,12354671111111,11,7,5,222744,37127,185621,R B' R2 D' B R' B' D R2 D B
5119,12354761112323,11,5,7,294728,49124,245610,R2 B R' D R B2 D' R D R2 D'
5373,12354762121112,11,5,7,209813,34972,174847,R B2 R' D R2 D R B' R' D R2
5376,12354762121211,11,5,7,228017,38004,190019,R B' D R' D2 R D2 B D' B2 D
5509,12354762311123,11,5,7,171287,28550,142743,R B D B D2 R' D B' R' B2 R2
5645,12354763131131,11,5,7,190839,31810,159035,R B2 R B2 R2 D R' D R2 D R2
5661,12354763133111,11,5,7,173419,28905,144520,R B R B2 D2 B' D' R2 D' R2 D2
5671,12354763211123,11,5,7,203117,33855,169268,R B2 D' B R' D R2 D R D' R2
5852,12356471113133,11,6,6,183468,30580,152893,R B R2 D2 B' D B D' B D2 R
6635,12356741133131,11,4,8,248551,41427,207131,R B R2 B D2 B' R B2 D' B2 D
6743,12356741313131,11,4,8,258840,43142,215705,R B R2 D B' D2 R2 D R' B' R2
7067,12356743113131,11,4,8,260316,43387,216936,R B D2 B' R2 B D' B2 D' B R2
7294,12357461111222,11,6,6,201158,33528,167635,R B' R2 D B2 D' B2 D' R' D R2
7316,12357461113331,11,6,6,193553,32261,161297,R B2 D2 R D2 R D' R' B' D2 B'
7614,12357462211112,11,6,6,199389,33235,166159,R B' R B R2 B2 D2 R' D' R D2
8045,12357641113331,11,6,6,187830,31308,156527,R B R2 B2 D B' D2 R D B2 R2
8760,12364571112212,11,6,6,209422,34906,174521,R B2 D2 R D2 R D' R' B' D2 B2
9489,12364751112212,11,6,6,179460,29912,149553,R B D2 B D' R D' R' D2 B R'
9497,12364751113133,11,6,6,188706,31454,157257,R B2 R' D R2 B' R D R D' B'
10127,12364753311131,11,6,6,181159,30197,150967,R B D2 R' B R B2 R D' B' R
10206,12365471111111,11,6,6,222578,37099,185484,R B' R2 B' D' B' D R2 B R' D
10288,12365471211122,11,6,6,188440,31409,157036,R B2 D B' D2 R' D R D' R D
10386,12365471313113,11,6,6,156004,26004,130005,R B R D2 B' R2 B D2 B2 R' B
10580,12365472223232,11,6,6,174632,29108,145529,R B2 R D' B R D2 B2 D R D2
10643,12365472321233,11,6,6,201669,33613,168061,R B' D2 B' D B2 R2 D R' D2 B
10842,12365473232312,11,6,6,158657,26446,132216,R B D B D2 R D2 R B' R2 D2
10924,12365473332323,11,6,6,159255,26545,132715,R B R2 B' R D B2 R' D' B D'
10961,12365741113331,11,6,6,189740,31626,158119,R B D' B R D2 R2 D' R' B2 D
11717,12367451123333,11,5,7,279617,46606,233017,R B2 R2 B R D' R D' R D' R2
11731,12367451132222,11,5,7,254702,42453,212255,R B D B2 R2 B' R B' D' B2 R
11771,12367451213333,11,5,7,271112,45188,225930,R B2 R2 B' R B' D R' D B D2
11839,12367451312222,11,5,7,331661,55278,276389,R D2 R2 D B' D R' D B' D R2
11933,12367452113333,11,5,7,299866,49980,249892,R B' D B2 D2 R' D R' B' R B2
12163,12367453112222,11,5,7,270216,45039,225183,R B2 R2 B' R2 D' R B2 R2 B' D'
12405,12367541112212,11,6,6,234725,39122,195608,R B' D' R2 D B' R2 D B2 D' B2
12419,12367541113331,11,6,6,269010,44837,224178,R D2 B D2 B' D R' D R' B' R
12611,12367541331131,11,6,6,172221,28705,143521,R B R2 D2 B' D R' D B D' B'
13152,12374561121212,11,4,8,259433,43242,216198,R B R2 B R2 D' R B D2 B R2
13206,12374561211212,11,4,8,255370,42564,212813,R B R' B R' B2 D R' D B D2
13368,12374562111212,11,4,8,303264,50546,252725,R B' D B2 D2 R' D R' B' R B
13855,12374651111222,11,6,6,210245,35044,175206,R B2 D B' D' B2 R B2 R B2 R2
14584,12375461111222,11,6,6,203255,33879,169381,R B2 R' D R2 B' R D R D' B2
15327,12375641113112,11,7,5,191966,31997,159973,R D R' B2 R' D' R' D B2 R D'
16042,12376451111222,11,6,6,214015,35672,178348,R B' D R D' B D' R2 B R D2
16058,12376451113133,11,6,6,204375,34064,170316,R B2 D B2 D' B R' D B' D' R
16149,12376451221211,11,6,6,176195,29369,146831,R B D2 R' D R' B2 R' B2 D' R2
16783,12376541112323,11,5,7,213102,35519,177589,R B2 R' B' D R2 B' R' D B' D2
16916,12376541232233,11,5,7,252186,42032,210160,R D' B' R2 B' D' R2 D B R2 D'
16970,12376541322233,11,5,7,174745,29126,145625,R B D' B2 R D' B' R' D2 R2 B
17042,12376542121232,11,5,7,194553,32429,162130,R B2 R B D2 R' B2 D B R B'
17058,12376542123212,11,5,7,179432,29908,149530,R B R D' R2 B D' R2 B2 D B'
17327,12376543133132,11,6,6,156715,26121,130599,R B R D' B2 D R' D' R2 D2 B'
17330,12376543133231,11,6,6,155817,25973,129849,R B R D B2 R2 D2 R D2 R' B2
24127,12456731132321,11,6,6,284280,47383,236902,R2 D R' B2 R' B' R' D R2 B D'
24214,12456731233223,11,6,6,168743,28126,140622,R B' R B' D R2 D2 B2 D' B D
24676,12456733223321,11,6,6,169861,28312,141554,R B' R D' R' D R D2 B' D' B
27113,12463751231231,11,6,6,179294,29886,149413,R B2 R B2 R2 D R' D' R D' R
29215,12467351131121,11,6,6,179623,29941,149687,R B' D2 R' B R B D2 B R' B
29302,12467351231321,11,6,6,155581,25934,129652,R B D B2 R' B R' B D' R2 B
30682,12473561132123,11,6,6,170985,28499,142491,R B' R D R' D2 R' D' B' D B'
37195,12536741112323,11,6,6,184301,30719,153587,R B R D2 R D' B' D' B2 D2 R
38133,12537461332112,11,6,6,171383,28567,142821,R B D2 R D' R D2 R2 B' R' D
39366,12543671111111,11,6,6,228890,38150,190745,R B' R D R' D2 R' D' B' D B2
39450,12543671211212,11,6,6,178222,29707,148520,R B2 D R' D2 B' R B D' R B
39582,12543671331113,11,6,6,163516,27256,136265,R B D R2 B' R2 B D2 B2 R' D
39637,12543672121121,11,6,6,166954,27828,139131,R B D2 R2 D B2 D' B R B2 D'
39806,12543672321332,11,6,6,172544,28760,143789,R B2 R' B R' D B2 R' D' B R'
39812,12543672322232,11,6,6,167235,27875,139365,R B D R' D2 R D' B D' R2 B'
39830,12543672331232,11,6,6,158546,26428,132123,R B R2 B D' R B2 R D2 B D2
39860,12543673111331,11,6,6,162916,27156,135765,R B D R' D R2 D' B2 R B' R
39967,12543673221323,11,6,6,170770,28465,142310,R B2 R D2 R2 B' D R D' R2 D
39991,12543673231223,11,6,6,163471,27248,136228,R B D B2 R' D' B R' B D2 R
40012,12543673233323,11,6,6,207607,34604,173008,R D R' D B R B' R2 B D' B2
40940,12546371221331,11,6,6,170158,28362,141801,R B2 D2 R B2 R D' R' D' B2 D2
44040,12563472131213,11,6,6,211752,35295,176462,R B' R2 B' R' D2 R B R2 D' B'
44283,12563473131212,11,6,6,198448,33078,165375,R B2 R' B R' B2 R D2 B' R D'
46621,12564733323122,11,6,6,162842,27144,135703,R B R B D' B2 R2 B' D2 R' B
48023,12567433232333,11,5,7,169363,28231,141138,R B R' B' R D2 R' B D R B2
51610,12576343212221,11,5,7,208613,34771,173848,R B2 R' B R' D R2 D2 B2 R' D'
55467,12637451132111,11,6,6,200332,33391,166946,R D R' D2 R B' D B R2 D2 B2
55629,12637451332112,11,6,6,150338,25061,125282,R B R2 B R B2 D' R2 B R D2
57058,12643571321321,11,6,6,165273,27549,137729,R B D2 R2 B' D B R' B D2 R
58375,12645371131121,11,7,5,185580,30934,154650,R B' D2 R' B R B D2 B R' B'
66800,12673542331133,11,5,7,229032,38174,190864,R D R' D R' D B' R2 B R2 D'
70000,12734561112323,11,6,6,183266,30547,152724,R B R D2 R D' B' D R' B2 D2
70187,12734561322233,11,6,6,161497,26919,134583,R B R2 D' R2 B D' R' D B' R2
70411,12734562313223,11,6,6,154804,25804,129005,R B R B R D2 B D' B D2 R2
76545,12745631111111,11,6,6,541652,90278,451379,B R' B R B' D2 B' R' B' R D2
76789,12745632111122,11,6,6,178137,29693,148449,R B D2 B R2 B' R2 B R' D' R2
76881,12745632212213,11,6,6,210154,35028,175131,R B' D2 B R' B2 D B R D' B
76909,12745632222221,11,6,6,170763,28464,142304,R B D2 B' R' B2 R' B D R2 B2
76935,12745632232211,11,6,6,203083,33851,169237,R B' R2 B R' B2 D B D R' B
77087,12745633131131,11,6,6,190309,31720,158594,R B2 D' B' D B2 D R B2 D2 B
77217,12745633313312,11,6,6,166555,27762,138798,R B2 R B R2 B2 D B' D B2 D'
77219,12745633313333,11,6,6,177605,29603,148007,R B D' R' B R' D' B D2 R' D2
77244,12745633323311,11,6,6,168721,28123,140603,R B2 R D B2 D2 R B' D R2 D'
79117,12753462231323,11,4,8,190230,31707,158530,R B R2 B2 D R' D2 B R D2 B2
83552,12763452322232,11,5,7,171760,28629,143137,R B D R' D2 R D' B D' R2 B
87027,12765432121313,11,5,7,193054,32177,160883,R B D2 B2 D' B' D2 R B2 R' D2
87114,12765432222212,11,5,7,292119,48688,243437,R D' B2 D' B D R D2 R2 D R
87267,12765433121213,11,5,7,219011,36504,182513,R B' R D' B2 R2 D R B' D B2
87461,12765433331333,11,5,7,200137,33357,166786,R B D2 B2 D' B' R2 D B2 D' R2
87669,13245671321111,11,7,5,193520,32256,161268,R D R' B D2 R D' R' B' D2 B'
88938,13246571111111,11,5,7,244866,40813,204059,R B2 R' B' R D2 B' R' B D' B2
88952,13246571112233,11,5,7,164662,27446,137222,R B R' B2 D B' D' R' B2 R2 D
88961,13246571113232,11,5,7,255300,42551,212755,R D' B' D2 R D R2 D' B' R2 B'
89378,13246572321332,11,5,7,193396,32236,161166,R B2 D R2 D R D B R2 B R'
89402,13246572331232,11,5,7,174766,29131,145641,R B R2 B D' R B2 R D2 B D
89537,13246573221233,11,5,7,180685,30119,150572,R B2 R B R' B R B D2 R B2
89617,13246573321223,11,5,7,184190,30701,153495,R B2 R B' R2 D B D2 R' D' R
89985,13246752133211,11,5,7,224484,37415,187075,R B2 D' B2 R D' B D' B R' D
90974,13247563212131,11,5,7,200123,33355,166774,R B R' B2 D2 B' D' B D' R D'
92786,13254761322233,11,5,7,190504,31752,158758,R B' R' D2 B D' R' B D' R2 D'
92797,13254761323322,11,5,7,163617,27273,136350,R B2 R B R2 B2 R' D R2 B' D'
93020,13254762321233,11,5,7,226383,37732,188657,R D B2 D' R' B2 D B' D R B'
93277,13254763323122,11,6,6,193619,32272,161352,R D R' B' D' B' R2 D R' D2 R
95513,13257641112233,11,5,7,166322,27722,138606,R B R2 D2 B2 D' R' D' R B2 D'
98431,13265741112323,11,5,7,275023,45839,229190,R D R2 D' B2 R2 D R B' D B2
98718,13265742131312,11,5,7,234895,39152,195749,R D R B2 D2 R B' D R' B D'
99183,13267451122211,11,6,6,204323,34056,170272,R B' R2 D B2 D' B' D2 R2 B R'
99308,13267451311133,11,6,6,171328,28558,142775,R B R D2 R D' B' D' R2 B R
99875,13267541111132,11,5,7,217914,36322,181598,R B2 R2 D' R B' R2 B' R' D R'
100020,13267541232212,11,5,7,198790,33134,165662,R B R D' B R' D B2 D R D
101347,13274651112323,11,5,7,242792,40467,202331,R B2 D' B2 D' R D' R2 B2 D' R
102074,13275461112233,11,5,7,183066,30514,152558,R B2 R' B2 D2 R' D B R' B2 R
102648,13275463213211,11,5,7,181001,30169,150838,R B2 R2 D2 B' R' D R' D2 R B'
102803,13275641112233,11,5,7,221077,36850,184233,R B2 R' B D' R B' R B' R2 B2
102805,13275641112323,11,5,7,275152,45862,229296,R B2 R' B R' B R' B D' R2 D2
103094,13275642131333,11,5,7,208531,34757,173780,R B D R' B2 D' R B' D B' D'
103369,13275643212221,11,5,7,223273,37215,186064,R B2 R2 B' R B2 D' B2 D R2 B'
103539,13276451113211,11,5,7,240157,40029,200134,R B' R2 B' R D R2 D R' D2 R'
103673,13276451233133,11,5,7,238972,39832,199146,R B' R B R' B2 D2 B R' B2 R'
104320,13276541133122,11,6,6,177478,29583,147900,R B' R2 D B D2 B R2 B R' B2
104352,13276541213312,11,6,6,238443,39744,198704,R2 B D' R2 B' D R B' D R2 B2
104437,13276541321123,11,6,6,178024,29674,148355,R B' D2 R B R2 B D2 B R' D2
104451,13276541322311,11,6,6,229195,38203,190997,R2 B R2 B' D B R2 B2 R B D'
104454,13276541323112,11,6,6,149746,24961,124790,R B R2 D' B D' B R B R' B2
104461,13276541323322,11,6,6,156253,26045,130213,R B D2 R' B D' R D B R' D2
104703,13276542323312,11,6,6,178382,29733,148654,R B2 R' D' R' D B2 R' D2 R B2
104941,13276543323122,11,6,6,172433,28741,143697,R B' R B' R B2 D' B' D B2 D'
113724,13462571111111,11,6,6,192554,32095,160464,R B D R2 D R' B' D' B2 D2 R
114072,13462572213311,11,6,6,160156,26694,133467,R B R2 D B' D2 B' D' R D2 B'
125469,13527461211113,11,6,6,191007,31837,159175,R B' D' B D2 R' B D R D' R2
126986,13542671231231,11,6,6,152633,25442,127196,R B R' B R D2 R2 D' R' D2 B
128406,13546271213213,11,6,6,170763,28463,142305,R B D2 R2 B' D R' B D B' D'
128444,13546271231231,11,6,6,220005,36671,183339,R D2 B R2 B' D R' B R' B' R
128500,13546271321321,11,6,6,189092,31518,157579,R B' R' B2 R D' R2 B D2 B' D2
136361,13572641122133,11,5,7,242995,40501,202500,R D R2 D' R2 B2 D R D' B D2
138684,13576241312213,11,5,7,236898,39484,197420,R B2 R2 D' B D' B2 D' R' D R'
138706,13576241321321,11,6,6,189935,31659,158281,R B R' D B R' B2 D R' B D'
143109,13627451332112,11,6,6,169386,28233,141158,R B R' B' D' B D2 B' D R' B'
144454,13642571221223,11,6,6,225009,37504,187510,R B R2 D B R2 B2 D' R' D' B2
144472,13642571223221,11,6,6,224584,37434,187155,R B R2 B2 R' B2 D' R' D2 R' B'
144940,13642573221221,11,6,6,254559,42429,212135,R B' R D2 R' D R' D R D' B2
145916,13645271221331,11,6,6,158214,26372,131847,R B D2 B2 R D' B2 R B D2 R2
147987,13647521111111,11,6,6,185678,30950,154733,R B R D B2 D R' B' R' B2 R2
156022,13675241112323,11,5,7,203123,33856,169273,R B D2 R2 B2 R' B' D' R D2 B'
156471,13675242331313,11,5,7,182655,30445,152216,R B2 R' D R D R' B2 D B' R'
160121,13725642332132,11,7,5,187911,31321,156594,R D B2 R' D2 R' B R' D2 B2 D
167965,13754262123323,11,5,7,361942,60326,301622,R2 B' D' R B' D R2 D R' D R2
170782,13762451321321,11,6,6,158367,26398,131974,R B R2 B2 R B2 D R2 D2 B D'
172131,13764251211311,11,6,6,145683,24285,121403,R B R B' D2 R' B R' B' R B2
172499,13764252323231,11,6,6,168643,28110,140538,R B D2 B D' R B' R B2 D' B
174504,13765422121211,11,4,8,225702,37619,188090,R B D B2 D R D B2 R' D R
184492,14263751131121,11,6,6,170118,28355,141768,R B' R D B2 R' D B' D B' R2
186820,14267351321321,11,6,6,171959,28663,143301,R B D2 R2 B2 R' D B' D' R B
190963,14275633323122,11,7,5,183432,30575,152861,R D R2 B' D2 B' R D' B2 R2 B
192456,14325671111111,11,6,6,628911,104821,524095,B2 R' B R D B2 D R' B' R D'
192709,14325672112121,11,6,6,166764,27796,138973,R B D2 B D2 B' D2 B R' B' R2
192841,14325672231323,11,6,6,172621,28772,143854,R B D' R D' B2 D' B R D B2
192910,14325672323222,11,6,6,168419,28073,140351,R B D2 B2 R D B' R D2 R B2
192992,14325673123232,11,6,6,172143,28693,143455,R B2 R' D R' B2 D2 B R' D B2
193094,14325673232333,11,6,6,161724,26958,134771,R B R2 B2 R' D' R2 B R B2 D'
193106,14325673311131,11,6,6,195985,32666,163324,R B2 D' R' D B2 D B D2 R2 D
196401,14327652131213,11,6,6,187553,31261,156297,R B D2 R' D' B2 D R D2 R D'
196617,14327653121213,11,6,6,199432,33240,166197,R B2 R' D2 B D B2 D2 B' R' D2
197163,14352672212111,11,6,6,179615,29939,149681,R B R2 B' D2 R B' D2 B R D'
199033,14356721112323,11,6,6,186893,31151,155747,R B D B2 D B' D' R' B2 R2 D
199220,14356721322233,11,6,6,218405,36403,182007,R D B' R' D B2 D R D2 R2 B'
204566,14367252322232,11,5,7,172890,28818,144078,R B D2 B' R B2 R D2 R2 B' R'
205497,14367523311113,11,5,7,303752,50627,253131,R D' R' B' R B' R' D2 R' D' B
210228,14523672121313,11,6,6,192766,32130,160641,R B D2 B2 D' B' D2 R B2 R' B2
210471,14523673121312,11,6,6,232567,38762,193810,R B' D' B D2 B2 D B' D' R D2
213630,14527631121311,11,6,6,178938,29826,149117,R B2 R2 D2 B' R D' R D2 R' B
213654,14527631131211,11,6,6,172381,28733,143653,R B D2 R' D' B R' D2 B R B
213675,14527631133311,11,6,6,166541,27762,138784,R B R B D2 R2 B2 R B2 R' B
213680,14527631211131,11,6,6,188357,31395,156967,R B' R B R2 D' B' D B2 D' R'
213760,14527631311121,11,6,6,185775,30966,154814,R B2 D2 R2 D' R' D R' B2 R B
213879,14527632122213,11,6,6,187571,31265,156311,R B2 D2 B D R2 D R D2 R' B
213930,14527632212111,11,6,6,190591,31768,158828,R B2 D2 B R2 B R' D B2 D' R
214082,14527632333332,11,6,6,224298,37385,186918,R D2 R' D2 R D' B' R D2 B R2
214153,14527633132322,11,6,6,173977,28999,144983,R B2 R D R' B D2 B' D2 R D2
214256,14527633312133,11,6,6,179352,29895,149462,R B D' B2 R2 D R' B' R B' D
216438,14536273311311,11,5,7,200454,33411,167049,R B D2 B2 R D' B' D B2 R B
218356,14537622231323,11,4,8,176925,29490,147442,R B R2 B2 D R' D2 B R B2 D2
220612,14563272323222,11,5,7,163311,27221,136096,R B R B' D2 B D' R' B D' R2
221790,14567231312213,11,5,7,237164,39529,197641,R D R' D' B D2 B D' R' B R
221806,14567231321123,11,5,7,202451,33744,168713,R D R' B' D B2 D B' R' B R
224766,14573261333111,11,5,7,193244,32210,161040,R B D2 R D' B R2 B2 D' R' B
229635,14625731111111,11,6,6,241801,40303,201503,R B' D R' B2 R D2 B' D R D
229690,14625731131121,11,6,6,191864,31980,159889,R B' D' B' D R2 B' R2 B R' D
229838,14625731322233,11,6,6,172950,28829,144126,R B2 R2 B' D R B' D2 R2 B' R
229888,14625732112121,11,6,6,181708,30287,151426,R B2 R' B D' B2 R2 D' R' B2 D'
229903,14625732113321,11,6,6,202710,33787,168928,R B' R D' R2 D B' D B D2 R'
229984,14625732213323,11,6,6,171063,28514,142554,R B R2 B D R' D2 R' D2 R' B2
230031,14625732233111,11,6,6,188201,31370,156836,R B2 R D' B R D2 B' D R B
230193,14625733133111,11,6,6,169435,28242,141198,R B D B' R D2 R' B2 D B' R
231822,14632571111111,11,6,6,295947,49327,246625,R2 B R' B2 R' D' B' R D2 B R'
232013,14632571321132,11,6,6,174568,29097,145476,R B' R B' R' D B R2 D' B' D
237608,14652733321331,11,5,7,188460,31413,157053,R B R B D2 R D' B2 R2 D' R
242028,14673251111111,11,6,6,235905,39320,196590,R B' D' R D2 B' D B R B' R2
245676,14723651111213,11,6,6,170868,28480,142393,R B D B' R2 B D' B D' B2 R'
245679,14723651111312,11,6,6,217281,36215,181071,R D B D' R2 D R' D B' D2 R'
245684,14723651112131,11,6,6,172215,28704,143516,R B D2 B' D B R2 D' B' D R'
245692,14723651113121,11,6,6,165090,27518,137577,R B R2 D' R' B R' D2 B R D'
245757,14723651211212,11,6,6,157133,26192,130946,R B R2 B R' D B2 D B2 R D2
246115,14723652322121,11,6,6,146448,24411,122042,R B R2 D' R2 D B R2 D' R2 B'
246137,14723652331232,11,6,6,180703,30120,150588,R B2 D B' R2 D' R B D' B R
246307,14723653232222,11,6,6,164167,27364,136808,R B D R2 B' D' R D' R D2 B
246339,14723653313111,11,6,6,170289,28385,141909,R B R2 D2 B' R2 B R' D' R B2
246354,14723653321313,11,6,6,208340,34725,173620,R D B' D2 R D B2 D R2 D2 B
246402,14725361111111,11,6,6,195604,32603,163006,R B R B' D R' D B2 D2 B D'
246403,14725361111123,11,6,6,170260,28379,141886,R B D R2 D2 R D B' D R' D'
246608,14725361322332,11,6,6,182738,30459,152284,R B2 D2 R' D' R D' R2 B R' D2
246727,14725362211121,11,6,6,211653,35278,176380,R B' D2 B D R2 B2 D2 R B' D'
246972,14725363211213,11,6,6,165291,27551,137745,R B R2 D' R' D R D2 B2 R2 D'
246988,14725363213121,11,6,6,160221,26707,133519,R B R B2 D2 B' R' B' R D2 R2
247017,14725363223213,11,6,6,168464,28080,140389,R B D' R B2 D' R' B R' D2 B'
247050,14725363311113,11,6,6,215608,35939,179674,R B' D R2 B' R2 B D' R B R
248716,14726531223122,11,6,6,187667,31280,156392,R B' D2 R2 B' D B' R2 D B' R2
248734,14726531232122,11,6,6,187991,31334,156662,R B' R2 D2 B' R D' B2 R D' R2
248748,14726531233313,11,6,6,167430,27907,139528,R B D2 R' B D2 R D' B' D' B
248829,14726531333312,11,6,6,155784,25966,129823,R B R2 D' B D2 R B' D' B' D
248982,14726532232313,11,6,6,193633,32274,161364,R B2 D B D2 R2 B D' B D2 B'
249283,14726533323122,11,6,6,163714,27289,136430,R B2 R B' R B2 R2 D B D2 B'
251613,14735621221112,11,6,6,169025,28173,140857,R B R' D' B R' B' D B' D R'
251631,14735621223113,11,6,6,155954,25995,129964,R B R' B' R D' B' D R' D R'
251639,14735621223332,11,6,6,246936,41158,205783,R2 B D' B2 R' D R D' B R2 D2
251658,14735621233112,11,6,6,207796,34636,173165,R D B2 R' B R' D R B R' D2
251712,14735621323112,11,6,6,197770,32965,164810,R D R2 B' R D' B R D R' B2
251730,14735621332112,11,6,6,153176,25533,127648,R B R D2 R D2 R' B2 D B R2
251739,14735621333111,11,6,6,163484,27251,136238,R B R B2 R D2 R' D2 B D R2
251743,14735621333222,11,6,6,153169,25531,127643,R B R2 B D2 R B D' B D' B'
252236,14736251111132,11,5,7,183051,30511,152546,R B2 R D R2 B2 R' D' B2 D R'
252251,14736251112332,11,5,7,168484,28083,140407,R B R D2 B2 R B' D' B D2 R2
252841,14736253222223,11,5,7,170660,28444,142222,R B R' D' B D' B D2 R' D' B2
253030,14736521132222,11,5,7,184909,30822,154093,R B2 R D R' B R D B2 R B2
253037,14736521133131,11,5,7,182370,30398,151978,R B D B D2 R2 B2 R B2 R' D2
253047,14736521211212,11,5,7,174847,29144,145709,R B R2 B R' D B2 D B2 R D
253070,14736521213333,11,5,7,178947,29828,149125,R B2 R D R2 B' R2 D R B D'
253077,14736521221313,11,5,7,185050,30843,154213,R B2 D' R D2 R2 D' B D2 R' D2
253157,14736521321231,11,5,7,250545,41758,208793,R D' R' D2 R' D' B2 D R D2 B'
253166,14736521322233,11,5,7,167050,27844,139212,R B R' D2 B D' R' B' R2 B2 D
253189,14736521332121,11,5,7,210375,35065,175316,R D R' D2 R' B R B D2 B2 D
253462,14736523112222,11,5,7,185912,30988,154930,R B2 R D' R2 B R D2 B' D' R
253469,14736523113131,11,5,7,175271,29215,146062,R B R2 B' R D2 R' D R B2 D'
254296,14752363222121,11,5,7,161034,26842,134198,R B R2 B R2 B D' B' D R2 D
254326,14752363232222,11,5,7,207358,34563,172801,R B' R D R B' R2 B' R2 B' D2
254333,14752363233131,11,5,7,184545,30762,153789,R B2 R D2 R2 B R' B R2 B R2
254421,14752631111111,11,6,6,229109,38187,190927,R B' R' D' R D2 B' D2 B R' B
254436,14752631112311,11,6,6,189982,31667,158320,R B' R B' D2 B D2 R' D R B
254632,14752631323223,11,6,6,168381,28067,140319,R B2 R2 B' R D B' D2 R2 B' R
254891,14752632332132,11,6,6,162714,27122,135597,R B2 R2 B' D2 B R D' R2 B D'
255010,14752633213223,11,6,6,165744,27626,138123,R B2 R2 D2 B R' D' R D' B D2
255028,14752633222223,11,6,6,176787,29467,147325,R B2 R D' B2 D' R2 B D2 B' R
255034,14752633223123,11,6,6,171090,28518,142577,R B2 D2 R2 B' R B' R D2 B' D
255038,14752633223231,11,6,6,185664,30947,154722,R D R B' D R' B' D2 R2 B' D
255258,14753261221112,11,6,6,167538,27926,139617,R B R2 D R' D R2 D2 B' R' B2
255357,14753261323112,11,6,6,207855,34644,173216,R D2 R D B2 D2 B' D B2 R' B'
255384,14753261333111,11,6,6,167879,27983,139901,R B R2 D' R' D' R' B R' D2 R
258182,14762351221331,11,6,6,192513,32088,160430,R D R2 D' R' B2 D B' R B D'
258260,14762351321231,11,6,6,206665,34446,172224,R B' D' R2 B D' B' D B' R2 B'
258286,14762351331221,11,6,6,157798,26304,131499,R B2 R B' R2 D2 R' B R D2 R
259636,14763251221223,11,6,6,295508,49254,246259,R D R' D' B R D2 R2 B2 R D'
259647,14763251222312,11,6,6,274506,45754,228757,R B' R' B2 D' R B' R2 D2 R' D
259757,14763251332331,11,6,6,259105,43187,215923,R B2 R2 B' R' D B' D R' B D2
259759,14763251333123,11,6,6,244814,40805,204014,R B D2 R2 B2 D R D' B D' R'
259966,14763252322121,11,6,6,237397,39570,197832,R B R' B' R B2 D' R B' R' D
260078,14763253132232,11,6,6,233203,38870,194338,R B R B' R2 D2 R' D' B D2 R'
260084,14763253133132,11,6,6,232995,38836,194164,R B R D2 R2 B' R D' B R D2
260086,14763253133222,11,6,6,252559,42095,210469,R B2 R2 B R2 D' B D2 B2 D' B'
260087,14763253133231,11,6,6,244356,40730,203631,R B D' R D' R2 B2 R B R D2
260122,14763253221221,11,6,6,235001,39170,195836,R B R' B R' D B2 R2 D2 B R'
260127,14763253222112,11,6,6,269524,44923,224606,R B' R B' R B' D B2 D2 B' D2
260274,14763521113211,11,5,7,186009,31005,155010,R B2 R B2 D2 R B2 R' B2 R2 D'
260275,14763521113223,11,5,7,170015,28338,141683,R B R2 D' R' B' D R' B D' B2
260864,14763523222331,11,6,6,143386,23901,119490,R B R B' R D B2 D2 R' B' D
260985,14765231111213,11,6,6,184095,30686,153414,R B2 D2 R2 D' R' B R' B2 R D
260988,14765231111312,11,6,6,192007,32004,160008,R B' R D R' B2 D B2 D B' R
260993,14765231112131,11,6,6,179388,29901,149492,R B2 R2 D2 B' R B' R D2 R' D
261001,14765231113121,11,6,6,164080,27350,136735,R B R2 D' R' B R' D2 B R D
261056,14765231133131,11,6,6,165740,27627,138118,R B D B D2 R2 B2 R B2 R' D
261309,14765232211211,11,6,6,169138,28192,140951,R B R2 D' B R' D2 B D R2 D2
261376,14765232232322,11,6,6,167740,27960,139785,R B R' D R' B2 D2 R D R D'
261447,14765232331313,11,6,6,168028,28008,140025,R B2 R2 D2 R B' R2 D B R2 D2
261488,14765233113131,11,6,6,158479,26417,132067,R B R2 B' R D2 R' D R B2 D2
261683,14765233323332,11,6,6,169184,28198,140991,R B D2 B' D B' R2 D2 B' D' B2
263898,15236471111111,11,6,6,217449,36244,181210,R B' R2 B' D' B' D R2 B R' D2
264520,15236473231121,11,6,6,151439,25242,126202,R B R' D2 B' D R D' R D2 B2
267034,15243671331221,11,6,6,169973,28332,141646,R B2 R' D B2 R' B D R B' D2
268496,15246371331332,11,6,6,233941,38993,194953,R B D' B R' B2 D R' B D B2
268505,15246371332331,11,6,6,226384,37734,188655,R B R' B2 D2 B R D R' D' R
268739,15246372331331,11,6,6,223657,37279,186383,R B R2 B D B2 R D2 R2 D' B'
274959,15267431223113,11,6,6,170606,28438,142173,R B R2 D R' B R2 B2 D' R' D
276307,15273641112323,11,5,7,212211,35372,176845,R B2 R' B2 D2 R' B D R' B2 R
280446,15324673113311,11,6,6,291714,48621,243098,R2 B R' D' R' D R2 B' D B2 D'
284397,15342671211311,11,7,5,145647,24279,121372,R B R B' D2 R' B R' B' R D2
285964,15346271321321,11,6,6,156005,26004,130006,R B R' D R D2 R2 B' R' D B2
292410,15367421211113,11,6,6,207085,34516,172574,R D B' D2 B D' R B R2 D2 B2
292455,15367421223113,11,6,6,154373,25732,128646,R B D2 B D R2 B' R2 D R D2
292897,15367423211123,11,6,6,179152,29862,149295,R B D' B R B' D R' B2 R2 D
298890,15426371111111,11,6,6,192656,32112,160549,R B D R2 D R' B' D R' D2 B2
298904,15426371112233,11,6,6,169747,28293,141459,R B D2 R' D2 B D' B' R D' R2
307818,15463271313113,11,5,7,188738,31459,157285,R B R2 D R' D R2 D2 B' R' B
317406,15624732123212,11,5,7,230414,38404,192016,R B' D B' R2 B D2 R D' B2 D
317436,15624732133313,11,5,7,191990,32002,159994,R B D2 R2 B R' B D R' B2 R'
317600,15624732333332,11,5,7,180297,30052,150251,R B R' D B R2 B D' B2 R D2
318699,15627431223113,11,6,6,154337,25726,128616,R B R' D' R' D' R2 B R' D2 R
318771,15627431322113,11,6,6,211680,35283,176402,R D2 R B R2 B2 R' D B2 R' D'
318798,15627431332112,11,6,6,157332,26225,131112,R B D2 R D' R D2 R2 B' R' D2
321785,15634722123332,11,5,7,244943,40826,204123,R D' R2 B R2 B' D' B2 R2 D R'
321926,15634722321233,11,5,7,177708,29620,148094,R B D2 B R' B D' B' R2 D R'
323515,15637423211123,11,4,8,199772,33297,166482,R B R2 B' D B' D R2 D' R2 D
323676,15642371111111,11,5,7,408215,68037,340184,R2 D R' B D B2 R' D B D2 B'
324024,15642372213311,11,5,7,174869,29148,145727,R B2 R B D2 B' R' B2 D R B'
324062,15642372231332,11,5,7,180207,30038,150175,R B D' B R B2 R B' D2 R B2
324142,15642372331322,11,5,7,167814,27972,139848,R B R D2 B' R2 D R B2 R D'
324258,15642373212311,11,5,7,171427,28573,142860,R B R' B D2 R' D' R D' B2 D2
324277,15642373221323,11,5,7,181839,30308,151537,R B D B D R' D' B R2 D' B
324301,15642373231223,11,5,7,205711,34287,171430,R B' R B R B' D2 B' D2 B' D2
325250,15643271221331,11,6,6,165503,27586,137922,R B2 D2 R B2 R D' R' D' B2 D'
325354,15643271331221,11,6,6,175637,29275,146367,R B' R' B' D B2 R' B D2 B' D
325746,15643273223111,11,6,6,155659,25947,129717,R B R B2 R D' B' R' B2 D R
327182,15647233213232,11,6,6,155354,25895,129464,R B R B' R2 D2 B D' B' D R2
328073,15672341113232,11,5,7,200869,33480,167395,R B' D' B2 R D' B' R B' R2 B'
328257,15672341323112,11,5,7,159219,26538,132687,R B2 R B D2 B2 D' B R2 D' B'
328506,15672342323312,11,5,7,183256,30545,152717,R B2 R' D' R' D' B2 R B2 R' B2
328640,15672343213232,11,6,6,155524,25925,129604,R B2 R D' R2 B2 R' D R B2 R
329438,15672433312133,11,5,7,219555,36595,182966,R B D B' D B' R B' R B2 D
334217,15724362212132,11,5,7,212078,35348,176736,R B D' R' D B R' D2 B2 D R2
334611,15724631111111,11,6,6,199273,33216,166062,R B R D2 R2 D R B' D R' B'
334698,15724631211311,11,6,6,162115,27021,135099,R B D B' D R' B D2 B2 D B'
334814,15724631322233,11,6,6,183164,30530,152639,R B2 D2 R' B' D R' D2 B R' B2
334904,15724632123233,11,6,6,229183,38199,190989,R D B R' D B' D B2 D' R2 B
335038,15724632313223,11,6,6,169474,28247,141232,R B D' R' B2 D' B' R D2 B' D'
335066,15724632323231,11,6,6,188056,31346,156715,R B2 D2 R2 D R B R' B D' B2
335069,15724632323333,11,6,6,186798,31136,155667,R B2 R2 B' D' R B2 D' B R D2
335167,15724633132322,11,6,6,157047,26178,130874,R B R B2 R' D B2 R' B2 R' D2
339448,15734622331223,11,5,7,187621,31274,156353,R B R B D B' D2 R B2 R B2
344817,15746321111111,11,6,6,251070,41848,209227,R D2 R B' R B R2 D' B D B2
345027,15746321323211,11,6,6,150030,25008,125027,R B D R B2 R D R2 D2 B' D'
345240,15746322313112,11,6,6,140895,23485,117415,R B R B D2 B D R2 D2 B' D'
345828,15762342122213,11,5,7,261044,43510,217540,R B D' R B' D R2 D R' D R'
347004,15763241111111,11,6,6,222981,37166,185820,R B' R' D R2 B' D B D B' R2
347456,15763242323132,11,6,6,159555,26596,132964,R B D R2 B2 R' B' R2 B' D2 B
354359,16243571132132,11,6,6,158894,26485,132414,R B R2 D' R D' B2 D' R2 B' R2
354434,16243571231231,11,6,6,171433,28577,142861,R B' R B R' B D' R2 B R B2
354490,16243571321321,11,6,6,164304,27386,136923,R B2 D R2 D' B D' B R' D' R
355892,16245371231231,11,6,6,177644,29610,148039,R B2 D R' D' B2 R D2 R D2 R2
361516,16254733312223,11,5,7,307304,51220,256090,R D R2 B' D' R2 D' B R B2 R
362376,16257431132111,11,6,6,180975,30166,150814,R B' R' B D2 R' D R B D' R2
362926,16257433223123,11,6,6,153363,25562,127806,R B D B2 R2 B' D' B2 D' B2 D
363809,16273541122133,11,5,7,259737,43293,216450,R B' R2 D2 R D R2 D R B' R
363967,16273541321321,11,6,6,229408,38238,191175,R B' D R D' B2 R2 B R' B2 R'
366132,16275341312213,11,5,7,216455,36077,180384,R B2 D' R2 D' B D' B2 R2 D' R
366484,16275343122221,11,5,7,177209,29537,147678,R B D' B2 R D' R' D' R B2 R'
370970,16327453232333,11,5,7,166436,27742,138700,R B R2 D2 R' B2 R' B D2 B' R'
372010,16342571331221,11,6,6,175734,29291,146448,R B2 D B' D B D' B2 R2 D R
373248,16345271111111,11,6,6,380766,63463,317308,R2 D' R B' R' D R2 D B D B'
373322,16345271133131,11,6,6,171394,28569,142830,R B2 R B D' R D2 R' D2 B R2
373365,16345271222111,11,6,6,187068,31180,155893,R B' R B2 D R2 D' B D' B2 D2
373694,16345272322232,11,6,6,180738,30125,150618,R B2 D2 R2 D' B' D R' D2 R D
373728,16345272333212,11,6,6,164542,27426,137121,R B R2 D' B D' R2 B D B2 D2
373777,16345273122323,11,6,6,200646,33444,167207,R B' D B' D2 R B D2 R' B R'
373894,16345273233323,11,6,6,215264,35880,179389,R D2 R2 B' D' R B' D2 B R' B2
375009,16347252131312,11,6,6,242685,40451,202239,R D R2 B' D R B D2 B2 R' B
375225,16347253121312,11,6,6,229644,38277,191372,R B' D2 B' R B R D2 R2 D B
379935,16357421223113,11,6,6,177234,29540,147699,R B D' R' D' B D2 B' R D' B'
382741,16374521112323,11,6,6,187838,31308,156535,R B D B2 D B' D' R D' B2 R2
383293,16374523211123,11,6,6,167163,27864,139304,R B R' B' R2 D' R' D R2 B' R2
385165,16423572112121,11,5,7,199041,33176,165871,R B D2 B2 R D' B D' R B R2
388644,16427531211311,11,5,7,159763,26630,133139,R B D R2 B2 D R' B' D B2 R2
388699,16427531231321,11,5,7,176304,29386,146924,R B2 R D B2 R2 B' D' B2 D R'
389039,16427532333233,11,5,7,290557,48429,242134,R2 B D2 B2 R B' R' B D2 R D
395118,16453271111111,11,6,6,241315,40223,201097,R D R' B2 R B' R D R2 B2 D2
395199,16453271211113,11,6,6,161099,26854,134250,R B D2 B R B2 D' R2 B R B2
395363,16453272111131,11,6,6,162901,27154,135752,R B D' R B R' D R' D2 R2 B
401505,16475233132313,11,4,8,240031,40007,200031,R B2 R2 D2 B' R2 B' R' D R' B'
403126,16523473332323,11,5,7,165286,27550,137742,R B R2 B' R D B2 R' D' B D
403149,16523741112212,11,5,7,193511,32255,161262,R B R D2 R2 B' R D2 R' D2 R2
404607,16524731112212,11,6,6,223617,37271,186351,R D R2 D' B' R2 D B' R D B'
404609,16524731112233,11,6,6,192097,32018,160084,R B' R' B2 D B' D' R D' R2 D'
404615,16524731113133,11,6,6,190132,31692,158445,R B2 R B' D2 R2 D' B R D2 R
405324,16527341111111,11,6,6,188985,31501,157489,R B D R2 D B2 D R B R2 D2
406106,16527431123333,11,5,7,279844,46643,233207,R B2 R2 B' D' R B' D R' D B2
406172,16527431222132,11,5,7,290824,48473,242357,R B' R D' R B' R D2 R2 D' B2
406228,16527431312222,11,5,7,315611,52605,263012,R D R' B' D R D2 R2 B2 R B'
406290,16527431333213,11,5,7,249761,41630,208137,R B R2 D2 B2 R B R' B D' R'
406322,16527432113333,11,5,7,253533,42258,211281,R B R B' D2 R2 D B D B' R2
406384,16527432211322,11,5,7,292592,48769,243829,R B' R B R' B D2 R2 B' D R2
406432,16527432231122,11,5,7,263041,43842,219205,R B R' D' B D2 R' B R' D' B
406439,16527432231332,11,5,7,250986,41834,209158,R B R D' B2 R2 B R D B' R2
406519,16527432331322,11,5,7,268200,44703,223503,R B2 R B R D2 B R' D2 R' D
406530,16527432333113,11,5,7,261086,43518,217574,R B D2 R2 B2 D R B' R B' R'
406712,16527433312133,11,5,7,256236,42710,213532,R B R B2 R2 D' B R' B R B2
406786,16532471111222,11,5,7,214421,35740,178687,R B2 R B2 R2 D B' R' B D' R
408240,16534271111111,11,6,6,212101,35353,176753,R B' R2 D' B D B R2 B R' D
408242,16534271111132,11,6,6,158206,26372,131839,R B R B2 D' R B' R B' R2 D
408807,16534273211111,11,6,6,198805,33136,165674,R B' D2 B' D B2 D R2 B D B2
409537,16534723211123,11,4,8,259779,43298,216488,R D2 R B D2 B' D' B2 R B D
410431,16537421111222,11,6,6,175248,29212,146041,R B R2 B' R' D2 B R' B R B'
410452,16537421113322,11,6,6,176833,29475,147363,R B2 R D' B2 R D B R2 D' R2
410453,16537421113331,11,6,6,186152,31028,155129,R B D2 B D R' B2 D R D B'
410553,16537421223113,11,6,6,154341,25727,128619,R B R2 D R' B R2 B2 D' R' D2
410580,16537421233112,11,6,6,217167,36197,180975,R D2 R D R2 D2 R' B D2 R' D'
410652,16537421332112,11,6,6,156377,26067,130315,R B R2 D' R' B' R' B R' B2 R
411272,16542371221331,11,6,6,147099,24520,122584,R B R2 B D' B R' D' R2 B R'
411376,16542371331221,11,6,6,163014,27172,135847,R B2 R' D B2 R' B D R B' D'
411416,16542372112331,11,6,6,227061,37846,189220,R D' R D R2 D2 B2 R' D' R B2
412726,16543271221223,11,6,6,310235,51710,258530,R D2 R2 D R' B R' B R' B R2
412744,16543271223221,11,6,6,231008,38504,192509,R B R B2 D2 B' D R' D' B2 R
412838,16543271331332,11,6,6,250382,41733,208654,R B2 R2 B' D B' D R' B D B2
412847,16543271332331,11,6,6,252857,42146,210716,R B2 R2 B D B' R B' D B' R2
413081,16543272331331,11,6,6,234086,39019,195072,R B R2 B2 R' B D2 R B2 R2 B'
413212,16543273221221,11,6,6,249626,41608,208023,R B2 R2 B D' B R' D R' B R2
413343,16543721111111,11,6,6,193642,32277,161370,R B D R2 D R' B' D R' B2 D
413364,16543721113211,11,6,6,158634,26442,132197,R B R D' R2 B D' B' R D' R2
414790,16547233332323,11,5,7,182520,30422,152104,R B2 R2 D2 B D' R B' D2 B R'
414827,16547321113331,11,5,7,228415,38071,190350,R B2 D' R2 D B D2 R2 B' D' R2
416259,16572431111111,11,6,6,219126,36523,182608,R B' R' D B' D2 R' D B R D2
416848,16572433213223,11,6,6,157502,26254,131253,R B D' R2 B2 R D2 R D2 B R
417034,16573241123123,11,6,6,184119,30690,153434,R B' R D R2 D2 B2 R' B' R B2
417165,16573241312312,11,6,6,165691,27619,138077,R B D R2 D R' B' D' R2 B R
418466,16574231113133,11,5,7,194450,32410,162046,R B R2 D2 B2 D' B R' D' R D
419942,16723451122133,11,5,7,195043,32509,162540,R B R' D2 B2 R' D B' D' R B2
420108,16723451322311,11,5,7,172693,28784,143915,R B D' R2 B2 D' B R' D' R D2
423582,16725431121311,11,6,6,165228,27541,137692,R B R2 B' D B D2 R' B' D R'
423606,16725431131211,11,6,6,170523,28423,142105,R B D2 R' D' B R' D2 B R B'
423631,16725431211122,11,6,6,172049,28676,143378,R B R' D2 B2 D' B' D2 B R2 D'
423632,16725431211131,11,6,6,211545,35260,176290,R D B R' D2 R D' R B' D2 R'
423712,16725431311121,11,6,6,159909,26655,133259,R B R B' R2 B D' R D' B2 R'
423874,16725432211121,11,6,6,189338,31559,157784,R B2 R' D R' D R2 B' D' R D'
423940,16725432232223,11,6,6,166234,27709,138530,R B R B' R D2 R' D2 B R' D
424059,16725433113311,11,6,6,170375,28399,141981,R B D R B2 D R2 D B' D2 R2
424074,16725433122212,11,6,6,160868,26814,134059,R B R2 B' D' B2 R B' D' B2 R2
424274,16725433333232,11,6,6,153034,25509,127530,R B R2 B R' B R2 D' B D B'
427476,16735242122213,11,4,8,230013,38338,191682,R B R2 B2 D' R B' D' R D R'
429045,16742352232313,11,4,8,205037,34175,170869,R B D2 B' R2 B R' B D R' D2
430564,16743252323222,11,5,7,167831,27975,139862,R B R2 B D R' D B D R2 B'
431844,16745232121313,11,5,7,196402,32735,163673,R B2 R B' D B2 D' B2 R D' B'
431851,16745232122222,11,5,7,182562,30430,152138,R B R2 B2 R B D B' D2 B' R
432084,16745233121213,11,5,7,180342,30060,150288,R B R2 B2 R B R D' B2 D' B
432294,16745233333313,11,5,7,261390,43566,217830,R D' B2 R B R2 B' D' B2 D' B'
434592,16753241221112,11,5,7,199068,33180,165894,R B D' R B' D2 B R' B' R' D'
444690,17246351111111,11,6,6,188282,31384,156903,R B R B2 R D' B' R B' D2 R2
454659,17265433111313,11,4,8,286134,47692,238449,R D2 R B R' D R' B2 R' B R'
454984,17324561211323,11,6,6,197829,32975,164859,R D2 R B' D B R2 D' R B R2
455048,17324561232332,11,6,6,144123,24023,120105,R B R D B2 D B R2 B2 D' B'
458145,17326452212111,11,5,7,304137,50692,253451,R2 B2 R' B' R' D R2 D R2 D' R2
466656,17356241212313,11,6,6,146579,24434,122150,R B R' B' R D2 R B R' D2 R2
466892,17356242211331,11,6,6,232340,38727,193618,R2 B R2 B R2 D B D' R B' R'
468105,17362451211311,11,6,6,143938,23992,119951,R B R D2 R D' B' D R' D2 B
468160,17362451231321,11,6,6,161796,26968,134833,R B D R' D2 B D' R' D B' R2
468366,17362452213311,11,6,6,248848,41477,207376,R D' B2 D' R B2 R B2 D B D2
469616,17364251231231,11,6,6,192934,32158,160781,R B2 D' B2 D R D2 B2 R' B' R2
473711,17423653213232,11,6,6,163649,27278,136376,R B2 R' B R2 D' B R D R' D2
474615,17425631122112,11,6,6,175865,29314,146556,R B D' B' R B' R' B R' D R'
474705,17425631223113,11,6,6,157694,26285,131414,R B D B2 D B2 D' B2 R B R2
474759,17425631313113,11,6,6,171113,28522,142596,R B D R2 D R2 D' B2 R D R2
474777,17425631322113,11,6,6,201316,33556,167765,R D R2 B' R B' D R D R' D2
474785,17425631322332,11,6,6,236602,39437,197170,R2 B R D2 B R' D R2 D R' B2
474786,17425631323112,11,6,6,203620,33939,169686,R D B2 R' B D' B D B R' B2
474790,17425631323223,11,6,6,165706,27620,138091,R B D2 R' D R' D B D2 R D'
474804,17425631332112,11,6,6,161678,26950,134733,R B D' R' B R' B' R B' D R'
476051,17426531112233,11,5,7,175672,29280,146398,R B D' R2 B D' B' D' R2 D2 B
476067,17426531121212,11,5,7,197991,33001,164996,R B2 R D B2 R' B2 D R D B'
476106,17426531132312,11,5,7,193759,32296,161469,R B2 D' B R2 B2 R' B D2 R' B2
476137,17426531213123,11,5,7,211119,35189,175936,R D R' B2 R' B R D B2 D2 B
476167,17426531223221,11,6,6,155382,25902,129485,R B R B D2 R2 B2 R B2 R' B2
476186,17426531232233,11,5,7,246948,41160,205794,R D' R' B2 R' D' R2 D R B2 D'
476219,17426531313131,11,5,7,198709,33121,165594,R B2 R D B' R B D B2 R D2
476261,17426531331332,11,6,6,163006,27170,135841,R B D2 R' B' R' B2 D B' D2 B
476310,17426532121211,11,5,7,180716,30123,150599,R B R B' R2 D R' B2 D2 R B'
476504,17426532331331,11,6,6,178891,29820,149076,R B2 D R2 D R' B R2 B R B
479279,17435622211133,11,5,7,237006,39503,197509,R B2 D' B R D R2 D2 B' R D
479521,17435623211123,11,5,7,255360,42562,212804,R B2 D' R B D R2 D2 B' D B
480623,17436521323232,11,5,7,155855,25977,129884,R B R' B D2 R D' B' D' B2 D'
481730,17452363213232,11,6,6,157134,26192,130947,R B2 R' B R2 D' B R D R' D'
481826,17452363322132,11,5,7,158281,26384,131903,R B R2 D' R' D' R B2 R B R
482459,17452633213232,11,6,6,202876,33814,169067,R B D' B2 R2 B D' B2 D' B2 D2
482924,17453262211133,11,5,7,180278,30050,150234,R B R2 B' R D' B R2 B' R2 B
485862,17462352213311,11,5,7,187425,31241,156190,R B2 R B D2 B' R' B2 D R B
487008,17463251122112,11,6,6,173664,28947,144722,R B D2 R D' B R2 B2 D' R' B2
487088,17463251221331,11,6,6,146372,24399,121978,R B R2 B D B' R2 D R B D'
487152,17463251313113,11,6,6,168602,28104,140503,R B R' B' D' R' B2 D R' B2 R
487166,17463251321231,11,6,6,182098,30353,151750,R B2 R D' R2 B D R D2 B' R2
487179,17463251323112,11,6,6,207750,34627,173128,R D2 R B D2 B2 D' B D2 R' B'
487192,17463251331221,11,6,6,155472,25915,129562,R B D2 B' R' B2 D R' B R D'
493588,17526431131121,11,5,7,174674,29113,145567,R B D2 R' D' B' D R' D B' D2
493675,17526431231321,11,5,7,184008,30671,153343,R B2 R B2 D2 R D2 R' D2 R2 B'
493826,17526432123233,11,5,7,243564,40595,202975,R D B R' D B' D B2 D' R2 B'
500094,17543261111111,11,6,6,248620,41440,207185,R D B' R2 B R' B D R2 B2 D2
500157,17543261132111,11,6,6,158219,26374,131850,R B R2 B D B2 R' B2 D R B2
516861,17642531111111,11,6,6,187694,31286,156413,R B R B2 R D' B' R' D2 R2 B
516875,17642531112233,11,6,6,225188,37534,187659,R D B' D' B R2 B R B2 R2 D'
517521,17642533312211,11,6,6,160264,26713,133556,R B R D' B2 D' R' B D2 R' D2
517626,17643251122112,11,5,7,189756,31628,158134,R B R' B R' D2 R B' D' B' D'
524880,21345671111111,11,7,5,233961,38998,194967,R B' D2 R' B R' B' R D2 R B
525985,21345762223322,11,5,7,279445,46576,232875,R D2 B' R2 B R2 D' R D2 R2 D'
526030,21345762312323,11,5,7,220769,36797,183978,R B' R B' D R2 D2 B2 D B R'
526036,21345762313223,11,5,7,198482,33083,165405,R B D2 R' B R D2 B2 R D' R'
526325,21345763332233,11,5,7,212978,35499,177485,R B D2 R2 B' D' R B' D R2 D
527497,21346752313322,11,5,7,237665,39613,198058,R D R2 B2 D R' D' R' B2 R2 D'
528217,21347562312323,11,5,7,297337,49559,247784,R2 D2 R B' D B R2 D' R B R2
529290,21354671122112,11,5,7,173521,28924,144603,R B R D2 R B' R D2 R B2 D
529314,21354671131313,11,5,7,213894,35650,178250,R B' R2 D2 B R' D2 B D' R' D'
529362,21354671221112,11,5,7,176488,29417,147077,R B R2 D B2 D R' B D2 B D
529660,21354672311123,11,5,7,195559,32594,162971,R B' D2 R D2 R' D B' D2 B' D
529661,21354672311132,11,5,7,214421,35739,178688,R D R2 B2 D B' R D' R2 D R'
529680,21354672313211,11,5,7,607070,101180,505896,B2 R B' D R D2 B' R D R2 D'
529794,21354673131113,11,5,7,212798,35469,177335,R B' R2 B D B2 R' D2 B R B'
529997,21354761112233,11,6,6,181424,30241,151188,R B2 D2 R' B' R D' R2 B R' B2
529998,21354761112311,11,6,6,169321,28223,141103,R B D B' D2 R2 D B' R B2 R2
530004,21354761113211,11,6,6,187837,31309,156533,R B2 D2 R2 D B R B' R D' B2
530008,21354761113322,11,6,6,171930,28658,143277,R B2 R D2 B2 R' D R' B2 D2 R2
530022,21354761122211,11,6,6,225532,37592,187945,R D R D' R B' R B2 R' D2 B
530061,21354761133311,11,6,6,189239,31543,157701,R B2 R2 B' R B' R2 D B' R' D2
530331,21354762213311,11,6,6,158374,26399,131980,R B R' D2 R B R' D R' D B2
530643,21354763312211,11,6,6,169183,28200,140988,R B D' R B' D' R2 B' R2 B' D'
532575,21357462311111,11,5,7,234234,39042,195198,R B' R2 D2 R B D2 B R D' R
532763,21357463213331,11,5,7,216673,36115,180564,R B2 R' B R' B' R D' R2 D B2
533252,21357642221132,11,5,7,225940,37659,188287,R B2 D B2 D R B2 D' B R' B2
534762,21364752311111,11,5,7,202735,33791,168950,R B R2 D' B' R2 B' D' B2 R D
534936,21364753212212,11,5,7,190870,31815,159061,R B R D B D' B2 R B2 R B2
536172,21365742221312,11,5,7,165597,27602,138001,R B R D' B2 R B R2 B' D' B'
536236,21365742312323,11,5,7,200396,33401,167001,R D R' B R2 D R' B' D' B2 D'
536714,21367451311331,11,6,6,171815,28639,143181,R B D R2 B D2 B R' D B2 R2
536796,21367452112112,11,6,6,168746,28128,140623,R B R2 D' R B' R2 B' R2 D' R2
539452,21374653333121,11,5,7,187833,31308,156531,R B2 R D R2 D R' B' R2 D2 B'
539879,21375462312233,11,5,7,184230,30707,153529,R B R D2 R D' B' D R' D2 R'
540183,21375463333211,11,5,7,199760,33295,166471,R B' R D' R2 D' B' R' D B2 R
541648,21376541111123,11,5,7,180238,30043,150201,R B D B' R B2 R' B D' R B2
541662,21376541112311,11,5,7,174030,29007,145029,R B D B' D2 R2 D B' R' B2 R2
541686,21376541122211,11,5,7,236715,39455,197266,R D R D' R B' R B2 R' D2 B'
541703,21376541131133,11,5,7,184300,30720,153586,R B D R' D R B2 R2 D' R' B
550585,21457631321123,11,6,6,245711,40954,204762,R2 B D2 R' D R' D B D2 R D'
556206,21473563331312,11,4,8,219531,36589,182949,R B R2 D2 B D' B D' R D' B'
562421,21536742222131,11,5,7,216318,36055,180269,R B2 R D2 B' D' B R' B R' D
587959,21654372231323,11,5,7,190424,31738,158692,R B2 D R2 D' R D' B D' B' D'
587977,21654372233321,11,5,7,173847,28976,144877,R B2 R2 D2 B' D R B' D B' D2
588286,21654373332122,11,6,6,171066,28515,142556,R B2 D2 R2 B R' B R2 D' R B'
588289,21654373332221,11,5,7,169835,28308,141533,R B2 R' D' R2 B D' B2 D R' B2
595883,21734652123131,11,6,6,166978,27833,139150,R B R D R D2 R D' B R2 D2
615566,23147562123131,11,4,8,241632,40273,201366,R D R D2 R D B2 D' B' D2 R
616021,23147651112323,11,5,7,199417,33238,166185,R B D B2 R2 D B' D' R B2 D2
616426,23147652312323,11,5,7,173736,28959,144783,R B2 R B D2 R2 D' R' B2 R D'
618311,23156471222132,11,5,7,186844,31144,155706,R B2 R' D R2 B' R' D' R2 B R
618428,23156471333132,11,5,7,158280,26384,131902,R B R B2 R B R D' B2 R' B2
618893,23156473323332,11,5,7,175720,29289,146437,R B R' B2 D' R2 D R' D2 B R'
619793,23157461231333,11,5,7,198105,33020,165091,R B R' D2 B' R D R' B2 D2 R2
619948,23157462131123,11,5,7,247164,41196,205974,R D B' R B' D R' B2 R D2 B'
621695,23164573213133,11,5,7,198010,33006,165010,R B R B2 R D' R D' R B R
622140,23164752131312,11,5,7,189133,31524,157615,R B D R2 B2 D B' D B' R D'
622563,23164753333313,11,5,7,184074,30682,153398,R B R D2 R2 B' R B' R2 D2 B'
622566,23165471111111,11,6,6,200127,33358,166774,R B R' D R' B R2 B2 R D' B'
622730,23165471311133,11,6,6,180784,30134,150655,R B2 R B2 R2 D B D R' D2 R'
622739,23165471312132,11,6,6,168161,28030,140136,R B D R' D2 B R D' B R2 B
622810,23165472111122,11,6,6,188718,31455,157268,R B2 R2 B' D2 B D B' R2 D B'
622817,23165472111332,11,6,6,161400,26904,134501,R B R2 B R B2 D B2 D R2 D
622880,23165472132332,11,6,6,185658,30947,154716,R B' R B' R2 B R' D R B2 D'
622971,23165472311111,11,6,6,172834,28808,144031,R B D' R D2 R' D B R2 D2 B2
623209,23165473233221,11,6,6,204547,34094,170458,R D R' D2 R B D' B D' R B2
623311,23165741112323,11,3,9,250787,41799,208996,R B R2 D' B D R2 B2 D R' D'
623436,23165741231312,11,4,8,228022,38005,190024,R B2 D' R2 D B2 R' D R2 D2 R'
623585,23165742123131,11,3,9,226287,37715,188580,R B D B2 D2 B D R D' R2 D'
623599,23165742131321,11,4,8,278776,46464,232319,R D2 B' R2 B D2 R' D R2 D2 R'
623600,23165742131333,11,4,8,326085,54348,271744,R2 B2 D2 B' D B' R2 D' R D' R2
623716,23165742312323,11,5,7,225629,37609,188026,R B' R' B R B2 R2 D2 R B' R
624003,23165743331312,11,4,8,326964,54495,272476,R2 B2 D2 B' R B' R2 D' B D' R2
624913,23167541233322,11,5,7,189725,31622,158109,R B2 D' B2 R D' B' D R' D R'
625054,23167542131222,11,5,7,187697,31285,156418,R B2 D' B2 R D' R' B R' B D'
626501,23174652123131,11,4,8,196444,32743,163708,R B R2 B' R D2 B' R' D2 R B'
627511,23175463211222,11,5,7,204994,34167,170833,R B R' D2 B2 D B' D2 B' R2 B2
628708,23176452132221,11,5,7,188758,31463,157301,R B2 R2 B' R D' R D2 R B D2
629114,23176453332233,11,5,7,200932,33491,167447,R B D' R D' R2 D B R2 D' R
632316,23416752121211,11,4,8,253968,42329,211646,R B' R B' D' B D2 B R D' B2
633403,23417563232123,11,6,6,167853,27978,139880,R B D' B2 D B' R B' D2 R2 B2
636272,23456173212332,11,6,6,146021,24339,121687,R B R' B' D' R B2 D' B D2 B'
636328,23456173233122,11,5,7,186496,31085,155417,R B' D R D2 B2 R B D2 B2 R'
637001,23456713212332,11,6,6,151835,25310,126530,R B R2 B' R2 D B' R2 B R B'
644706,23475162121112,11,4,8,237822,39640,198189,R B R2 B R2 B' D R' B' D2 R2
650573,23517462131333,11,4,8,255977,42664,213320,R B' R B' D' B D2 B R D' B
664522,23576412233321,11,6,6,169562,28263,141304,R B D B' R' B D2 B D2 R' B2
664540,23576412312323,11,6,6,162773,27132,135646,R B R B' R' D B2 D B2 R' B2
676782,23657142121112,11,4,8,257788,42967,214828,R B' R D R2 B2 D R' D2 R D2
678257,23671452122333,11,5,7,354709,59120,295595,R2 B' R' B R' D B2 D R' D B2
680065,23674153232321,11,6,6,153608,25605,128008,R B D R' B2 R' B' R' D R2 B'
691156,23751461132123,11,6,6,146720,24457,122268,R B R' D' R B2 R B2 D' R2 D
691594,23751463112321,11,6,6,148359,24730,123634,R B R' D R D B' R2 D R B'
694619,23756143222331,11,6,6,185147,30859,154293,R B' D B D2 B' R D2 B' D2 B
694860,23756411222312,11,6,6,228732,38126,190611,R B R' B R2 B2 D' R B' D' R
695340,23756413222112,11,6,6,239118,39856,199267,R B D' R B2 R2 D' R D' B' R
695355,23756413223312,11,6,6,229293,38219,191079,R B R' D' R B' R2 D2 R D' R
695427,23756413322312,11,6,6,240111,40021,200095,R B D' B' D B' R2 D2 R B' R
704651,24153672321233,11,4,8,188063,31346,156724,R B R B2 R2 D' B R2 B' D2 B2
707313,24157361313212,11,6,6,171612,28605,143012,R B2 D B R2 B R2 D2 B D' R2
707580,24157362323111,11,6,6,169121,28189,140937,R B2 D B R2 D2 B' R2 B D' B2
712058,24167353132232,11,6,6,248241,41375,206871,R D B' R2 D R' B D B' D2 B'
714146,24173652323231,11,6,6,156612,26105,130512,R B R B' R2 D R' D' R D' B2
717990,24315673311311,11,6,6,296892,49483,247414,R2 B D' B' D' R D2 B' D R2 D'
718108,24315761122322,11,5,7,206384,34399,171991,R B' R2 B' D' B2 D' B R B2 D2
718414,24315762213323,11,5,7,188419,31406,157019,R B R' D R B2 D' R D R2 D'
721803,24351671212211,11,6,6,236453,39410,197048,R D B' R' D' B D2 R' B D2 B'
722198,24351673111133,11,6,6,240655,40110,200550,R D B' D B2 D' B D' B R D2
722364,24351673311311,11,6,6,278583,46433,232155,R2 B D2 B' R2 D R' D2 R B D'
722440,24351761111123,11,5,7,284986,47500,237492,R2 B D2 B2 R2 D' R' B R' B D2
722534,24351761212232,11,5,7,201057,33511,167552,R B D' B' R B' D2 R2 B' D' B2
729936,24367511323112,11,6,6,210401,35069,175337,R D' R2 B D' R D' R' D' B R2
730216,24367513111121,11,6,6,157383,26234,131154,R B R' D2 R B' R B' R2 D2 B2
734464,24376512222122,11,5,7,258095,43018,215083,R B' R D2 R D' R D' R2 D B2
737415,24516732233111,11,5,7,192228,32041,160193,R B D R2 D R' B' D R' B2 R'
739738,24531673123121,11,6,6,214973,35831,179147,R D B R2 B' D R2 B' D2 B D'
742019,24536713231232,11,5,7,191406,31903,159509,R B R D2 B D2 B2 D R' B2 D2
743479,24537613231322,11,5,7,248991,41501,207496,R D2 B R2 B' R B' D R' B' D
743825,24561372111131,11,6,6,187732,31292,156445,R B' D2 B R' B R B2 D' B R
745797,24563711121212,11,4,8,238407,39736,198678,R B R' B2 D' R' B2 D B D2 B2
746042,24563712121232,11,4,8,240297,40051,200253,R B R' D2 B' R' D2 B R D2 R2
746284,24563713121222,11,4,8,308118,51354,256771,R D2 R' B' R D' B D2 B D' R
748308,24571362221213,11,4,8,222197,37036,185168,R B R2 B D R' B2 R' B' R2 D
748713,24571631121212,11,4,8,221592,36935,184664,R B R' B R B2 D2 R' B2 R2 D'
753803,24615371112332,11,5,7,178023,29673,148356,R B D2 B R' B' R B' D2 R D'
754134,24615372213311,11,5,7,337469,56247,281228,R2 D R' B D R2 D B2 R2 D B
754557,24615731122313,11,5,7,234193,39033,195166,R B2 D' B2 D B2 R' B D2 B2 D'
754586,24615731132333,11,5,7,320875,53480,267401,R2 B R2 D2 B2 D' B R' D B2 D'
754765,24615732111323,11,5,7,283192,47199,235999,R D2 B' D2 B D2 R' B D2 B2 D'
754863,24615732213311,11,5,7,193232,32208,161030,R B R2 D' B R D2 B2 R B' R'
754918,24615732233321,11,5,7,229697,38285,191418,R B' R' D B R2 B2 D2 B R' D
755026,24615733113323,11,5,7,330088,55016,275078,R2 B D2 R2 B2 R' D B' D B2 D'
755164,24615733311122,11,5,7,201549,33594,167961,R B R' D2 B2 D R D R' B2 D
756376,24617532233321,11,5,7,256453,42746,213713,R2 B2 R B' R D R2 B' R B D2
760754,24637512311132,11,4,8,240330,40058,200279,R D R B2 R B R2 B' D' B2 R
761827,24651731113223,11,5,7,187553,31260,156299,R B D' B D' B D2 B2 D R D
762047,24651731333333,11,5,7,168891,28150,140747,R B R2 B D' B' D B' R2 D B'
771938,24715363311332,11,5,7,202203,33702,168507,R B R' D' B R' D2 B2 R' B' D2
772011,24715631111111,11,6,6,213652,35610,178047,R B D B2 D2 B R D' B D' B'
772048,24715631122121,11,6,6,212025,35341,176689,R B' D2 B R B2 D2 R2 B R' B'
772049,24715631122133,11,6,6,170763,28464,142304,R B R D2 B2 D' R' B' R B2 R2
772438,24715632313223,11,6,6,154785,25801,128989,R B R D' R B' R' D2 B2 R' B
772506,24715633112111,11,6,6,152302,25387,126920,R B R D' B R' D R2 D2 R B'
772553,24715633131131,11,6,6,206614,34439,172180,R B' D B2 R' B2 R B' D B R
773924,24716532323231,11,5,7,239773,39965,199814,R B' R2 B' D B R2 B R' D2 R'
774198,24731561111111,11,6,6,298494,49751,248748,R2 B R' B R2 D R' D' B' D2 B'
774608,24731562311231,11,6,6,173654,28945,144714,R B2 D R B2 D2 R' D2 R D' B2
778211,24736512222332,11,5,7,249564,41596,207974,R D B' D R' B R' B2 R D2 B'
778928,24751362221231,11,5,7,308811,51471,257346,R2 B R2 D2 B' R' B D' B R2 B
779004,24751362321113,11,5,7,372129,62024,310111,R2 D B2 R2 D' R' D R' B R2 B
783787,24761531221223,11,6,6,241401,40236,201170,R D R' D2 B R' D B R' B2 R'
784404,24763151111111,11,6,6,199386,33234,166157,R B R' B2 R D' R D' B2 D2 R2
787194,24765313222112,11,6,6,203392,33902,169495,R B D' R B' D R2 D R' D R2
787723,25134672233321,11,6,6,168111,28022,140094,R B D' R2 B R D R2 B' D B2
787741,25134672312323,11,6,6,161463,26913,134555,R B R' D2 B R D B2 R' D B2
787746,25134672313211,11,6,6,216521,36089,180437,R B' R B' D' B D2 B D R D'
790236,25137461111111,11,6,6,217662,36280,181387,R B' R B R' D2 R' D' R' B D'
790324,25137461211323,11,6,6,149751,24963,124793,R B R2 B' R D R2 D2 R B R'
796813,25163741112323,11,5,7,198057,33013,165050,R B R2 B2 D2 R' B' D R' B R2
805308,25314673111313,11,4,8,403459,67246,336220,R2 B D' B R' B R B2 D2 R2 B
805310,25314673111331,11,4,8,385381,64232,321156,R2 B R2 D2 B2 R B D' R D' B
805362,25314673131311,11,4,8,398536,66424,332119,R2 B R' D B' R D B2 R2 D2 B
809700,25341673113311,11,6,6,333324,55556,277773,R2 D R' B' D' B R2 D' B R2 B'
810346,25341762313223,11,5,7,281785,46967,234824,R2 B R' D R B2 D2 R' D2 R D
815432,25364172311231,11,6,6,307568,51264,256309,R' B R B' D2 B D' B R B2 D2
815639,25364173223231,11,6,6,145466,24248,121223,R B R D' R' D' R B D' R B2
817291,25367411211122,11,5,7,205791,34302,171495,R B D2 B2 R B' R B' R D R2
822762,25413672323111,11,6,6,309695,51618,258082,R' B R D' B2 D B' D R B2 D2
823558,25413763121222,11,4,8,215132,35858,179281,R B R B' R B R2 D' B D B2
829041,25436711311313,11,7,5,181938,30326,151616,R B2 D2 R2 B' D B' R B2 D' B
829162,25436712123122,11,7,5,169224,28207,141021,R B D2 B R B2 D B2 D B2 D
829169,25436712123332,11,7,5,187470,31249,156225,R B2 R2 B' R2 B D R' B2 D B'
829180,25436712132122,11,7,5,185387,30900,154491,R B' R D2 B' D' B D' R2 D R'
829328,25436712323231,11,7,5,169075,28183,140896,R B R' D R2 D' R B R2 D2 B2
829510,25436713232321,11,7,5,181811,30306,151509,R B' R' B' D R2 B' R2 B D' R
829585,25436713332122,11,7,5,172420,28739,143685,R B2 R' D B' D2 R2 B' D' B2 R'
833831,25463713212332,11,6,6,190833,31808,159030,R B R' B' D2 B' D' B2 R B2 R'
835886,25471362323132,11,6,6,180247,30044,150208,R B' R2 B D' B D B2 R' D R
836337,25471631312213,11,4,8,271165,45196,225976,R B' D R2 D R' D R' B' R2 D2
845002,25631741212121,11,4,8,332340,55392,276955,R2 B R' D B' D' R B2 R B D'
847049,25634713321232,11,4,8,209510,34921,174596,R B2 D R' B' D2 R D2 R B2 R2
848657,25641371213132,11,5,7,202212,33704,168514,R B D2 R2 B2 R' B D' B D2 B'
859781,25714632123131,11,5,7,215864,35980,179890,R D R2 B2 D R' D B' R2 B R'
859868,25714632223331,11,5,7,191473,31914,159565,R B' R2 D R2 D' B R' D2 R' D
859917,25714632313211,11,5,7,535671,89280,446397,B R2 B' D' B D2 R' B' D R' B2
860012,25714633121333,11,5,7,209296,34885,174417,R B' R' B D2 B R' D' B R2 B2
861043,25716431212223,11,5,7,201466,33580,167892,R B D' B D' R2 D R B2 D' R
861564,25716433223213,11,5,7,190078,31683,158401,R B2 R2 B' D B' R B2 R B D2
862797,25731642232211,11,5,7,334499,55753,278752,R2 B R' B D R' B2 R' D2 R D
863487,25734162221111,11,5,7,189819,31640,158185,R B R2 B2 R B2 D R2 D2 B R'
864376,25734613113323,11,5,7,257115,42854,214267,R D2 R B D2 B D' B' D2 R2 B'
864595,25736141111123,11,6,6,228293,38051,190247,R D R' D' B' D2 R2 B' R D' R
864752,25736141233232,11,6,6,216257,36044,180218,R D2 B D2 B' R D' R D' B' R'
865395,25736411133113,11,5,7,206318,34389,171935,R B' D B D2 R' B2 D R B2 R'
865465,25736411231321,11,5,7,186216,31037,155185,R B2 R' D' B R2 D' B' R' D B2
865518,25736411321312,11,5,7,158736,26459,132283,R B R D2 R B2 R D' R' D B2
865539,25736411331113,11,5,7,197102,32853,164255,R B' R B D2 R' D2 B R D2 R'
865854,25736413123112,11,5,7,165432,27574,137864,R B D B2 D R2 D R' B' D B2
866196,25741361232113,11,4,8,228734,38124,190617,R B' R D2 B' R D R' B D2 B2
867148,25741632222323,11,5,7,193106,32186,160926,R B2 D B2 D' R D' R B' R' D'
867202,25741632312323,11,5,7,174177,29031,145152,R B2 R2 D2 B' D B D' R B' D2
868397,25743611233232,11,6,6,180200,30036,150169,R B2 R D2 R2 B D' B' R D' B
872255,25763142223133,11,5,7,219400,36569,182837,R B' D2 B R B2 D' B R2 B' R'
872845,25763411332322,11,5,7,166504,27753,138757,R B D' R D2 R' B D' B D R2
877297,26135742132221,11,5,7,208148,34692,173462,R B' D2 B' D' B2 D' R D B2 R2
877336,26135742213323,11,5,7,191899,31987,159918,R B R' B D R2 B' D R B2 R'
877461,26135742332312,11,5,7,198374,33065,165315,R B' R2 B' R' D2 R' B D B2 R2
883585,26153471122121,11,6,6,195378,32566,162817,R B2 D' R' B2 R D2 B' D R B2
884090,26153473131131,11,6,6,177359,29563,147801,R B D2 B2 R D' B D' R B R
884098,26153473132121,11,6,6,172949,28829,144125,R B2 R' B2 R B2 D2 R' B' R2 B2
885477,26154372332213,11,5,7,384249,64044,320211,R2 B' D2 B R' D R' B2 R' B R'
892028,26175432331133,11,5,7,212043,35343,176706,R B2 R D2 B' D' R B' R B' D
895305,26317451212211,11,5,7,307950,51326,256630,R2 B2 R' D' R' D B2 D B2 D' R2
898983,26345711223113,11,7,5,143550,23929,119625,R B R2 D' R2 D' R D' R2 B2 R
905913,26371453112111,11,6,6,169082,28183,140904,R B2 R' B' D' R D2 B D' R B'
912184,26415731322323,11,5,7,166554,27761,138799,R B R B' D2 R B D2 B' D' B'
912253,26415732121223,11,5,7,165825,27639,138192,R B R2 D' B D2 B' D' R2 B2 D
912382,26415732233321,11,5,7,205586,34267,171325,R D R' B2 R' B' R' D R2 B D'
916714,26435712222122,11,4,8,303775,50631,253151,R2 B R2 D2 B2 D' R D' R B2 R'
916756,26435712233321,11,5,7,224507,37420,187093,R B' R D' B R2 B2 D2 B R D'
916760,26435712311132,11,3,9,214281,35716,178573,R B R B2 R2 B R B D' B2 D'
916801,26435712322322,11,4,8,282703,47118,235592,R D2 B' D2 B R2 D' B R2 B2 R'
917002,26435713311122,11,5,7,211572,35265,176313,R B D' B2 R2 B R B D' B2 R
917075,26435713333133,11,4,8,257291,42884,214414,R D B2 R2 D' B' R B' R B2 R
918096,26437512122312,11,5,7,188918,31488,157436,R B2 D' R2 B D' B' R D' R D'
920324,26453172211133,11,5,7,209008,34837,174177,R B' R2 B D B2 R' D R2 D' R'
920969,26453711333333,11,5,7,188131,31358,156779,R B2 R2 B R' D2 B R2 B D2 B2
927325,26513471122121,11,5,7,199323,33223,166106,R B2 R D' B2 R' B' R' D2 R' B
930930,26517343333313,11,4,8,242636,40442,202201,R B2 R2 B D2 B2 R2 B' R2 B2 D
934575,26534713333313,11,5,7,260555,43429,217132,R D' R B' R B2 D R' B' R' B2
937494,26543171111111,11,6,6,197365,32898,164472,R B R' B2 R D' R D R2 B2 D2
937539,26543171123111,11,6,6,160047,26679,133373,R B R2 B' R D' R2 B R2 B' R2
940228,26547313131323,11,4,8,259938,43324,216621,R B2 D2 B' D R' D R2 D' R2 D
943305,26573413331312,11,4,8,214669,35782,178894,R B R2 B2 R' B D2 R' B2 R B
947063,26714531212133,11,4,8,208008,34670,173345,R B R' D B' R D' R2 D R2 B'
947243,26714532121133,11,4,8,224773,37464,187316,R B2 D R2 D R D2 B' D R' B2
949057,26715433231322,11,6,6,191735,31958,159782,R B D' R B D2 B2 D' B' D2 R
953676,26741351232113,11,6,6,166294,27720,138579,R B R B2 D2 R B D2 R2 B' R'
955994,26743512121232,11,4,8,259680,43281,216406,R B' R2 D' R' D R D' B2 D B
962336,27134561131133,11,5,7,192671,32115,160562,R B R' B' D R D' R D2 R' B
973622,27154632311132,11,6,6,173290,28885,144410,R B R' D R2 D R D B R2 D2
980931,27314652313211,11,6,6,210899,35152,175752,R B' R B D B2 D B' D' R D'
996978,27365412321212,11,4,8,250749,41793,208963,R B' R D2 R D' R D' R2 D B'
999270,27415363131113,11,4,8,242731,40458,202280,R B R' B D' R' B R B D2 B2
999914,27415632323231,11,5,7,207583,34600,172989,R B D2 R' B' R2 B' D' R2 B D
1000141,27415633321322,11,5,7,256133,42691,213448,R D R' D R D' B2 R D' R B'
1001237,27416532133232,11,6,6,172778,28799,143984,R B D2 R' D B' R2 B' R2 D' R2
1001597,27416533321232,11,6,6,209836,34976,174865,R B' D B R' B R' B2 D R D2
1004116,27435612122222,11,5,7,186430,31073,155363,R B R D2 B2 R D' B D' B D'
1007523,27453161123111,11,6,6,153986,25667,128324,R B R2 D B2 D R2 D2 B' D R
1007541,27453161132111,11,6,6,180694,30116,150583,R B2 D' B' D' B2 R D' B2 D' B2
1009489,27456133132223,11,5,7,196154,32694,163466,R B R' B' D B R2 D2 B2 D' B
1017684,27516341111111,11,6,6,189849,31647,158207,R B R B2 R B2 R B R B2 D2
1020600,27534161111111,11,6,6,188851,31479,157377,R B R B2 R D' B' R B' R2 D
1020601,27534161111123,11,6,6,250795,41802,208998,R D' R2 D' R B2 R D2 B D R2
1021005,27534162311111,11,6,6,174768,29130,145643,R B D B' R2 D B' R' B D' B2
1021736,27534612311132,11,4,8,204460,34079,170388,R B D2 B' R B2 D' R' B2 R B'
1023261,27536412332312,11,5,7,188980,31499,157487,R B2 R2 B' D R' D R2 D B D2
1025704,27543611111123,11,6,6,221912,36987,184930,R D2 R' D2 R' D R' D2 B2 D' R
1025705,27543611111132,11,6,6,157649,26279,131375,R B R' B2 D2 B R2 B D2 R B
1027540,27546312231122,11,5,7,332504,55420,277090,R2 B2 R D2 R2 D B2 R' D2 R2 B
1033715,27613543333133,11,4,8,243232,40542,202697,R B' R B R2 D2 B R' B2 R B2
1034378,27614353311332,11,5,7,211151,35194,175963,R B D' B R' B R' B2 D2 R' D'
1036088,27615431312333,11,5,7,230065,38346,191725,R D B D2 R2 B D' B R' D R'
1036177,27615432113321,11,5,7,243416,40573,202849,R D R2 B2 D R2 D R B' R B2
1036578,27615433313213,11,5,7,169214,28207,141013,R B R B2 R2 B D' R B' R B
1038881,27634511131133,11,6,6,189905,31654,158256,R B2 R' D' B' R D2 R B2 R' B2
1039228,27634512233321,11,6,6,177768,29631,148142,R B2 R B R2 D2 R' B' D2 B D'
1043852,27643513311233,11,5,7,275381,45898,229489,R D2 R2 D R2 D2 B2 D B2 D2 R'
1052607,31246753312211,11,5,7,234804,39136,195674,R D2 R D R2 D' B' R2 D B R
1053428,31247651113232,11,5,7,169038,28174,140870,R B R2 D2 B D2 B R' D' B2 D'
1053617,31247651323232,11,5,7,199548,33260,166294,R B' D2 B D' B D2 R' B2 R B2
1055731,31256471231222,11,5,7,189045,31510,157541,R B R B2 D B2 D2 B R' B2 D2
1057414,31257462222221,11,5,7,225362,37562,187806,R D2 R2 B2 D' R' B D' R2 D B'
1057470,31257462312311,11,5,7,186545,31092,155459,R B2 R2 D2 B' D' R D' R2 D B'
1058428,31257643311122,11,5,7,196067,32680,163393,R B D2 B' D B' R B2 R' D2 R
1058790,31264572122213,11,5,7,193131,32191,160946,R B D' R2 D' B D B R2 B2 R
1059063,31264573132313,11,5,7,185839,30975,154870,R B R B' D2 B R' D' B2 D2 R'
1059115,31264573222223,11,5,7,190811,31804,159013,R B2 R D' B2 R B R2 D' B' D
1059544,31264752132122,11,5,7,191945,31994,159957,R B2 R D' R B' R' B2 R' B2 D2
1059661,31264752313121,11,5,7,204392,34067,170331,R B2 R B' D B' D' R2 D' B2 R2
1059966,31265471111111,11,6,6,243126,40523,202608,R B' D B2 D' B R' D R2 B2 D2
1060002,31265471122112,11,6,6,170713,28455,142263,R B D2 R D' B R2 B2 D' R D2
1060004,31265471122133,11,6,6,195399,32570,162834,R B2 D R' B D R2 B' R D' R'
1060140,31265471312213,11,6,6,173620,28939,144686,R B R2 D' B2 D B D2 B' R2 B
1060146,31265471313113,11,6,6,161197,26869,134333,R B R B' D2 B D' B2 R D' R
1060155,31265471321111,11,6,6,151909,25321,126593,R B R2 B D' B D B2 R' D R'
1060369,31265472233321,11,6,6,243612,40604,203013,R2 B R' D2 B' D R D' R D2 B2
1060385,31265472312233,11,6,6,173617,28939,144683,R B R2 D' B2 D R D2 R' D2 R
1060856,31265741233331,11,5,7,239902,39987,199921,R D R D' B D' R B2 R B R
1062518,31267542222233,11,4,8,224470,37414,187063,R B2 R D R' B R2 D' R D B'
1062578,31267542313133,11,4,8,243444,40577,202874,R B' R D2 R' B D2 R' B2 R B2
1064354,31275461112233,11,5,7,247289,41218,206077,R B' D R2 B2 D2 R B' D R' B
1064543,31275461322233,11,5,7,249683,41615,208074,R B' D B2 R2 D2 B D' B D' R
1064658,31275462133211,11,5,7,208457,34746,173717,R B R2 B R' D2 R D2 R' B D'
1064712,31275462223211,11,5,7,209399,34902,174503,R B R2 B D' R2 D R2 D' B D'
1064748,31275462311213,11,5,7,219659,36610,183055,R B D2 B D' B2 D B2 D' B D'
1064757,31275462312212,11,5,7,221822,36973,184855,R B D2 B R' D2 R B2 R' B D'
1064989,31275463311122,11,5,7,238566,39764,198808,R B2 D' B D R D2 R2 B' R B
1066120,31276452133322,11,5,7,171958,28662,143302,R B R2 B' R D2 B2 R D' B D2
1066227,31276452313313,11,5,7,202235,33708,168533,R B' D R' B R2 D R' B' D' B2
1071840,31452671323211,11,6,6,143043,23843,119205,R B R D' B2 D B' D R B2 D2
1071860,31452671332232,11,6,6,151668,25281,126392,R B D' B D R D' R2 B R D'
1072079,31452672322331,11,6,6,152387,25400,126992,R B D' B' D B2 D B2 R' B2 R
1074064,31456722111221,11,5,7,191462,31913,159555,R B D R B' D2 R2 D' B2 R' B
1076733,31462751111111,11,6,6,205181,34199,170987,R B D' R2 D B' R D B2 R2 D'
1076758,31462751113322,11,6,6,176249,29377,146877,R B D' B' D R2 D B R2 B2 D'
1082039,31475261322233,11,5,7,184167,30696,153477,R B2 R' D2 B2 R' B D B' D2 B
1082301,31475262331313,11,5,7,220472,36747,183731,R D2 R2 B2 D' B' R D' R2 D R'
1082317,31475262333221,11,5,7,183287,30549,152744,R B2 R2 D2 B' D' B D' R2 D R'
1085464,31524673332122,11,6,6,259778,43298,216485,R D' R' D' R B' D' B2 D' R' B
1089109,31527643332122,11,6,6,153433,25576,127862,R B R' B R B' R D' B2 D2 R
1095291,31564272212111,11,6,6,293812,48971,244846,R2 B D2 B2 R D' B' D B2 R B
1095306,31564272213311,11,6,6,170401,28403,142003,R B D R' D R2 D' B R' D R2
1095468,31564273113311,11,6,6,186148,31028,155125,R B D B' R B R2 B2 D' B' R
1097912,31572461122133,11,5,7,189815,31639,158182,R B R2 D2 B R2 B R D' B R2
1102991,31624751112233,11,6,6,161524,26923,134606,R B R2 D' R2 B D' B' D B' R2
1103637,31624753312211,11,6,6,158395,26403,131997,R B R D R D2 B R' B D2 R2
1105523,31627452221333,11,5,7,244134,40691,203449,R B' R' B R' D B2 D R' D B2
1112884,31654272313322,11,5,7,267791,44635,223162,R B' R B2 R D' R B' D2 B R2
1130896,31754621331122,11,6,6,235610,39271,196344,R2 B R2 B D2 R B D' B D' B'
1136224,31765242322121,11,6,6,229951,38328,191628,R B' D B' D2 R B' R D R2 D
1137240,32145671111111,11,6,6,323022,53839,269188,R2 B' R B' D' B D2 B D R D'
1137293,32145671123333,11,6,6,186133,31025,155113,R B2 R' B R2 D' R' D' B R' B'
1137307,32145671132222,11,6,6,174505,29086,145424,R B2 R' D B' R2 D2 R' B' D2 B'
1137348,32145671221112,11,6,6,187134,31192,155947,R B' R D2 B R2 B' R B' D2 B2
1137482,32145671333333,11,6,6,185715,30955,154765,R B2 D' B D R' B R' D2 R' D
1137509,32145672113333,11,6,6,175005,29170,145840,R B D2 B' D R2 B' D' B R2 B2
1137577,32145672212222,11,6,6,177355,29562,147798,R B D' R2 B2 D' R D B R2 D2
1137739,32145673112222,11,6,6,158244,26377,131872,R B R' B2 D2 R D' R' D B' R
1137888,32145673311113,11,6,6,180790,30135,150660,R B2 R D B' R D2 R' B2 D R2
1139578,32146751232323,11,5,7,179682,29949,149739,R B2 R D B2 D2 B' D R2 B' R'
1139818,32146752232223,11,5,7,220949,36828,184127,R D R2 B' R B2 R' B D' R' B'
1140583,32147562313223,11,5,7,158407,26404,132009,R B R D' R D2 R' B R' D B2
1140638,32147562333233,11,5,7,283824,47307,236523,R2 B R' B' D R D' R D2 R' B
1140938,32147651123333,11,5,7,276603,46103,230506,R B2 R D R D2 B D' R2 D' R
1140952,32147651132222,11,5,7,252126,42024,210108,R B R' B D' B2 R2 B R D B2
1140992,32147651213333,11,5,7,285017,47506,237517,R B' R D R' B D2 R2 B' R D2
1141060,32147651312222,11,5,7,262549,43760,218795,R B D R' D2 B2 D' R' B R2 D'
1141154,32147652113333,11,5,7,255564,42596,212974,R B R B' D2 R2 D B D B' D2
1141271,32147652231332,11,5,7,247641,41276,206371,R B R D' B2 R2 B R D B' D2
1141284,32147652233213,11,5,7,326606,54436,272176,R D B2 R2 D2 B R B' D R' D'
1141351,32147652331322,11,5,7,268654,44779,223881,R B2 R2 B' R' B R' D B' R B2
1141356,32147652332213,11,5,7,316013,52670,263349,R D R2 B2 D2 R D B' D B' D'
1141384,32147653112222,11,5,7,257286,42883,214409,R B D B2 D2 R' B D' R D B2
1143072,32156471111111,11,6,6,206751,34460,172296,R B D' B D' B D2 B2 D R' B'
1143093,32156471113211,11,6,6,164320,27390,136935,R B R' B D2 B' R B R2 D2 B2
1143224,32156471232332,11,6,6,151311,25222,126094,R B R' D' R D2 R B' R D2 R'
1143494,32156472312332,11,6,6,159749,26628,133126,R B D' R B' D' R2 B2 D' R B'
1143542,32156472332132,11,6,6,157315,26222,131098,R B D B' R B' R D2 R' D2 B
1143547,32156472332321,11,6,6,172946,28826,144125,R B2 R' D B2 D' R D2 B' D' R2
1143557,32156472333332,11,6,6,178935,29825,149115,R B2 R2 D2 R' D B D2 B2 R2 B'
1143685,32156473223123,11,6,6,146773,24466,122312,R B R B' R B2 R' D2 B R' D
1143817,32156741112323,11,5,7,300152,50029,250129,R2 B R' B D R2 B' D R B2 R'
1144207,32156742311123,11,5,7,161657,26945,134718,R B R D B2 R' B R' D' B2 D2
1144228,32156742313223,11,5,7,191606,31936,159676,R B2 D' B D' R D2 R D R' D2
1144280,32156742333131,11,5,7,162247,27045,135208,R B R B2 R B R' D B2 R D2
1145410,32157641232323,11,5,7,180676,30115,150567,R B2 R B' D2 R D B D2 R' D2
1145644,32157642231323,11,5,7,182090,30351,151745,R B D2 B R B' D2 R B D B'
1145988,32164571111111,11,6,6,225101,37519,187587,R B' R D2 R' D2 B D' B' R' B
1145993,32164571111231,11,6,6,156592,26102,130495,R B D B' D2 R D2 R' B R' B
1146139,32164571232323,11,6,6,161161,26864,134302,R B R2 D' B R' B R B D' R2
1146379,32164572232223,11,6,6,192000,32002,160003,R B' R B' D R D' B D B' D'
1146381,32164572232313,11,6,6,191624,31940,159689,R B' R D' R B2 D' R' B D2 B'
1146391,32164572233321,11,6,6,186991,31168,155828,R B' D2 R B D2 B R2 B D' B2
1146409,32164572312323,11,6,6,180433,30076,150362,R B' R2 D B R2 B R2 B D' R2
1146684,32164573323212,11,6,6,170689,28452,142242,R B2 R B' D B2 D2 R B R2 B'
1148175,32165741111111,11,6,6,270264,45045,225224,R D B' D B' D B2 D2 B R' B'
1148177,32165741111132,11,6,6,174039,29008,145036,R B D2 B D' B' D R' D' R2 D
1148332,32165741233223,11,6,6,167220,27873,139352,R B2 R B2 D2 R' B D' B2 R2 D2
1148499,32165742211112,11,6,6,219204,36536,182673,R B' D2 R D' B' R D B' R D2
1148634,32165742331112,11,6,6,161151,26863,134293,R B R2 B R' D R' B' R' B R2
1148825,32165743311131,11,6,6,170713,28457,142261,R B R B2 D2 R2 B R' B2 R B'
1148904,32167451111111,11,6,6,226217,37706,188516,R B' R B R' D2 R' D' R' B D2
1149011,32167451213333,11,6,6,180053,30011,150047,R B2 D' R' B D' R B2 D' B D'
1149025,32167451222222,11,6,6,172997,28835,144167,R B D' B2 R D B2 D B2 D2 R
1149079,32167451312222,11,6,6,171868,28648,143225,R B R' D2 R' B2 R D2 R D B2
1149138,32167451333111,11,6,6,166174,27699,138480,R B D B2 R' B2 R B2 R2 D' B
1149229,32167452211121,11,6,6,177787,29634,148158,R B D2 R2 D R2 D' B D R2 B'
1149513,32167453222313,11,6,6,153329,25559,127775,R B R D B2 R B2 R B' R2 D2
1149578,32167453313333,11,6,6,177443,29576,147872,R B D2 B' D' B2 R B' R' B2 D2
1149584,32167453321232,11,6,6,174889,29152,145742,R B D2 B R' B D2 R' B R B'
1150378,32174561112323,11,5,7,219288,36550,182744,R B2 R' D' B R2 D' B' R B' R2
1150506,32174561232113,11,5,7,228586,38100,190492,R D R' D2 B R' B' R' D2 R2 B
1150511,32174561232233,11,5,7,201993,33667,168332,R B' R' D2 R' D' R2 D B D2 R'
1150743,32174562231212,11,5,7,183156,30530,152632,R B R' D2 R' B D R B2 R2 B
1151513,32174652312332,11,5,7,156926,26156,130776,R B R2 B2 D' R D' R2 D' B2 D'
1151561,32174652332132,11,6,6,160095,26685,133415,R B D B' R B' R D2 R' D2 B'
1151820,32175461111111,11,6,6,232002,38670,193337,R B' R B2 R' D B' D R2 B2 D2
1151838,32175461113112,11,6,6,160486,26751,133740,R B D2 B R' B R B2 D' B R'
1151928,32175461221112,11,6,6,165967,27664,138308,R B R2 D R' D R2 D2 B' R D2
1152054,32175461333111,11,6,6,171301,28554,142752,R B D R' B2 R D' B2 R B' R
1152216,32175462233111,11,6,6,180847,30145,150707,R B D2 R' B2 R B R2 B' D2 B
1152241,32175462312323,11,6,6,240406,40072,200339,R2 B R2 B' R D R2 D2 R B R'
1157440,32416753121222,11,4,8,283424,47238,236193,R D R2 B' D' B2 D' B D R2 D
1157920,32417562113321,11,4,8,271202,45201,226008,R B' R D' B' D B2 D R D' B
1158689,32417652132131,11,6,6,167391,27900,139496,R B2 R' D B2 D B2 D2 R' D B'
1158931,32417653132121,11,6,6,145386,24235,121156,R B R B2 D2 B' R' B2 R' B2 R
1160299,32451762331121,11,6,6,148268,24715,123558,R B R' B' D B2 D R2 B' R2 B
1161152,32456173212332,11,6,6,190068,31681,158392,R B D B D2 R B' D2 R2 B' D
1161452,32456711233133,11,5,7,359643,59943,299706,R2 D B2 R2 D' B' R B' R B2 R
1165195,32465172112121,11,6,6,183834,30643,153196,R B2 R2 D2 R' B R D2 R2 B2 R'
1165250,32465172132131,11,6,6,150565,25098,125472,R B R B' R D' B R2 B' D2 R
1165258,32465172133121,11,6,6,157661,26279,131387,R B R' D B' D' R2 B2 D' B R'
1165417,32465172332321,11,6,6,176414,29404,147015,R B2 R' D R2 D' R D2 B' D' B2
1165474,32465173123121,11,6,6,165342,27560,137787,R B2 R D' R2 D' B2 R B2 R' D
1165492,32465173132121,11,6,6,170157,28363,141799,R B2 R2 D2 B R' B' D R' B R2
1165500,32465173133111,11,6,6,184143,30694,153454,R B2 D2 R2 B' D R' D R2 B' R
1165585,32465173233221,11,6,6,197010,32837,164178,R D R D' R D' B' R2 D2 B' R
1169467,32475161232323,11,5,7,200926,33491,167441,R B R2 D2 B R2 B R D' B R
1170022,32475163331222,11,5,7,206398,34403,172001,R B R' B2 D2 B R' B2 R' B2 R2
1172138,32476513232231,11,6,6,174848,29144,145709,R B' R D' B R2 B2 D2 B' R D
1175694,32517463131311,11,4,8,283563,47261,236309,R D2 R D R' D B' D2 B' D R'
1179489,32546713323212,11,5,7,191195,31868,159333,R B D B D' R2 B2 R' B2 D' B
1180278,32547611121113,11,5,7,177649,29609,148046,R B D2 B2 D B' D B2 D2 B R'
1180305,32547611131112,11,5,7,164920,27491,137435,R B R2 B2 R D' R B2 R2 B R'
1180350,32547611213111,11,5,7,168644,28110,140540,R B R' B' D2 B' R2 B R' D' R
1180422,32547611312111,11,5,7,176600,29436,147170,R B D' R' D2 R' B2 R B' D' R
1180500,32547612111311,11,5,7,171691,28618,143079,R B R' D' B R2 B' R B D B2
1180740,32547613111211,11,5,7,168589,28101,140494,R B R D' B2 D R2 D R B' R'
1181000,32561471113133,11,6,6,193884,32318,161571,R B' R B' D2 R D R2 B' R B'
1181013,32561471121311,11,6,6,173887,28984,144908,R B D2 B' R B R D' B R' D2
1181019,32561471122211,11,6,6,188007,31338,156674,R B2 R' B2 R D' R' B D2 R D2
1181037,32561471131211,11,6,6,175497,29252,146250,R B2 R2 B R D' B' D B' D' R
1181063,32561471211131,11,6,6,222419,37073,185351,R D2 R2 B' R' B R' D2 R B' D2
1181143,32561471311121,11,6,6,177932,29660,148277,R B2 R2 B R' B D R' B D R
1181301,32561472133313,11,6,6,168742,28127,140620,R B R' D2 B2 R' B D R B2 D2
1181323,32561472213122,11,6,6,168090,28019,140076,R B R2 B' D R2 B' D' R B2 R2
1181587,32561473222223,11,6,6,159159,26529,132635,R B R B' D2 B R' D' B2 D2 R2
1181676,32561473323212,11,6,6,161345,26894,134456,R B R2 B' D B' D2 R2 B' R' B2
1184908,32567412122222,11,5,7,185166,30865,154307,R B R2 D' R B R B2 R2 D' R
1184928,32567412131312,11,5,7,229241,38209,191038,R B' D R' B2 D2 R D R' D B2
1184988,32567412222212,11,5,7,281724,46958,234772,R D' R2 D' R B R B2 R2 B R
1185168,32567413131212,11,5,7,181900,30319,151587,R B R2 B2 R' D' B2 R D2 R' D2
1185191,32567413133333,11,5,7,222857,37145,185718,R B' D B' D2 R2 B D B' R B2
1188697,32576142313223,11,6,6,181807,30303,151509,R B2 R' D R2 D' R D2 B' D' B
1191898,32615473332122,11,7,5,187347,31227,156124,R D R2 B' D2 B' D R' B2 D2 B
1197334,32647152133121,11,6,6,213470,35581,177894,R D2 R' D2 R' B D' B2 R2 B' R
1197568,32647153132121,11,6,6,146465,24413,122057,R B R' D2 B2 D B2 D B2 R D
1198229,32647512333233,11,5,7,297033,49508,247531,R2 B2 R' D' B' R D2 R B2 R' B2
1201908,32657143121213,11,3,9,223551,37260,186299,R B R B' D B' D R' D B2 R
1202367,32657412111212,11,4,8,219735,36626,183116,R B R D2 R B D B2 R' B R
1203387,32671453123313,11,4,8,230026,38338,191695,R B2 R2 D2 B' R2 B' D' B D' B'
1204577,32674152113333,11,5,7,265739,44291,221454,R D2 R2 D B2 D2 R2 D' B2 D2 R
1208423,32714652332132,11,6,6,169394,28236,141163,R B R D2 R' D R2 B' R2 B D'
1210431,32716452123212,11,4,8,253515,42253,211269,R B' R D' B' D B2 D R D' B2
1212360,32741651121311,11,5,7,232441,38743,193704,R D2 R' B R D B' R D' R2 B
1212384,32741651131211,11,5,7,183745,30627,153124,R B2 R' D R B R' D R' D2 B
1212410,32741651211131,11,5,7,171053,28511,142548,R B R' D' B D2 R' D2 R' B R'
1212490,32741651311121,11,5,7,177836,29641,148201,R B D' R2 D' B2 R B' D' B R'
1212570,32741652111113,11,5,7,187431,31241,156196,R B2 D B' R D' R2 D R' B' R
1212813,32741653111112,11,5,7,187239,31208,156037,R B2 R2 D2 B D' B R' D2 R D'
1213919,32745611223332,11,5,7,163374,27231,136149,R B R2 D B2 R' D' R' B2 R' D'
1214215,32745612313322,11,5,7,190350,31726,158630,R B R2 D B2 R' D' B' D2 B' R'
1214234,32745612322331,11,5,7,159269,26547,132728,R B R B2 R D B' D2 B' R' D2
1217381,32751643321232,11,5,7,196850,32810,164046,R B D B' R2 D2 B R' D' R D2
1217998,32754163211123,11,6,6,169486,28251,141240,R B R2 D B' R2 B' R' B R2 D'
1219042,32756141233121,11,4,8,201274,33547,167734,R B2 R2 B D2 B R2 D' B D2 B2
1220622,32761452121313,11,5,7,187027,31173,155860,R B R' B2 D R2 D' B D' R2 D'
1220629,32761452122222,11,5,7,198751,33128,165629,R B2 R' B2 D B R2 B2 R' B' D2
1220709,32761452222212,11,5,7,186281,31048,155239,R B D2 R' D' R2 D B D2 B D'
1220865,32761453121312,11,5,7,260730,43457,217279,R D' B2 R B D2 B' R' B2 R' B'
1220912,32761453133333,11,5,7,190452,31745,158713,R B D2 B2 D R D R' B2 R' B
1224004,32765411112221,11,6,6,184878,30816,154067,R B2 R' B R' B2 D2 B D' B R2
1224018,32765411121113,11,6,6,167704,27954,139755,R B R2 B' R D R2 D2 B D' R2
1224045,32765411131112,11,6,6,159967,26663,133309,R B R D2 B2 D B D' B2 D' R2
1224063,32765411133113,11,6,6,174901,29155,145751,R B2 R' B R D' R2 B2 R B2 R
1224207,32765411331113,11,6,6,174727,29125,145607,R B2 R' D R D' R2 B2 R D2 R
1224348,32765412221312,11,6,6,166211,27704,138512,R B D' B' R B' D' B R2 D' R2
1224445,32765412323222,11,6,6,172809,28803,144011,R B D2 B2 D' B' R2 D R D2 B'
1224516,32765413122212,11,6,6,158696,26452,132249,R B R' D' B R' D' R B2 D' R2
1224609,32765413223312,11,6,6,157549,26261,131293,R B2 R D R2 D2 B D' R D2 R'
1224616,32765413231223,11,6,6,187357,31229,156133,R B2 D' R' B D2 B D B2 R2 B
1224681,32765413322312,11,6,6,155686,25952,129739,R B2 R B D2 B2 R B' R B2 R'
1225020,34125672131213,11,5,7,178943,29826,149123,R B R2 B D R2 D' R' D2 B D'
1225023,34125672131312,11,5,7,199024,33172,165858,R B2 R' B2 D B D2 B2 D' R' D2
1225075,34125672221222,11,5,7,186568,31096,155478,R B R2 D2 R' D' B' D B2 R' D
1225286,34125673133333,11,5,7,204535,34091,170450,R B2 R' D2 B D R2 D2 R' D' R2
1228392,34127651121113,11,5,7,167080,27849,139237,R B R2 B' R D' B R2 D2 B2 D
1228419,34127651131112,11,5,7,165067,27515,137558,R B R B' R D' R2 B2 D R' B
1228464,34127651213111,11,5,7,169636,28275,141367,R B R' B' D2 B' R2 B R' D' R'
1228536,34127651312111,11,5,7,177184,29533,147657,R B D' R' D2 R' B2 R B' D' R'
1228614,34127652111311,11,5,7,166490,27750,138746,R B R2 D2 R' D2 R' B D2 B' D'
1228854,34127653111211,11,5,7,167831,27975,139862,R B R D' B2 D R2 D R B' R
1234506,34162752132212,11,5,7,340918,56822,284102,R2 B D R' B D' R D' R D2 B
1234938,34165271112212,11,6,6,204087,34017,170075,R B' D2 B' R B2 D2 R D' B2 R
1234959,34165271121311,11,6,6,188765,31462,157308,R B2 D' R' D2 B D B2 D2 B' R'
1234983,34165271131211,11,6,6,176810,29471,147344,R B2 R B' D R D2 B2 D B D2
1235009,34165271211131,11,6,6,217189,36200,180994,R D B' D B R D' R2 D R' D2
1235089,34165271311121,11,6,6,165904,27654,138255,R B R' D R D B' R2 B R' D2
1235090,34165271311133,11,6,6,182590,30435,152160,R B2 R B2 R2 D' B D R' D2 R
1235384,34165272323333,11,6,6,170230,28375,141860,R B R2 D2 R D2 R' B D B2 R'
1235490,34165273133312,11,6,6,213386,35567,177824,R D B' R2 B' R' B2 R D' R2 D2
1235536,34165273222322,11,6,6,152728,25458,127275,R B R2 B R2 D2 B R' B' D B2
1235576,34165273311131,11,6,6,167740,27960,139785,R B R D2 B' D' R B' D R2 B
1236733,34167252213323,11,5,7,194709,32455,162260,R B R' D' R B D2 R2 B2 D R
1238156,34172562132332,11,5,7,192464,32079,160391,R B2 R D' B D' B' R2 B' R2 D2
1238273,34172562313331,11,5,7,206045,34344,171707,R B2 R B' R B' D' R2 D' R2 B2
1239980,34175263321232,11,6,6,197849,32978,164876,R B2 R' B D2 R' B D B D' R2
1244017,34216572213122,11,5,7,266057,44344,221719,R D2 R2 D R2 D2 B2 D' R2 D2 B
1251272,34261572132131,11,6,6,149505,24921,124589,R B R B' R D' B R2 B' D2 R'
1251280,34261572133121,11,6,6,156963,26163,130805,R B R' B' R2 D2 B' D B R' D
1251496,34261573123121,11,6,6,160385,26734,133656,R B D' R' B D' R B2 D' R' B2
1253486,34265712212132,11,5,7,249490,41585,207911,R D R2 D2 R' D R2 B' R2 B R
1256970,34275161312213,11,5,7,187011,31172,155845,R B R B2 R D' B' R B' R2 B'
1257055,34275162112322,11,5,7,179959,29996,149969,R B D2 B' R B2 D2 R B' R D2
1257142,34275162213221,11,5,7,197816,32972,164850,R B' R B' R2 B' R' D' R D2 B
1261170,34516271111111,11,6,6,193694,32284,161415,R B D B' D2 B' D' R' B R2 D'
1261592,34516272312332,11,6,6,211586,35268,176323,R D2 R' B2 R' B D' R2 B2 R' B
1262326,34516722313223,11,5,7,237318,39555,197769,R D2 R D B2 D' B' D2 R B R
1263742,34517622231323,11,5,7,198419,33072,165353,R B2 D2 R D2 R B' R' B' D2 B'
1264460,34521672223232,11,5,7,183693,30618,153081,R B2 D R' B D' R2 D B' R' B
1266909,34526713232312,11,5,7,169327,28225,141108,R B R2 D' R' B' R B2 R B D
1268062,34527612211322,11,5,7,278771,46465,232312,R B2 R2 B' D R' B R' D B R2
1268110,34527612231122,11,5,7,271379,45232,226153,R B D2 B2 D' R B2 D R2 D2 R'
1268117,34527612231332,11,5,7,297559,49594,247971,R B' D R2 D2 B' D B' R' D B2
1268197,34527612331322,11,5,7,271190,45201,225995,R B2 R2 B D R' D R' D R' D2
1268390,34527613312133,11,5,7,276213,46037,230182,R B2 R2 B' D2 R' D B2 D2 B' R'
1268740,34561272122123,11,5,7,258156,43028,215134,R B D R' B2 D2 B D B R' D2
1268746,34561272122321,11,5,7,269473,44915,224564,R B2 R2 B' D' B R' D R' B R2
1268796,34561272212213,11,5,7,327539,54591,272954,R D B2 R2 D2 B R D' B R' D'
1268803,34561272213122,11,5,7,267921,44656,223271,R B D B' D2 R2 D R B R' D2
1268850,34561272232211,11,5,7,316544,52759,263791,R D R2 B2 D2 R D R' D B' D'
1269059,34561273221233,11,5,7,255861,42646,213221,R B R' D R' D2 B2 D R D R2
1269101,34561273233131,11,5,7,253412,42238,211180,R B R' B' D B R2 B2 D2 B R'
1269113,34561273311233,11,5,7,265609,44270,221345,R B D B' R2 D2 R' D' R B2 D'
1269133,34561273313321,11,5,7,302886,50483,252409,R B' R' D2 B' R D' B2 R2 B' R
1269137,34561273321133,11,5,7,276199,46037,230168,R B2 R2 B D2 R' B R2 B2 R' B'
1269139,34561273321223,11,5,7,259608,43271,216343,R B D R2 D2 B' R B' R D R2
1269189,34561721111111,11,6,6,209843,34976,174872,R B2 R' D' R' D B2 R D' R D'
1270107,34562171321111,11,5,7,169056,28179,140883,R B2 R B R' B2 D2 R D2 R' D'
1270112,34562171321231,11,5,7,165093,27519,137580,R B R B' D2 R D2 R' B R' B'
1270311,34562172232313,11,5,7,218213,36371,181848,R D R2 B' R D2 R' B D' B' R'
1272479,34567212223232,11,5,7,214045,35676,178375,R D R2 D' B R B2 D' R' D B
1280370,34617252111212,11,4,8,234545,39094,195458,R B R D2 R B D B2 R' B R'
1280415,34617252123212,11,4,8,232341,38726,193622,R B R B R2 D2 R' D' R2 B' D2
1280433,34617252132212,11,4,8,248154,41361,206800,R B2 R' B' R B' D B2 D B' R
1281212,34617522221333,11,5,7,221002,36837,184171,R B2 R' D B' R' B R' B2 R B2
1281890,34621572132131,11,6,6,174896,29152,145749,R B D R2 D' R D2 B' R2 B D'
1283286,34625172111212,11,4,8,251163,41863,209307,R B' R B2 R D' R B' D2 B R'
1285620,34627512232313,11,5,7,176861,29480,147387,R B D B2 R D2 R B' R B2 D2
1286001,34651271123111,11,6,6,172704,28787,143922,R B2 D' R B D R2 D R' B' D'
1286426,34651272332132,11,6,6,164817,27472,137350,R B2 R' D R2 D B2 D2 R' D R'
1294336,34675212222122,11,4,8,256609,42769,213847,R B' D R' B2 D B' D B D2 B
1296514,34715262221123,11,5,7,252003,42003,210006,R B' D' R B' D R2 D R' D R2
1298721,34716522223211,11,5,7,224313,37387,186932,R B2 D' R2 B D' B R' D B' D
1300083,34721652121313,11,5,7,240586,40099,200493,R D B2 D2 B' D' B2 R B2 R' B2
1300107,34721652131213,11,5,7,218009,36337,181678,R B' R B R' D' B D B' D R2
1300162,34721652221222,11,5,7,243655,40611,203050,R D B2 D2 B' D' R2 B R2 B' R2
1300170,34721652222212,11,5,7,229031,38174,190863,R B' D R D' R' D R B' D B2
1300533,34721653333313,11,5,7,215148,35861,179293,R B' R2 B' D B D R2 D2 R B
1301358,34725611212211,11,6,6,190954,31828,159131,R B2 D2 B D2 B R' D R2 D' R
1301508,34725612111113,11,6,6,164452,27411,137046,R B R2 D' R' D R' D2 B D B
1301542,34725612121322,11,6,6,190188,31700,158493,R B2 D' R D R' D B' D2 B' R
1301646,34725612231212,11,6,6,190646,31777,158874,R B2 D2 B R D2 R D R2 D' B
1301651,34725612231332,11,6,6,167106,27852,139259,R B D2 B' R D2 B' D' B D2 B2
1301711,34725612322232,11,6,6,178565,29765,148805,R B2 R2 B R' D R B' R D B
1301731,34725612331322,11,6,6,176344,29393,146956,R B2 R' D B2 R' D' R' D R' B'
1301751,34725613111112,11,6,6,180738,30125,150618,R B2 R2 D2 B' D R' D R2 D' B
1301753,34725613111133,11,6,6,175456,29245,146216,R B R2 B' D B2 D' B R D2 B2
1301818,34725613132223,11,6,6,176419,29407,147017,R B2 R2 D R D2 R B' D' R2 B
1301913,34725613311113,11,6,6,175940,29326,146619,R B D R B2 D2 R2 D B2 D' B
1308280,34761252323222,11,5,7,166472,27749,138729,R B R B' D2 B R2 B D R' B
1314534,35126741232212,11,5,7,210830,35140,175696,R B2 D2 B' R B' R2 D' B D' R2
1314770,35126742231233,11,5,7,210113,35020,175099,R B2 D2 B' D B' R2 D' R D' R2
1315583,35127462331331,11,6,6,221236,36875,184366,R B' R D' B2 R D' B D R2 D
1321232,35162472122231,11,6,6,167853,27978,139880,R B R' D2 R' B D2 B2 D' B2 R
1321241,35162472123233,11,6,6,214683,35783,178905,R B' R2 D R' D' R B D' B D2
1321474,35162473122221,11,6,6,165084,27516,137573,R B D B2 R2 B' D' B' D R2 D2
1321643,35162473323131,11,6,6,168029,28008,140026,R B R' D B2 R' B' R D' R2 B'
1321660,35162473332122,11,6,6,186631,31109,155527,R B' R B2 R D R D' R D2 R'
1321661,35162473332131,11,6,6,166404,27737,138672,R B D2 R' D' R D R2 B2 D2 R'
1322026,35162742213323,11,5,7,216396,36069,180333,R B R' B D R2 B2 D' R2 D B
1324173,35167242132212,11,5,7,211443,35243,176206,R B R2 B R D' B2 D' R' B2 D2
1325473,35172461232323,11,5,7,200740,33458,167288,R B R2 D' B' D2 B' R' B2 D B
1327124,35174262213131,11,4,8,251877,41981,209903,R B' D B2 D' R D2 B' R2 B R2
1327158,35174262231113,11,4,8,221728,36957,184778,R B2 R D B' R B2 D' R D R'
1335528,35246171111111,11,6,6,187553,31263,156295,R B R B2 R D' B' R B' R2 B2
1335553,35246171113322,11,6,6,162876,27149,135732,R B R' B D2 B2 D B R2 B D'
1335876,35246172213311,11,6,6,181471,30247,151229,R B2 R' D B2 D' R D2 B' D' R
1341491,35267141223233,11,6,6,153578,25599,127984,R B D B' R' B' D R D' R D2
1341551,35267141321132,11,6,6,320840,53476,267369,R' B D R' B2 R D' B R D2 B2
1343021,35271461322233,11,5,7,166406,27736,138676,R B R2 D2 B2 D' B' R' B R2 D'
1349397,35416721113112,11,6,6,166167,27697,138475,R B2 R D B' R2 D2 B R2 B' D'
1350012,35416723232213,11,6,6,224615,37437,187183,R D R' D' B' D' R2 B D' B2 D
1351208,35417622223133,11,5,7,243218,40540,202684,R D R2 D' R B' R B2 R' B2 R
1354052,35426712131132,11,5,7,186194,31035,155165,R B2 R2 D B' R D' R2 D R2 B2
1354164,35426712311312,11,5,7,164817,27473,137350,R B R2 B D2 B D' R' B R2 B
1354245,35426713111313,11,5,7,197565,32931,164640,R B2 R B2 R2 D B' R B2 R D2
1354293,35426713131113,11,5,7,178991,29835,149162,R B R B2 D' R B R' B D' B'
1354413,35426713312211,11,5,7,188690,31451,157245,R B2 D' R D' R D2 R B R' D2
1355945,35461271111231,11,5,7,193494,32251,161249,R B' D2 B R' D R2 B' D2 B R2
1356134,35461271321231,11,5,7,164871,27481,137396,R B R2 D2 B R2 B R' D' R2 D'
1356307,35461272222323,11,5,7,171218,28540,142684,R B R2 B R B' R2 D B D R'
1357458,35462171131313,11,5,7,183256,30544,152718,R B R D2 B2 D' B' R2 B' D2 B2
1357489,35462171212121,11,5,7,191904,31987,159923,R B D B2 R' B2 D B R2 B R'
1357510,35462171221223,11,6,6,157779,26299,131485,R B R D B D' B' D B2 R' B
1357631,35462171332331,11,6,6,176798,29470,147333,R B2 R' B R' B' R B D2 B D2
1357746,35462172213311,11,5,7,188840,31476,157370,R B2 D' R B' D R2 D R B' D2
1357775,35462172223331,11,5,7,172334,28725,143615,R B D R B2 D' R B' D' R2 D2
1357814,35462172312131,11,5,7,167064,27847,139223,R B R' B2 D' B R D R2 D2 R
1357932,35462173123211,11,5,7,175422,29240,146188,R B D2 B R2 B R' D' R D2 R
1357944,35462173131311,11,5,7,195876,32649,163233,R B2 R D2 R2 B D' B R2 B D2
1357996,35462173221221,11,6,6,188437,31409,157033,R B' R' D' B2 R B R B' D' B
1358575,35462712322322,11,4,8,210243,35043,175207,R B2 R2 B R2 B' D2 R B' D2 B2
1362381,35472163222313,11,6,6,171718,28623,143100,R B D2 R' B D R2 D R' B' D
1362400,35472163231322,11,6,6,190284,31717,158572,R B2 R' B D2 R' B D B D' R'
1363581,35476122221111,11,5,7,195011,32505,162512,R B R' D B2 R' B R' B2 D2 R
1367312,35614722321233,11,4,8,203449,33910,169546,R B2 D2 R D2 R B' R' B' D2 B2
1368881,35617423131332,11,5,7,185297,30884,154419,R B2 R2 D2 B' R' B D' B2 D B'
1371524,35624712121232,11,4,8,263075,43848,219234,R B R2 B D2 R' D B D2 B R2
1371684,35624712321212,11,4,8,306249,51042,255214,R B' D R2 D2 B' D B' R' D B
1371689,35624712321332,11,4,8,257391,42902,214496,R B R' B R2 D R' B2 R' B R'
1371713,35624712331232,11,4,8,259483,43249,216241,R B R' D B' R2 D B' R B D2
1384864,35714623111322,11,4,8,224279,37381,186905,R B D' B2 R2 B' R' D B' D R'
1387641,35721642221213,11,4,8,344808,57470,287345,R2 B D' R B' D' R D2 R D R'
1397124,35762142222113,11,5,7,207398,34567,172837,R B2 D2 B' D R' D2 B' R D' B2
1401146,36125471111333,11,6,6,178315,29721,148599,R B D' B D' B2 D' B D R B2
1401228,36125471212112,11,6,6,252239,42044,210200,R2 B R B2 R B' D B2 D R2 B
1401237,36125471213111,11,6,6,163023,27174,135854,R B R2 B2 R' D R2 B' D' B2 R
1401255,36125471222111,11,6,6,256733,42792,213946,R2 B R2 D B2 D B' R D2 R B
1401309,36125471312111,11,6,6,171405,28569,142841,R B D2 B2 D' B R2 D' B' D2 R
1401387,36125472111311,11,6,6,162339,27060,135284,R B R2 B2 R' D' B2 R B D2 R'
1401412,36125472121223,11,6,6,155651,25945,129711,R B R' B' R D' R' B R2 D' B2
1401627,36125473111211,11,6,6,174567,29096,145476,R B D2 B2 D' B' D2 R D B2 R'
1401772,36125473232222,11,6,6,190894,31819,159080,R B2 D' B' R D2 R B R2 D2 R
1401836,36125473323233,11,6,6,184632,30775,153862,R B2 R' D B' R2 D2 R D' R B2
1402478,36125743222331,11,6,6,296403,49402,247006,R2 D B' D' B' R D2 B' R B2 R'
1402834,36127451333222,11,5,7,159994,26668,133332,R B R B D' B2 R' D B D B
1405795,36145272122222,11,5,7,217187,36201,180992,R B' R B' D2 R2 B D R' D R2
1405812,36145272131213,11,5,7,282441,47077,235370,R D' R2 D' B R B R2 B2 R B
1405815,36145272131312,11,5,7,193083,32183,160906,R B D2 R' D B R B2 R2 D' B
1406238,36145273333313,11,5,7,222361,37062,185305,R B' R' D R2 D2 R D' B' D R2
1407003,36147251121311,11,5,7,183544,30592,152958,R B2 R2 D2 B R' D B' D2 B D
1407027,36147251131211,11,5,7,192305,32054,160257,R B2 D2 R' B R B2 R2 D B D
1407053,36147251211131,11,5,7,200067,33346,166727,R B' D R D2 B' D R' D R2 D'
1407133,36147251311121,11,5,7,167467,27913,139560,R B R2 B' D B2 D R2 D2 B' D
1407213,36147252111113,11,5,7,213961,35663,178304,R D R2 D' R B R2 D' R' D R
1407456,36147253111112,11,5,7,179608,29938,149676,R B D2 B' R B R2 D' R' B R
1409298,36152741231312,11,4,8,237103,39517,197593,R B' D' R D2 B' R D' B' D2 B'
1409461,36152742131321,11,4,8,209220,34872,174355,R B2 R2 B D2 B' R2 D R' D2 R2
1413119,36172452133133,11,5,7,250759,41796,208969,R D R2 D2 R' D B2 R' B2 R B
1420397,36217452131333,11,4,8,243256,40545,202718,R B' R B' D2 R D' B R D2 R
1420953,36217541223311,11,6,6,143316,23890,119431,R B R2 B' D B R2 B2 R B D'
1421406,36217543213112,11,6,6,150986,25168,125823,R B D' R2 B' D R B' D R2 B2
1422134,36241573212332,11,6,6,157815,26305,131515,R B R2 B2 D B' D' B R2 D B
1422861,36241753212311,11,6,6,183289,30552,152742,R B' R2 B' R D2 R D2 B R B2
1436421,36415272123212,11,4,8,225738,37626,188119,R B D R2 D B D R2 B' R B
1438611,36417522123311,11,4,8,202812,33804,169015,R B R' B2 D' R B D' B2 R2 D2
1453959,36514272212111,11,5,7,281465,46913,234558,R2 B R D' R D B2 D2 R' D' R
1456810,36521472113321,11,5,7,198114,33021,165099,R B D2 R B2 D' B' R' D2 R' B'
1457002,36521472331121,11,5,7,166772,27798,138980,R B D R2 B' D' R2 D' B R B2
1460243,36527411131133,11,6,6,168321,28055,140271,R B R2 D2 B' D2 B D' B' R D2
1460430,36527412111113,11,6,6,165840,27642,138203,R B R2 D' R' D R' D2 B D B'
1460488,36527412131222,11,6,6,194735,32458,162282,R B' R' D R' B' R D2 B' D2 B
1460518,36527412211322,11,6,6,196493,32751,163747,R B2 D' B' R D' R B2 D' B R'
1460544,36527412221312,11,6,6,170681,28449,142237,R B D2 B' R' B2 D R' D' B2 R2
1460566,36527412231122,11,6,6,172497,28752,143750,R B R2 D' R2 D R D2 B' R2 D'
1460633,36527412322232,11,6,6,175270,29214,146061,R B D' B D R D' R2 D B' R2
1460673,36527413111112,11,6,6,174981,29167,145819,R B D2 B' R B R2 D' R' B R'
1460841,36527413311311,11,6,6,163934,27327,136612,R B R B D2 R B2 R B' D2 R2
1461370,36541272323222,11,5,7,164686,27451,137241,R B R B' D2 B R2 B D R' B'
1463380,36542712121322,11,4,8,254832,42474,212365,R B2 R D2 R2 D' B2 R B2 R2 D'
1464837,36547212121313,11,5,7,215014,35837,179183,R B' R D2 B' D2 B R' B D2 B'
1464844,36547212122222,11,5,7,227847,37978,189875,R D R2 D2 R D R B' R2 B' R
1464864,36547212131312,11,5,7,228948,38161,190793,R D R2 D2 R D B R' B2 R' B
1464916,36547212221222,11,5,7,217197,36203,181000,R B' R2 D2 R D R B' R2 D R
1465271,36547213331333,11,5,7,195736,32625,163117,R B2 R' B D' R2 D B2 R' D R'
1470663,36712542121112,11,4,8,265093,44184,220916,R B R' D2 B2 D B R D' R' B
1470664,36712542121121,11,4,8,248263,41379,206891,R B R2 B R B2 D B2 D2 B' D'
1470666,36712542121211,11,4,8,292236,48709,243534,R B' R B2 R2 D' R B' R' D R
1470672,36712542122111,11,4,8,261754,43628,218133,R B D' R B' R2 D R' D R D2
1471513,36714252232223,11,5,7,171101,28520,142587,R B R B2 D B2 D R' B R2 D2
1471995,36714521232113,11,5,7,236200,39367,196839,R D B' D2 R D' B' D' B2 D2 R
1472128,36714522121322,11,5,7,234795,39134,195667,R D B' D2 B' D R D R2 D2 R
1472133,36714522122213,11,5,7,190284,31716,158574,R B D' B2 D' B R D R2 D2 R
1472404,36714523132223,11,5,7,193511,32255,161262,R B2 R B' D2 R B D2 R' B' D
1472407,36714523132322,11,5,7,189805,31638,158173,R B2 R B D' R B R B2 D B2
1474100,36721451131331,11,6,6,166951,27827,139129,R B D' B D' B2 R2 D B D R'
1474315,36721452121322,11,6,6,191067,31847,159225,R B2 D' B R D' B R' D2 R' B
1474318,36721452122123,11,6,6,159195,26536,132664,R B R2 B' R B2 D' B' R D2 R2
1474320,36721452122213,11,6,6,190958,31830,159133,R B2 D2 B R B2 R D R2 D' R
1474324,36721452122321,11,6,6,178366,29730,148641,R B2 R' D R2 B' D' R' D B' R'
1474335,36721452131111,11,6,6,176501,29420,147086,R B2 R2 B D' B D B' R D R
1474412,36721452223232,11,6,6,170818,28473,142350,R B D2 R' D' R D' R2 B D R
1474542,36721453113113,11,6,6,185574,30932,154647,R B' R D' B2 R D R2 B' R D'
1474551,36721453121111,11,6,6,225518,37588,187935,R D2 R2 B' D' B R' D2 R D' B2
1477713,36725411121212,11,4,8,281576,46931,234652,R B R2 B D B2 D2 B' R' D R'
1477743,36725411131313,11,4,8,282440,47075,235372,R B R2 D B' R2 B' D B' D R2
1477774,36725411212121,11,4,8,283277,47215,236069,R B R2 B D R' D B' R' D2 R2
1477865,36725411313131,11,4,8,284418,47405,237020,R B R2 B2 R' D' R2 D' B' R B'
1477929,36725412111212,11,4,8,304982,50834,254155,R B2 R D R' B R' B R2 B2 R'
1477953,36725412121112,11,4,8,281819,46973,234853,R B R2 B R D' R B' R' D2 R2
1477956,36725412121211,11,4,8,290186,48367,241826,R B2 R B D' R B' D R2 D2 R'
1477958,36725412121232,11,4,8,283268,47215,236060,R B R2 B R B2 R2 B' D' R B'
1477974,36725412123212,11,4,8,300029,50008,250028,R B2 R D B' R B' R B2 R2 B'
1478118,36725412321212,11,4,8,295121,49189,245939,R B2 R B R' B R' D B2 D2 B'
1478175,36725413111313,11,4,8,325056,54178,270885,R B' R2 B' D' B R' B R' D2 R2
1478223,36725413131113,11,4,8,292160,48695,243472,R B D2 R B' D2 B' D R' D R2
1478229,36725413131311,11,4,8,341352,56892,284467,R B' D2 B' D' B D' B R' D2 R2
1478692,36741252122123,11,5,7,285256,47546,237716,R B' R B2 R2 D' R B' R' D R2
1478698,36741252122321,11,5,7,266348,44395,221959,R B2 R2 B R B' R D' R B' D2
1478699,36741252122333,11,5,7,257288,42884,214410,R B R2 B2 R' B R2 D B2 D2 B'
1478707,36741252123323,11,5,7,275441,45910,229537,R B2 R2 B' R D' B R' D R B2
1479053,36741253233131,11,5,7,271520,45256,226270,R B2 R2 B R' D B' D R' B D2
1482142,36745211211221,11,6,6,155497,25920,129582,R B R2 B D' B R2 D' R B R'
1482331,36745212121223,11,6,6,162257,27046,135216,R B R2 B' R' D2 B R' D' R2 B2
1482342,36745212122312,11,6,6,202763,33795,168973,R B' D' B D' B' D B2 R' D2 R
1482344,36745212122333,11,6,6,172318,28722,143601,R B R D' R2 B D' B2 D B2 D2
1482352,36745212123323,11,6,6,193652,32278,161379,R B2 D' R' D B' R B2 D' R B'
1482354,36745212131111,11,6,6,162826,27141,135690,R B R' B D B D' R2 D R' B2
1482431,36745212223232,11,6,6,171048,28511,142542,R B D2 R' D' R D' R2 B D R'
1482570,36745213121111,11,6,6,210022,35007,175020,R D R' B D R B' D2 B R' B2
1482599,36745213131131,11,6,6,159733,26626,133112,R B R B2 D' B' R B' R B2 D
1482615,36745213133111,11,6,6,175252,29213,146044,R B2 R D2 R2 B' R B R' D2 R
1482690,36745213232213,11,6,6,167218,27873,139350,R B R D' R D2 R' B2 D R' D
1483396,36751243222322,11,5,7,175099,29184,145921,R B D B2 D B' D' R' D2 B D
1484525,36752142122132,11,5,7,186800,31136,155670,R B2 R2 D R' B D' R2 D B2 R2
1484536,36752142123221,11,5,7,174954,29161,145799,R B D2 B D2 B D' B' R B2 R
1484798,36752143132232,11,6,6,155562,25930,129637,R B R B D B' D' B D2 R' B
1484806,36752143133222,11,6,6,189412,31571,157846,R B' R' B' R2 D B D R' D' B
1484813,36752143211132,11,5,7,176794,29468,147332,R B D' B D2 R' B' D R' B2 R2
1486336,36754123232222,11,4,8,303561,50595,252973,R B' D B2 D' B R' B D R' B2
1512689,37246511112233,11,6,6,214337,35724,178618,R D R' D' B D2 B D R2 D2 B'
1516757,37256142321233,11,5,7,201518,33589,167935,R B D' R B2 D' R B' R2 D2 B
1524820,37415622333221,11,5,7,226830,37807,189029,R D2 R' D B R D' R2 B D' R'
1530726,37426513132313,11,4,8,260106,43353,216760,R B R2 B' R2 B D' R2 D' B D2
1532814,37452162323312,11,5,7,187220,31206,156020,R B R D B' D2 R2 D' R2 B' R
1543776,37516422333311,11,5,7,177755,29628,148133,R B D R2 D2 R D' B R' D B
1552932,37561241311112,11,6,6,172734,28792,143947,R B2 D' R B' D' R D2 R B D'
1557671,37612453122233,11,5,7,175097,29185,145918,R B R' B2 D B' R' B' D R2 D'
1558224,37612542221111,11,4,8,205594,34268,171333,R B2 D2 R B2 R B' D' R' D2 R2
1558954,37614252221123,11,5,7,223513,37256,186263,R B2 R' D R' B' R B' R2 B R2
1559331,37614521111111,11,7,5,235607,39271,196340,R B' D R2 D' R2 B D' R' D' R
1559543,37614521323232,11,7,5,153412,25572,127844,R B D R' B2 D R2 D' R D' B
1559578,37614522111221,11,7,5,173910,28988,144926,R B2 R B' R D' B' D R2 D' B
1559599,37614522113321,11,7,5,197687,32950,164741,R B' R2 D2 B' D B' D2 R B' D2
1559761,37614522313322,11,7,5,206042,34344,171702,R B' D2 R2 B' R B' R2 D R' D2
1559787,37614522323312,11,7,5,172674,28783,143895,R B2 R B' D R' B' D R2 D' R
1559964,37614523232213,11,7,5,194586,32434,162156,R B' R D' B R D' B R B' D'
1560814,37615421113322,11,5,7,217048,36177,180877,R B2 R' D B' R B' D R' D2 R2
1561115,37615422211133,11,5,7,215752,35961,179797,R B2 R D' R B' D R' B' D2 B2
1561160,37615422223133,11,5,7,218629,36440,182195,R B2 R D' B D' R D' R' D2 R2
1561213,37615422313121,11,5,7,203359,33896,169469,R B R B' D2 R' B R' B D' B'
1561220,37615422313331,11,5,7,218347,36393,181960,R B D B' D2 R' D R' B D' R'
1561304,37615423121132,11,5,7,230749,38460,192295,R B2 R2 B' D B2 R' D2 R D2 B'
1563384,37624152311213,11,5,7,223731,37291,186446,R B2 D' B2 R D' R B' R B' D
1563854,37624511232233,11,5,7,202428,33740,168694,R B' R' B2 R' B' D2 B D B2 R'
1563982,37624512121322,11,5,7,233724,38956,194774,R D B' R2 B' R B D B2 D2 B
1564086,37624512231212,11,5,7,180666,30113,150559,R B R' B2 R' D B D B2 D2 B
1564252,37624513131323,11,5,7,192534,32091,160449,R B D R B2 D2 R2 D B2 D' B2
1564332,37624513231313,11,5,7,187742,31292,156456,R B R2 B' D B2 D' B R D2 B'
1566259,37641252222323,11,5,7,198968,33164,165810,R B2 D2 R B2 R B' D' R' D2 R'
1567698,37642152213311,11,5,7,233733,38959,194780,R D2 R B R2 B' R' D2 B R B
1568605,37642513122221,11,5,7,200888,33483,167411,R B2 R' B D' B D2 B2 R2 D' R'
1569226,37645122312221,11,5,7,169718,28290,141434,R B R D2 R2 D R' B R' D R
1570592,37651242211133,11,5,7,242111,40355,201762,R D R2 D' B R' B R2 B' R2 B
1571415,37651422312311,11,5,7,227844,37976,189874,R D2 R' B D R D' R2 B D' B'
1571747,37652141113232,11,6,6,164250,27378,136877,R B R D' B2 R D2 R' D R' B'
1572352,37652143231322,11,6,6,185530,30925,154610,R B2 R D' B2 R2 B' R D R2 D
1574320,37654212311222,11,4,8,213828,35640,178195,R B D' B2 R' B R D' R2 B2 D2
1577464,41236753232321,11,6,6,181155,30195,150965,R B' R' B R' D2 B' D R D B2
1577738,41237561313131,11,4,8,254649,42443,212213,R B2 D2 B' D B' R B2 R' D2 R
1584292,41263751312222,11,5,7,275171,45863,229314,R D2 R2 D B2 D2 R2 D R2 D2 B'
1592229,41325671212211,11,6,6,185018,30839,154184,R B D2 B' R2 D R' D2 R B D'
1593292,41325762313223,11,5,7,171867,28647,143226,R B D2 B2 R2 D' R' B R' B D2
1593410,41325763131233,11,5,7,164442,27410,137038,R B R B2 D2 R' B D' R' B2 D2
1596600,41352671212112,11,4,8,256194,42701,213500,R B R' B' D B' D2 R2 D R' B
1596601,41352671212121,11,4,8,264267,44046,220228,R B R' D B2 D2 R' D B' R' B
1596627,41352671222111,11,4,8,265716,44287,221436,R B D' R' D B' R2 D2 R D' B
1600578,41357622313112,11,6,6,147546,24594,122957,R B D B' D2 B R' B R B2 D2
1604288,41367253111133,11,5,7,242357,40396,201967,R B' R2 B R2 B2 R B2 D B2 D'
1614432,41532672313211,11,6,6,326151,54360,271796,R2 B' R D R' D2 R' D' B' D B2
1614890,41532761233133,11,5,7,216385,36066,180325,R B D2 B2 D' R D2 B' R2 B D
1620348,41563273113311,11,5,7,194136,32359,161783,R B R2 B2 D R' D' B D2 R B
1626736,41576322212222,11,4,8,238948,39826,199129,R B D B' D2 B R' D B R' B2
1629012,41625372313211,11,5,7,516402,86068,430340,R' D R' B D B2 R' D B D2 B'
1629102,41625373121213,11,5,7,181535,30258,151283,R B R D2 R' D' R2 B D' R' D'
1629437,41625731222231,11,5,7,210870,35146,175730,R B D' B' D2 B' R' D2 B R2 B'
1633780,41635721212121,11,4,8,309480,51581,257906,R D2 R' D' R D' B R2 B D' B
1639644,41657321222312,11,6,6,193969,32331,161643,R B R' B R' D B2 D R' D B2
1642045,41673252212222,11,4,8,252215,42038,210184,R B D2 B' R2 B' R B D' R D2
1642437,41673521111111,11,6,6,205908,34320,171593,R B D' R2 D B' R D' B2 R2 D2
1645050,41723562313211,11,5,7,196574,32764,163816,R B R' B R2 D R' D' B' D2 B'
1646226,41725361232113,11,3,9,222012,37004,185016,R B R' B2 D2 B D R D' R2 B
1646274,41725361321213,11,4,8,267707,44620,223094,R D B2 R2 D' R' D R' B R2 B
1646436,41725362221213,11,4,8,229156,38193,190970,R B2 D' R2 D B2 R' D B2 D2 B'
1646508,41725362313211,11,3,9,248123,41356,206775,R B R2 B D2 B2 R2 B R2 B' D'
1646509,41725362313223,11,5,7,248822,41473,207355,R D B2 R' B R B2 D2 R D' R'
1646599,41725363121222,11,4,8,213499,35585,177921,R B D' R D' R B2 D B' R' B'
1646600,41725363121231,11,4,8,204365,34063,170309,R B R2 D2 B' R' B D' B R2 B
1646811,41725631111111,11,6,6,245498,40918,204585,R B' D' R' D R2 B' D2 B D' B
1646893,41725631211122,11,6,6,190684,31783,158906,R B2 R' D R' D2 B2 R' D' R2 B'
1647260,41725632322331,11,6,6,166712,27788,138929,R B2 R' B D2 B' R D2 B' R' B2
1647299,41725633111133,11,6,6,180397,30069,150333,R B D R' D B2 D' B2 R B' R
1647325,41725633121123,11,6,6,173864,28981,144888,R B2 R B' D R D2 B' R B D
1647378,41725633211111,11,6,6,198973,33164,165814,R B' D B' D2 B R2 D' R D B
1647970,41726352313322,11,5,7,189290,31551,157745,R B R2 D2 B R' B' R' D2 R2 B'
1648688,41726532312233,11,5,7,234801,39136,195671,R B2 R2 D' B R' B2 R' B' D R'
1650669,41735261323313,11,5,7,235292,39217,196081,R D' R D' R2 D' R' B' D B2 R
1650875,41735262312233,11,5,7,220925,36822,184109,R B2 D' B2 D' B R' D2 B2 R' B
1650991,41735263123223,11,5,7,177647,29609,148044,R B D' R2 B D' R' D' B D2 B'
1651343,41735621233232,11,6,6,184140,30694,153451,R B R B' R B2 D' B2 D R B2
1651615,41735622313322,11,4,8,215611,35937,179681,R B R2 D2 B D2 B R D' R D
1652801,41736521233232,11,6,6,221085,36849,184241,R D2 B D2 B' R D' R D' B' R
1653116,41736522332231,11,6,6,171555,28595,142965,R B D2 R2 B' R D' B D R' D'
1654219,41752631222123,11,5,7,162321,27057,135270,R B R B2 R B2 R D' B' R D2
1654507,41752632311123,11,5,7,177837,29642,148201,R B2 R' B' R D2 B' R' B' R D2
1654522,41752632312323,11,5,7,163448,27243,136211,R B R2 D2 B D' B D' R2 D R'
1654527,41752632313211,11,5,7,613532,102258,511280,B2 R B' R D R2 B' R B D2 B'
1656480,41756231321213,11,4,8,256422,42738,213691,R D2 R D R2 D B' D' R2 B2 D'
1656806,41756233121231,11,4,8,200076,33348,166735,R B2 R B D2 B R' D' R2 B2 D'
1658834,41762532221333,11,5,7,223347,37226,186127,R B' D R2 D' B D2 R' D2 R D2
1659014,41762533123331,11,5,7,205183,34200,170989,R B2 R B D' R B2 D' B R D'
1660820,41765231233232,11,6,6,182177,30365,151817,R B2 D B' R' D2 B R2 B D2 B2
1661748,41765322221312,11,5,7,165890,27650,138246,R B R' B R2 D' B2 D' B D' R'
1661817,41765322313211,11,5,7,358048,59677,298377,R2 D2 R B' R B R2 D' B D B2
1661916,41765323122212,11,5,7,174911,29153,145764,R B D' R B2 D' R2 D' B D' B'
1664610,42136752131312,11,4,8,237774,39631,198150,R B D R' B D' R D' R D2 B
1665089,42137561123333,11,5,7,224720,37456,187270,R B2 R2 B R2 B2 D2 B' D2 B2 R
1666289,42137653122131,11,6,6,169982,28333,141654,R B2 R' D2 R' B R' D2 B2 D' R
1666315,42137653132121,11,6,6,143335,23893,119447,R B R2 B R' B D' R D2 B' R
1670767,42157633231322,11,5,7,226138,37691,188453,R B2 D' B2 D B D2 R2 B' R' D2
1671627,42163751121212,11,4,8,261582,43599,217990,R B' R2 D' R' B R D' B2 D R
1672939,42165373223123,11,7,5,142185,23701,118488,R B R2 D' R2 D' B D' R2 B2 R
1674818,42167532131333,11,4,8,244101,40685,203423,R B2 D2 B' R D' R D2 R' D2 R
1680111,42315673112111,11,7,5,152610,25438,127176,R B R' B2 D' B D' R' D R2 D
1684083,42351671212211,11,6,6,220910,36821,184094,R B' R D B2 D' R B2 D' R2 D
1685342,42351763231133,11,5,7,323397,53902,269501,R2 B D2 R2 B' D' R B' D R2 D
1691767,42367153111121,11,6,6,156499,26087,130417,R B R' D2 R B' R B R2 D2 B2
1691848,42367153211123,11,6,6,171798,28636,143167,R B R2 B' D B' R2 D R2 D' R2
1698966,42516372233111,11,5,7,214121,35688,178439,R B2 D' R2 D' R D' B2 R2 D' B
1707283,42561733323122,11,6,6,151312,25222,126095,R B R D2 B2 R B R2 D2 B' R'
1712876,42573612323231,11,5,7,188045,31344,156707,R B2 R B2 R' B2 D2 R' B2 R2 D'
1713110,42573613322231,11,5,7,174305,29053,145258,R B R2 D' R' D' B R' B D' R2
1715034,42613572313211,11,5,7,196307,32720,163593,R B R' B2 R' D' B' R D2 B R'
1716254,42615371313332,11,5,7,314743,52459,262290,R2 B D2 R2 B2 R' B D' B D2 B'
1716414,42615372213311,11,5,7,250907,41820,209093,R D B2 R' B D R2 B2 D B' R'
1716420,42615372221213,11,5,7,229057,38179,190884,R B2 D' B2 D R2 B' R B2 R2 B'
1716492,42615372313211,11,5,7,255971,42663,213314,R B D2 B D2 B2 R2 B D2 B' D'
1723704,42651372213311,11,5,7,166248,27710,138544,R B R2 B2 D2 R' D' R D' B D2
1724734,42651733311122,11,5,7,209213,34871,174348,R B' R B2 D' R D R' D B2 D2
1730306,42673512232133,11,5,7,229710,38288,191428,R D B R2 B R B2 R' D' B2 R
1742018,42751632321233,11,5,7,222999,37168,185837,R B' D' B2 D B R2 D' R2 D R2
1742036,42751632323231,11,5,7,178164,29697,148473,R B D' R2 B2 D' R' B D' R B
1751379,43126572133313,11,5,7,240209,40038,200177,R B R2 B' R2 B' R D B' R D2
1761411,43167251232212,11,5,7,202727,33791,168942,R B R' B R' B D' R2 B2 D' R'
1765928,43176252123131,11,6,6,169176,28200,140981,R B R' B2 D R B R2 D' R D2
1766045,43176252311132,11,6,6,179961,29997,149969,R B D' B2 R B D R2 B' R D2
1769104,43216573132121,11,5,7,149873,24981,124898,R B R2 B2 D' B R' D2 R' D2 R'
1769107,43216573132223,11,5,7,167987,28000,139993,R B R' B' R B' D B2 R' D' B2
1769136,43216573212311,11,5,7,164772,27464,137314,R B R' D B2 D' R B' D' R D2
1769138,43216573212332,11,6,6,236836,39475,197366,R2 B R2 B2 D B' D' B R2 D B
1784780,43512671313332,11,5,7,189691,31618,158079,R B R' D R' D2 R B R2 D' B
1793032,43527612312323,11,6,6,159949,26662,133292,R B D R2 B' R D' R D' R2 B
1793340,43561271111111,11,6,6,180578,30099,150484,R B R D' B2 D' R' B' R B2 D'
1797997,43571262122222,11,4,8,230346,38393,191960,R B R D' B D' B R' D R2 B
1799172,43572161111111,11,6,6,215786,35967,179824,R B2 R' B' R' D R2 B D' B D'
1800322,43572612312323,11,5,7,189152,31527,157631,R B2 R' D2 R D' B D' B2 D R
1801408,43576211123222,11,4,8,200916,33487,167436,R B2 R D B2 D R' D' B2 R2 D'
1801616,43576212112232,11,4,8,252330,42055,210282,R D2 R D B2 D B' D' B2 R2 D'
1803786,43615271333312,11,5,7,170979,28499,142486,R B R' D R2 D R2 B' D B' R'
1803814,43615272113321,11,5,7,189895,31653,158248,R B R2 B' D2 R2 B R B' R D2
1805863,43617521223221,11,6,6,248988,41500,207493,R D B' D2 R D' R B D' R2 D'
1807540,43621752213323,11,4,8,250008,41671,208344,R B2 R B2 R2 B R2 D R2 D2 B2
1812017,43651722323132,11,6,6,181996,30337,151664,R B' R2 B R' B D R2 B' D R
1818487,43675122222122,11,4,8,284521,47422,237106,R B' D' R D R B2 R2 D' B D
1818971,43675211221331,11,6,6,190978,31834,159149,R B D R B D' R2 B R2 B D2
1825314,43721653231313,11,4,8,219410,36571,182846,R B R2 D B R2 D' R B2 R2 D
1829598,43751623123313,11,4,8,221747,36959,184795,R B R2 B' R2 D2 B D B' D B'
1836712,43765212222122,11,4,8,278212,46369,231850,R D B2 D2 B' R D2 B' D2 B R
1850162,45167323322231,11,5,7,182825,30474,152357,R B D' R D' B R2 B2 R B D
1853178,45176231131313,11,4,8,393880,65650,328237,R2 B R' B R' B D R2 B2 D2 R
1853190,45176231133113,11,4,8,392764,65464,327307,R2 B D2 R2 B2 D R B' R B' R
1853334,45176231331113,11,4,8,381361,63563,317805,R2 B R2 D2 B2 R B R' B D' R
1853658,45176233131113,11,4,8,404455,67412,337050,R2 B D' R B' R B R2 D2 B2 R
1853903,45176321131133,11,4,8,334572,55763,278816,R2 D R' D' B' D R2 B' R D2 R'
1854928,45213672221123,11,5,7,212739,35460,177285,R B' R B2 R' B D2 R' B2 R D2
1869517,45273162222122,11,4,8,246711,41121,205597,R B2 D2 B' R B' R D2 R' B2 R
1870670,45276131131133,11,4,8,292206,48701,243512,R2 B D' R' D' R D2 B' D B2 D'
1872195,45312671222312,11,6,6,160260,26714,133551,R B R' D2 R B' D2 R D R B2
1872449,45312672223331,11,5,7,178785,29800,148991,R B2 R' B' D R2 B' R' D' R D2
1872475,45312672233321,11,5,7,167270,27881,139395,R B D2 R2 B D' R B' D2 B R'
1872498,45312672313211,11,5,7,525957,87661,438302,B R2 B' R' D R2 B' D' B R' D2
1872627,45312673132313,11,5,7,287266,47880,239392,R2 B2 R D R2 D' R2 D R' B' D2
1872675,45312673222112,11,6,6,159385,26567,132823,R B R' D2 B' R2 B R' B2 D B'
1872699,45312673231313,11,5,7,283501,47253,236254,R2 B2 R B D2 B' R2 B R' B' D2
1872822,45312761113211,11,5,7,183830,30640,153196,R B2 R' B2 R D2 B2 R' D' B2 D2
1872879,45312761133311,11,5,7,175508,29254,146260,R B R2 B2 D B' D B' D R B
1873152,45312762221111,11,5,7,215151,35861,179296,R B' R' D2 R B R2 D' B2 D R2
1873206,45312762311111,11,5,7,176259,29379,146886,R B R' D2 B2 R' B' R B' D B
1876539,45321671212211,11,6,6,192473,32080,160398,R B D' B' D' R D2 B' D R2 D'
1876555,45321671221121,11,6,6,192343,32061,160287,R B' R B R2 D2 B R D2 R2 B'
1876956,45321673113311,11,6,6,319164,53197,265972,R2 B' D R B2 R' B R2 D' B2 D
1880458,45327612222323,11,4,8,205430,34241,171196,R B D2 R2 B2 R' B D' B' R B
1883290,45362712122222,11,5,7,243914,40655,203265,R B D' B R' D' R D2 R B R'
1884107,45367122223133,11,5,7,208810,34804,174012,R B' R2 B R B2 D' B D2 B' R'
1884467,45367211111132,11,6,6,185510,30920,154595,R B2 R' D' B2 R D' R2 D B' D2
1884547,45367211211122,11,6,6,196362,32729,163638,R B2 D2 R2 B D' B R2 D' B D'
1884953,45367213111133,11,6,6,199345,33227,166123,R B2 D2 R2 B D B' R2 D R' D
1888166,45376121131133,11,5,7,308934,51491,257449,R2 B' R B D2 B' R B2 D' B2 D
1888332,45376121331311,11,5,7,226012,37670,188348,R D B' R D2 R' D B' D B R2
1889074,45376211333123,11,6,6,182946,30493,152458,R B' R2 D2 B D' R2 B D' B' R'
1889386,45376213131323,11,5,7,290314,48387,241933,R2 B2 R D B2 D' R2 D B' R' D2
1889566,45376213333322,11,5,7,169491,28251,141246,R B D R' B2 R' D R D B2 D2
1889644,45612371133221,11,6,6,192502,32087,160420,R D R' B2 R B R' B D' B D2
1890028,45612372331121,11,6,6,162509,27089,135425,R B2 R' B R2 B' D R2 B' R' B2
1890068,45612373112231,11,6,6,166746,27794,138957,R B2 R2 B' D B D' R2 B2 D' R
1890118,45612373132121,11,6,6,159149,26527,132627,R B D' B R' D' R2 B2 D' R D'
1890121,45612373132223,11,6,6,175446,29244,146207,R B2 R B' D2 B' R2 D R2 D' R
1890252,45612373322111,11,6,6,153948,25662,128291,R B R' B' D R2 D R' B R2 B'
1890280,45612373332122,11,6,6,164121,27356,136770,R B2 R2 D2 R' B D B2 D2 R2 D'
1890283,45612373332221,11,6,6,165453,27578,137880,R B2 R2 D2 B D' R' D R' B D2
1891246,45613271331221,11,6,6,187549,31262,156292,R B R' B2 R' B D2 R' D2 R B'
1891422,45613272233111,11,5,7,236256,39378,196884,R B2 R2 D' R D' B2 D' R' B R'
1894481,45621373123331,11,5,7,206535,34424,172117,R B R' D' R2 D' R' B2 D B2 D'
1894509,45621373211111,11,5,7,257860,42979,214887,R D R' B D R2 D B2 R2 D B
1895005,45621732212123,11,4,8,215154,35860,179301,R B D2 R2 B2 R' D B' D B2 D'
1895075,45621732233333,11,4,8,206205,34368,171844,R B R2 D2 B2 D' B R' D B2 D'
1896598,45623712332123,11,6,6,151279,25215,126069,R B D' R D' B' R' D B2 R D'
1896820,45623713322321,11,6,6,144943,24161,120787,R B R' B D' R' B' R B2 D R'
1901782,45637123132121,11,6,6,166630,27774,138861,R B2 D' R' D' B2 R B' R2 B' D2
1901944,45637123332122,11,6,6,146033,24342,121696,R B R2 D B2 D B2 D2 R' B R
1902758,45671231132231,11,6,6,148322,24722,123605,R B D R' D' R' D B D' B D2
1903187,45671233112132,11,6,6,159464,26582,132887,R B2 R' B2 R' D R2 B R2 B R2
1906670,45673212212132,11,5,7,191726,31956,159776,R B R' D2 B2 D' R' D B' R B'
1906906,45673213211222,11,5,7,195867,32646,163227,R B D2 R2 B' D B' D' B2 R2 D
1909865,45713623223132,11,6,6,157871,26314,131562,R B D' B2 R' D R D' B R2 D2
1912119,45721363321313,11,5,7,183436,30577,152865,R B2 R2 B D' R2 B R2 B R2 B2
1912127,45721363322231,11,5,7,177066,29513,147559,R B D R2 B2 D' R D' R' D2 B2
1918402,45732612233321,11,6,6,159556,26595,132966,R B R D' R2 D' R' D R2 D2 B'
1918767,45736121122211,11,5,7,259331,43223,216114,R D B D2 B' D R2 B' D2 B R'
1924560,46123571111111,11,6,6,194115,32356,161764,R B R' B2 R D' R D' R2 B2 D2
1925191,46123573232123,11,6,6,237578,39598,197985,R D' B2 R D' R D' B' R' D R2
1926982,46125731333123,11,6,6,190745,31794,158956,R B D R' D B D2 R' D R B2
1927536,46127351131313,11,4,8,239555,39929,199633,R B R2 B R' D R D2 R D R'
1927781,46127352131333,11,4,8,269371,44897,224481,R B' R' B D B D2 B2 R' B D
1928023,46127353131323,11,4,8,289564,48263,241308,R B' R' D R D B2 D2 R' B R
1930713,46135272133313,11,4,8,226123,37690,188440,R B R B' D2 B D' R B R' B2
1935308,46153273131131,11,5,7,273739,45624,228121,R D' R2 B2 R' D2 B D2 B2 D B'
1936949,46157233333232,11,5,7,166983,27832,139157,R B R D' B D' B2 R' D B2 R'
1937174,46157321331233,11,5,7,199416,33238,166184,R B D' R' B R' D2 B2 R' D' R2
1943788,46215372121223,11,5,7,176675,29448,147233,R B D' B R2 D' R2 D' R B' R'
1943940,46215372313211,11,5,7,306379,51066,255319,R2 B2 R B' D R D2 B' R D R2
1954046,46257132211133,11,5,7,217447,36243,181210,R B' D2 B D R2 B' D R2 D' R'
1955109,46257313312211,11,5,7,340079,56682,283403,R2 D R' D B R2 B R2 D2 B D
1957650,46273512122312,11,5,7,177092,29517,147581,R B D' B2 D' R' D' R B2 D' R
1957962,46273513221212,11,5,7,168446,28077,140375,R B R' D2 R' D' R' B D2 R' B
1958872,46275311123222,11,4,8,206576,34431,172152,R B R2 D2 B' D' R D' R D2 R
1959080,46275312112232,11,4,8,259541,43258,216290,R D R2 B2 D' B' D B' R D2 R
1959132,46275312132212,11,4,8,228901,38152,190756,R B2 D' B2 D B2 R' B R2 B2 R'
1959212,46275312232133,11,5,7,201618,33606,168018,R B D R2 D2 R B R B' D2 B'
1959249,46275312313211,11,3,9,246431,41073,205366,R B R2 B R2 B2 D2 B D2 B' D'
1959340,46275313121222,11,4,8,212257,35377,176887,R B D' B D' R B2 D B' D' R'
1959483,46275313312211,11,5,7,245273,40882,204397,R D R2 B' R D R2 B2 D R' B'
1964900,46321752111131,11,6,6,187213,31205,156013,R B' D2 B D' R B R2 D' B R
1969844,46352171211233,11,6,6,152838,25476,127367,R B D' R D R B' R2 D B D'
1970024,46352172113231,11,6,6,141642,23610,118037,R B R B' D2 B D' B R B2 D2
1974977,46372511221331,11,6,6,206806,34471,172340,R B2 R' B D' R' B R' D2 R D2
1976408,46375211211332,11,6,6,153586,25601,127990,R B R' B' R2 D' R' D R2 B' R'
1976580,46375212113111,11,6,6,168633,28107,140531,R B D2 B R' D' R D' B' D2 B
1976627,46375212132131,11,6,6,153187,25534,127658,R B R D2 B2 R2 D B' R2 B D'
1976629,46375212132221,11,6,6,169019,28172,140852,R B D' B R2 D' R' B D' B2 R'
1976791,46375212332222,11,6,6,165180,27533,137652,R B R2 D' R' B R D2 B2 R2 D'
1976814,46375213112111,11,6,6,209226,34874,174357,R D R' B D' B R2 B2 R B' D'
1976851,46375213123121,11,6,6,190911,31821,159095,R B' D2 R D' R' D B D' R B2
1977040,46375213333121,11,6,6,155412,25905,129512,R B R2 B D' R D' B' R' D R2
1977268,46512371331221,11,6,6,201121,33522,167604,R B D' R2 B2 R D' B2 D' B2 D2
1977316,46512372113321,11,5,7,219018,36507,182517,R B R2 B' D2 R2 B R B' R D
1978974,46513272332111,11,6,6,161889,26985,134909,R B R2 D2 B' R B' R B R' D'
1979014,46513273113221,11,6,6,161233,26875,134363,R B R D' B2 D' R B2 D B' R
1983833,46523711331332,11,6,6,192463,32080,160388,R B R2 B' D B' D R' B D B2
1984825,46527133111121,11,6,6,156657,26113,130549,R B R' D2 R B' R B' D2 B2 R2
1992484,46572311223122,11,5,7,205556,34262,171300,R B' D B' R2 B' R' B' D R2 B
1992664,46572312132122,11,5,7,167677,27949,139734,R B R2 B' D B2 R2 D R' D R2
2000184,46721533123313,11,5,7,213802,35637,178171,R B R2 B' R D' B R' D R B2
2012429,47123562232133,11,5,7,233826,38974,194858,R D B D2 R' B' R2 B R D2 R
2012927,47123651233232,11,6,6,173125,28858,144272,R B' R D R' B D' B2 R B R2
2015114,47126351233232,11,6,6,235763,39296,196472,R D R' B R D' B2 R D' B D'
2016002,47126532133133,11,5,7,197684,32949,164741,R B D' R2 B2 R' B' D B' D B'
2016819,47132562311111,11,6,6,189234,31543,157696,R B2 R B2 R' B2 R B2 D2 R2 D'
2017025,47132563222331,11,6,6,252765,42130,210640,R2 B D' R' D R D' B R2 B' D
2017546,47132652233321,11,5,7,188597,31435,157168,R B2 R' D2 R B' D B' D2 B R
2018915,47135622132332,11,5,7,176872,29480,147398,R B D2 B' D B2 R2 D B' D R2
2019645,47136252133112,11,4,8,249678,41615,208070,R D2 R B R2 B R' D' B2 R2 D'
2020946,47152361233232,11,6,6,156116,26021,130100,R B R' D B D2 B2 D' R' D2 B
2021717,47152631322131,11,4,8,200662,33447,167222,R B2 R2 B' R B' R D2 R D R2
2023935,47156231332313,11,5,7,201421,33571,167856,R B' D' R D2 R D' B' D B2 D2
2024273,47156233211132,11,5,7,192592,32101,160497,R B' R2 D R2 D' R B' D2 B' R
2024322,47156233223312,11,6,6,166236,27708,138533,R B D' B D' R' B D2 R' B' D'
2024343,47156233233113,11,5,7,196285,32716,163575,R B' R' D R2 D R' B' D B2 D2
2024394,47156233322312,11,6,6,159594,26601,132998,R B R' D R' D' B R2 D' R' D'
2024433,47156321111111,11,7,5,203005,33837,169172,R B D R' B R' D B2 D2 B D'
2024511,47156321133311,11,7,5,205249,34212,171041,R B' R D2 R D R B' D R2 D'
2024745,47156322132311,11,7,5,174081,29016,145069,R B D2 R' D' B R D2 B2 R2 D'
2024861,47156322313232,11,7,5,160797,26804,133997,R B R2 B R' D' B R' B' R2 B
2024903,47156322332132,11,7,5,150081,25018,125067,R B R D2 R' D R2 B' R2 B' R2
2024907,47156322332312,11,7,5,156878,26149,130733,R B R' B R2 D' B' D B' D2 R'
2025046,47156323223123,11,7,5,172980,28835,144149,R B2 R2 B' R' B R2 D' R B R2
2025361,47162351322122,11,5,7,175871,29314,146563,R B D B2 D2 B R' D R' B D
2027650,47163522131222,11,5,7,168344,28060,140290,R B R' B2 R' B' D' R D2 B' R
2028951,47165321232113,11,3,9,228207,38037,190178,R B D' R2 B2 R B R D' B2 R
2029007,47165321322131,11,4,8,332070,55347,276730,R2 B2 D2 B' R D' R2 B' R B' R2
2029116,47165322132212,11,4,8,228709,38120,190596,R B2 D' R2 D R2 B' D R2 D2 R'
2029122,47165322133112,11,4,8,260981,43499,217489,R D R2 B2 D' R' D B' R B2 R
2029196,47165322232133,11,5,7,196563,32764,163805,R B R D2 R2 D B R B' R2 B'
2029233,47165322313211,11,3,9,257093,42850,214251,R B D2 B R2 B2 D2 B R2 B' D'
2032757,47216352131333,11,4,8,274381,45731,228657,R D B2 D2 B' R B2 D' B2 D R
2038824,47251363131113,11,4,8,266168,44364,221811,R B' R2 B R' D B' R2 B' R B'
2039316,47251632131312,11,3,9,227291,37884,189415,R B R' B R' D' B R2 B D R'
2041782,47256133212311,11,6,6,173657,28946,144716,R B D' R' D' R2 B2 D' R B' R
2041880,47256133321232,11,6,6,171456,28580,142881,R B R B' R B2 R' D R2 B' D'
2046586,47265312122222,11,5,7,184451,30744,153713,R B R B2 R' D' B2 R D' R' D'
2046606,47265312131312,11,5,7,192254,32043,160217,R B D B2 D' B' R2 D B' R' D'
2046729,47265312313211,11,5,7,515742,85959,429789,R' D R' D B D2 R' D R B2 R'
2052299,47321651311133,11,5,7,192770,32131,160645,R B R B R2 D' B2 D R2 B' D'
2058257,47352612123131,11,6,6,165587,27601,137991,R B R D' R' D R2 D R2 B' D2
2058374,47352612311132,11,6,6,170561,28429,142137,R B D R' D' R D2 R D2 B' D2
2058393,47352612313211,11,6,6,322362,53729,268638,R2 B' R2 B' R' D' R D2 B D' B
2065678,47512632312323,11,6,6,163750,27294,136461,R B R2 D2 R D' R' D2 R' D B'
2087522,47621532232331,11,6,6,150166,25031,125140,R B R' D R' B' R' B D2 R D'
2087749,47621533231121,11,6,6,156789,26136,130658,R B2 R B' R D R2 B' R B D2
2092633,47632152233321,11,6,6,159409,26571,132843,R B R D2 B' R B' D R' D2 B
2092812,47632153212311,11,6,6,195976,32666,163315,R B' D2 B' R B2 R B2 D B R2
2092867,47632153232321,11,6,6,180340,30060,150285,R B' R2 D' B R B R2 B D' B
2093543,47632513212332,11,6,6,252417,42072,210350,R2 B2 R' B' D' R D2 R D2 R' D2
2096989,47652132231323,11,5,7,195644,32609,163041,R B R2 D2 B2 D' R D' R' D B
2099363,47653213211231,11,6,6,244652,40778,203879,R2 B D2 R' D R D2 B R B' D'
2099421,47653213232111,11,6,6,143198,23870,119333,R B R B D2 B R' B' R' D2 R2
2110480,51264731113322,11,6,6,165785,27634,138156,R B R' D' R D2 R B D2 B2 R'
2110803,51264732213311,11,6,6,156329,26058,130276,R B R B2 R2 D2 R' D' R D' B
2111603,51267342312233,11,4,8,275875,45980,229902,R B' D B2 D B' R D' R' B2 D2
2117098,51324671211122,11,6,6,179876,29982,149899,R B R' B' D B' R B2 D2 R' D'
2117349,51324672212111,11,6,6,232421,38739,193687,R D R' B' D' B R2 D' B R2 B'
2117526,51324673113311,11,6,6,273900,45653,228252,R2 B R2 B' D2 R B' D2 B R D'
2117746,51324761111123,11,5,7,202386,33734,168658,R B R' D R B2 D2 R' D2 R D
2118257,51324763113332,11,5,7,194924,32490,162440,R B R' B' D B D' B2 R2 B R2
2121723,51342672212111,11,6,6,221813,36972,184846,R B' D R B2 R' B R2 D' B2 D
2122780,51342763312223,11,5,7,393225,65540,327691,R' B R' D R B2 D' R D R2 D'
2128761,51367241211113,11,6,6,159082,26516,132571,R B D' R2 D B2 R' B D B D'
2134628,51423671221331,11,6,6,168300,28053,140252,R B D2 B2 R D' B2 R B R2 D2
2136699,51426731111111,11,6,6,197900,32987,164918,R B D R2 D R' B' D R' B2 R2
2137359,51426733312211,11,6,6,179575,29932,149648,R B2 R' B D2 B' R D2 B' R' B
2147694,51472361131313,11,4,8,238920,39822,199105,R B2 R B R' B D' R2 D' B D'
2149071,51472633331312,11,4,8,226716,37788,188935,R B R2 D2 B D2 B R D' R B'
2152197,51623471321111,11,6,6,144012,24006,120011,R B R2 B' R B' D' B2 R B' R
2153410,51623743313321,11,5,7,211634,35275,176365,R B R' D B' D' R B2 R B D'
2154367,51624731312123,11,5,7,205173,34199,170980,R B2 R2 B R2 B' R2 D B' R2 B2
2154888,51624733323113,11,5,7,223678,37280,186404,R B' D' B D2 R' D B' D' R2 D'
2157323,51632741323232,11,6,6,159904,26654,133255,R B D' R2 B D R' D R2 D' R
2160798,51642371122313,11,5,7,215115,35855,179266,R B2 D2 R' B' D R' B2 D2 R D
2161510,51642731113322,11,5,7,234700,39118,195588,R D B2 D2 R' D B' R' B R2 D'
2163695,51647231113232,11,6,6,153859,25645,128219,R B R2 D2 B D2 B R' D' B2 D
2170779,51723643131311,11,4,8,225655,37612,188050,R B R' B D R' B2 R' D2 R D
2171245,51724362122222,11,5,7,195418,32572,162852,R B D' B2 D B R2 B R' B' D
2171478,51724363121213,11,5,7,191893,31984,159915,R B D' R2 D B R2 B D' B' D
2173686,51726433123313,11,5,7,227647,37943,189710,R B D2 B2 D' R B2 D' R2 D B
2175123,51732643121213,11,4,8,237947,39660,198294,R B D' R B' D' R D2 R D R'
2179436,51742632323231,11,5,7,188143,31359,156790,R B2 R' B2 D2 R' B2 R' D' B2 D2
2179439,51742632323333,11,5,7,204252,34044,170214,R B2 D' R' D2 R D2 B' R B D2
2187873,52134761232113,11,6,6,180605,30103,150507,R B D' R' D R2 D B D2 B2 R'
2195052,52147631121311,11,5,7,182814,30470,152350,R B2 R2 D2 B R' D B' D2 B D'
2195076,52147631131211,11,5,7,190887,31816,159077,R B2 D B' D B' R2 B D' B' R
2195102,52147631211131,11,5,7,164242,27377,136871,R B R B' D2 R B' R B' D B2
2195182,52147631311121,11,5,7,167715,27954,139767,R B R2 B' D B2 D R2 D2 B' D'
2195262,52147632111113,11,5,7,181471,30249,151228,R B2 R' B R B D' R D' R2 B
2195505,52147633111112,11,5,7,233935,38990,194951,R D2 R' D B D B' D R' D2 B
2195758,52163471112122,11,6,6,189894,31653,158246,R B2 R' D' R2 B2 D R B R' B2
2195847,52163471213111,11,6,6,163107,27187,135925,R B R2 B' D B' D R2 B2 D2 B'
2195919,52163471312111,11,6,6,160924,26823,134106,R B R B2 D2 B D B' R2 D2 B'
2195983,52163471333123,11,6,6,148825,24807,124023,R B R' D B2 D' B2 R D R B'
2195997,52163472111311,11,6,6,162505,27087,135423,R B R D2 B' R D' B' D2 R B
2196049,52163472131222,11,6,6,159686,26619,133072,R B D2 R2 D R B2 R B R2 B'
2196237,52163473111211,11,6,6,172249,28711,143543,R B D B2 R' B D' R' B2 D B
2196242,52163473111331,11,6,6,170196,28369,141832,R B2 R B R2 B' D2 B D' B' R2
2196349,52163473221323,11,6,6,159583,26601,132987,R B R2 B' D R2 B' R2 B D B2
2196449,52163473323332,11,6,6,273860,45647,228218,R2 B2 R' D R2 B' R' D' R2 B R
2198939,52167342121232,11,4,8,225483,37582,187908,R B R' D B R2 D2 B' R2 B2 D'
2199669,52167432121313,11,5,7,202795,33802,168999,R B2 R' D R' B2 R B2 D' R D'
2199676,52167432122222,11,5,7,247708,41286,206428,R D2 R' B2 D R D2 R2 D' B' D2
2199693,52167432131213,11,5,7,215706,35954,179758,R B' D2 R B R2 B' R' D2 R' B'
2199959,52167433133333,11,5,7,239478,39915,199569,R D B2 D2 B R D R' D2 R' B
2200103,52167433331333,11,5,7,205459,34245,171220,R B' R B2 D' B2 D R' B D2 B'
2202922,52174633223123,11,6,6,213206,35537,177674,R B' R' B' R D' R' D2 R' D' R
2205150,52314673311311,11,6,6,337776,56297,281484,R2 D B' R' D' B D2 R' B D2 B'
2205424,52314761322122,11,5,7,192036,32008,160034,R B2 R2 B D2 B' D2 R D' R2 D2
2208870,52341671111111,11,6,6,537872,89647,448230,B R' B2 R' D' B' R D2 B R' D
2208909,52341671122211,11,6,6,196538,32759,163784,R B2 D' R2 D' R D' B' R2 B R2
2209038,52341671311313,11,6,6,159586,26602,132989,R B R2 B' R B2 D' R2 D R B2
2209194,52341672211112,11,6,6,198425,33072,165358,R B2 D' R2 D' B D' B' D2 B R2
2209263,52341672232313,11,6,6,184374,30732,153647,R B2 R D R2 D' R2 D R' B' D2
2209324,52341672323222,11,6,6,200850,33479,167376,R B' R' D R' B' D R B2 R2 B
2209326,52341672323312,11,6,6,264008,44004,220009,R2 B R2 D B2 D R' B D2 B D
2209428,52341673133111,11,6,6,169339,28227,141117,R B D2 B' D R2 B' R2 B R B2
2209503,52341673232213,11,6,6,180687,30118,150574,R B2 R B D2 B' R2 B R' B' D2
2209508,52341673232333,11,6,6,161131,26858,134278,R B R B2 D' R D' B' R2 D B
2209566,52341673323212,11,6,6,259325,43225,216105,R2 B R D2 R B' R D2 R B2 D
2213520,52361472121313,11,6,6,245674,40947,204732,R D B2 D2 B' D' B2 R B2 R' D2
2213547,52361472131312,11,6,6,203091,33850,169246,R B2 R2 D' R D' B' R D2 B' D'
2216485,52367142211121,11,5,7,207576,34599,172983,R B2 R B' D2 R' B' R' B2 R' D
2217335,52367412322232,11,5,7,174226,29041,145191,R B D2 B' R B2 R D2 R2 B' R
2219092,52374161112323,11,6,6,180062,30013,150054,R B R D2 R D' B' D R' D2 R2
2221870,52376413222223,11,4,8,194735,32459,162283,R B R' D' R B D2 R2 B2 R' B
2232782,52463173212332,11,6,6,233100,38852,194253,R2 B R' B' D' R B2 D' B D2 B'
2233511,52463713212332,11,6,6,234030,39009,195026,R2 B R2 B' R2 D B' R2 B R B'
2235969,52471631223113,11,6,6,175367,29231,146141,R B' R2 D R' B D' R' B' R D2
2236050,52471631323112,11,6,6,179825,29974,149856,R B' D2 R D' R B' R' D' R B2
2241372,52614372313211,11,5,7,291160,48528,242638,R D R' B D B2 R' D B D2 B'
2249547,52641733212311,11,5,7,170378,28398,141986,R B R' B' D' R2 B2 D' B D' B
2249602,52641733232321,11,5,7,173452,28912,144546,R B2 R D R' D2 R B R2 B2 D'
2255428,52673413232123,11,6,6,161883,26983,134905,R B R2 D' R2 D' R D R' D2 B2
2257135,52713461232323,11,6,6,159753,26630,133128,R B R2 B' D2 R2 B R' B' R2 B
2258586,52714361232113,11,4,8,263902,43985,219924,R D B2 D2 R' B R' B' R D2 B'
2259760,52714633213223,11,5,7,173246,28877,144375,R B2 R' B' D2 R D' R2 D R' B2
2259784,52714633223123,11,6,6,173464,28914,144555,R B2 D2 R2 B D R' D2 B R' B
2262240,52731641233112,11,6,6,152622,25439,127188,R B R' D' B D' B D2 R2 B' D
2262294,52731641323112,11,6,6,147108,24521,122592,R B R' B' R B' D B2 R2 D' B
2264477,52736141322233,11,5,7,173260,28879,144387,R B R2 B2 D' B D' R' D R2 B'
2266158,52741362313211,11,5,7,200065,33346,166725,R B D R2 D B2 D R' D2 B2 R'
2266159,52741362313223,11,5,7,227750,37959,189797,R D B' D' B' R2 D2 B' R B' D
2266748,52741632122333,11,5,7,256209,42704,213511,R B R2 B2 R D B2 D2 B' D2 R
2266756,52741632123323,11,5,7,316416,52738,263684,R D R2 D2 R B D2 B2 D' B2 R
2266797,52741632212213,11,5,7,268042,44675,223373,R B D2 R D' R' D2 R' D2 B D'
2266799,52741632212231,11,5,7,278671,46448,232229,R B2 R' B R' B' R D R' D B'
2266851,52741632232211,11,5,7,259747,43294,216459,R B R2 D R' B' R2 B' D2 R D'
2267060,52741633221233,11,5,7,255673,42615,213064,R B D R2 B2 R' B' R2 D' R' D
2267133,52741633313312,11,5,7,252195,42035,210166,R B R' B D B2 D B' D2 R2 B
2267134,52741633313321,11,5,7,271868,45315,226559,R B D' R D' R' B R B' R B2
2267140,52741633321223,11,5,7,300679,50115,250570,R B' D B' R2 B R2 B' D2 B D'
2267160,52741633323311,11,5,7,262782,43799,218989,R B D' R D R2 D B' R2 D2 B
2267922,52743611111213,11,5,7,174385,29066,145325,R B D B' R2 B D' B D' B2 R
2267925,52743611111312,11,5,7,215416,35904,179518,R D B D' R2 D R' D B' D2 R
2267930,52743611112131,11,5,7,174250,29043,145213,R B D2 B' D B R2 D' B' D R
2267938,52743611113121,11,5,7,219124,36523,182607,R D B2 D' B D R2 B' R' B R
2268216,52743612131111,11,5,7,166114,27689,138431,R B R2 B' R D2 R B2 R2 D' B
2268432,52743613121111,11,5,7,201177,33532,167651,R B' D B R2 D' B R' B R2 B'
2270838,52761431111213,11,5,7,173064,28845,144225,R B D2 B' D B2 D B2 D2 R' B'
2270841,52761431111312,11,5,7,174253,29043,145216,R B D B' D2 R D' B D' B D2
2270846,52761431112131,11,5,7,181308,30221,151093,R B2 R2 D2 B R' B R' D2 R B'
2270854,52761431113121,11,5,7,183756,30629,153133,R B2 D R' D B' R2 B R' B' R
2271132,52761432131111,11,5,7,176510,29420,147096,R B D' B2 D' B2 R D' R' B R'
2271348,52761433121111,11,5,7,169523,28256,141273,R B R' B' R B2 D' B2 D' B R'
2272175,52763143222331,11,6,6,267780,44631,223154,R2 B' D B D2 B' R D2 B' D2 B
2272416,52763411222312,11,6,6,354796,59136,295665,R2 B R' D' R B' R2 D2 R D' R
2272528,52763411333123,11,6,6,241440,40243,201202,R B D2 R2 B2 D R D' B D' R
2272896,52763413222112,11,6,6,366940,61159,305786,R2 B D' B' D B' R2 D2 R B' R
2272911,52763413223312,11,6,6,365953,60995,304963,R2 B D' R B2 R2 D' R D' B' R
2272983,52763413322312,11,6,6,355171,59199,295977,R2 B R' B R2 B2 D' R B' D' R
2276078,53126471231231,11,6,6,216365,36064,180306,R D2 B R2 B' D R' B R' B' R'
2276080,53126471231321,11,6,6,172890,28818,144077,R B R' B2 D2 R' D' R D' B R
2276134,53126471321321,11,6,6,185064,30848,154221,R B' R' B2 R D R2 B' R2 B D2
2280605,53146272123233,11,4,8,244517,40756,203768,R D R B2 R' D R2 B' R2 B R'
2282060,53147262123131,11,6,6,170205,28370,141840,R B R2 D' R2 D' B D R' B2 D2
2284618,53162743312223,11,5,7,398529,66425,332110,R' B R' B D R2 B' D R B2 R'
2307127,53274163211222,11,5,7,221536,36926,184616,R B2 R B2 R2 B R2 D' R2 D2 B
2314035,53421671321111,11,6,6,227602,37936,189671,R2 B R D' B2 D B' D R B2 D2
2314040,53421671321231,11,6,6,151654,25279,126380,R B R2 D2 B R2 B R' D' R2 D
2315318,53426171112233,11,5,7,175444,29243,146207,R B R2 B2 D' R B' D' R D2 B'
2320432,53462711113322,11,5,7,228643,38109,190540,R D R2 D2 B' R D' R' B D2 R'
2322054,53467211321111,11,6,6,144735,24126,120614,R B R2 B' D R' B' D2 R D' R
2325717,53476121323112,11,6,6,188895,31484,157416,R D R2 D2 B' D B2 D' B R2 B'
2325724,53476121323322,11,6,6,194586,32433,162158,R D R2 D2 B' R B2 R' D B2 D'
2329246,53614721212121,11,4,8,241131,40191,200947,R B2 R B2 R2 B' R2 D B2 D2 R'
2331562,53621471331221,11,6,6,158354,26395,131964,R B R D' R2 B2 D B' R' D B2
2337174,53642171111111,11,6,6,195206,32538,162673,R B R' B2 R D' R D R2 B2 D'
2341902,53672142221213,11,4,8,326293,54384,271916,R2 B R B' D B' D R' D B2 R
2347047,53714622233111,11,3,9,268423,44738,223693,R B' R D2 R D' R D' B' R2 D2
2349456,53721463223312,11,6,6,199823,33308,166520,R B2 R B2 R2 B R2 D R2 D2 B
2351295,53724612121112,11,4,8,237360,39562,197805,R B D' R B R2 D2 B' R2 B2 D'
2352475,53726143333121,11,5,7,170689,28452,142243,R B R' D2 R B R2 B R' D' R
2354148,53741621323112,11,6,6,175289,29218,146076,R B' R2 D R' D B' R' B' R B2
2354166,53741621332112,11,6,6,180803,30135,150673,R B' D2 R D' B D' B' D' R D2
2355857,53742612323333,11,5,7,207534,34591,172949,R B2 R B' R2 D' B' R' D2 R' D
2357859,53761242121211,11,4,8,235373,39232,196148,R B R B2 R2 B' D2 R B D B2
2357940,53761242221213,11,4,8,249225,41540,207692,R B2 R' D' R B' R D2 R D' R
2358021,53761242321212,11,4,8,233585,38935,194657,R B R B2 R B R B2 D' R B'
2359655,53762143222331,11,6,6,199190,33200,165995,R B D' B' D B R' B2 D2 B D2
2360458,53762413322123,11,5,7,218293,36383,181916,R D R' D B2 D' R D' B D B2
2362606,54123673233323,11,5,7,190317,31723,158600,R B' R D R2 B' D R' B R2 B'
2363638,54126371331221,11,6,6,161021,26840,134186,R B R' B' D R D' R D2 R' D
2365905,54127632131213,11,5,7,231662,38613,193055,R B' D B R' D' R B R' D R2
2365968,54127632222212,11,5,7,219782,36632,183156,R B' R D R' D' R D B' D B2
2366148,54127633131212,11,5,7,231502,38586,192922,R D R2 D2 R' B' D2 R D2 R' B2
2366171,54127633133333,11,5,7,242643,40442,202207,R D B2 R' D B D B2 D2 R' B
2366331,54127633333313,11,5,7,225513,37587,187932,R B' D2 B' D B R D2 R2 D B
2372242,54163271133221,11,5,7,178533,29758,148781,R B2 D R' B R D2 B' D R D2
2372562,54163272233111,11,5,7,232486,38751,193741,R D R B R' B2 D' B R D R
2373651,54167231121113,11,6,6,161823,26973,134855,R B R2 B' R D' B R2 D2 B2 D'
2373678,54167231131112,11,6,6,164212,27371,136846,R B R D2 B2 D B D' R2 B2 D'
2373735,54167231221211,11,6,6,175146,29193,145958,R B2 R' D' B2 R2 D B D R' D2
2373861,54167231333213,11,6,6,162139,27027,135117,R B R' B D R B2 D' R D2 R'
2373876,54167232112112,11,6,6,174081,29017,145069,R B2 R' B' D2 R2 B R D R' D2
2373945,54167232133313,11,6,6,184587,30767,153825,R B2 R2 D B D' R2 D' R' D2 R
2374101,54167232333113,11,6,6,161191,26869,134327,R B R' B R2 B' R2 D B R D'
2374262,54167233232333,11,6,6,207954,34662,173297,R B' D' R B2 R B D' B' R2 D
2374329,54167233331213,11,6,6,183483,30584,152904,R B2 R2 D R B' D2 B' R' B2 R
2376366,54172633132313,11,4,8,226727,37791,188943,R B D2 R B D2 R' B R2 B2 D
2382771,54217362233213,11,5,7,374016,62339,311683,R2 B' R2 B R' D B' R2 B' R B'
2383410,54217632132212,11,4,8,334497,55752,278752,R2 B R' B R' D' B R2 B D R'
2383875,54231671123111,11,6,6,173710,28955,144760,R B2 D' R B D R2 D R' B' D
2384362,54231673123121,11,6,6,152138,25360,126783,R B R' D R D B2 R2 B D2 R2
2388736,54261373123121,11,6,6,165038,27510,137533,R B R D R2 B' R2 B R2 D' B'
2389316,54261732231233,11,5,7,204059,34011,170054,R B R' D B' R D' B2 R2 D' B'
2395896,54276132233312,11,5,7,198608,33104,165510,R B2 R' B R' B2 D' B R' D2 R2
2397014,54312671131331,11,6,6,170773,28466,142312,R B R' B D2 B' D R' B R B2
2397285,54312672212111,11,6,6,186833,31141,155697,R B R' D' R' D R2 B' D B2 D'
2397606,54312673311311,11,6,6,317631,52941,264695,R2 B' R D B2 D' R B2 D' R2 D
2399886,54317261113112,11,6,6,152787,25467,127325,R B D2 B' R D' R' B2 D B' R
2400601,54317621111222,11,5,7,200261,33379,166888,R B D R' D2 B2 R D' R' B D2
2401662,54321672212213,11,5,7,270981,45167,225820,R B D' B R' B R B2 D2 R2 B
2401664,54321672212231,11,5,7,253725,42290,211441,R B R2 D2 B2 R B D' R D' B
2401716,54321672232211,11,5,7,265146,44193,220959,R B R' D B' R D B2 R2 D2 B
2401998,54321673313312,11,5,7,384160,64029,320137,R2 B R' B' D B' D2 R2 D R' B
2401999,54321673313321,11,5,7,394951,65827,329130,R2 B R' D B2 D2 R' D B' R' B
2402025,54321673323311,11,5,7,393478,65581,327903,R2 B D' R' D B' R2 D2 R D' B
2402140,54321761211221,11,6,6,165750,27628,138127,R B R B' D B' D2 R' D R2 B'
2402559,54321763113113,11,6,6,224167,37364,186808,R D R' B D2 B' R D' B R B2
2402789,54326171111231,11,6,6,225457,37579,187883,R2 B R B' D2 B D' B R B2 D2
2402798,54326171112233,11,6,6,159893,26651,133247,R B R' D2 R' D2 R D' B' D' R
2402978,54326171321231,11,6,6,162536,27092,135449,R B D' R2 D' R2 D R' B' D' R
2403525,54326711112212,11,5,7,207320,34556,172770,R B D' B R2 D' R B' D2 R2 B
2405345,54327612223232,11,5,7,181243,30211,151038,R B2 R' B D R B' R B' D2 R
2406074,54361272223232,11,5,7,184772,30798,153980,R B2 D2 R' B D R2 D2 B R D
2407178,54362171113133,11,5,7,192494,32085,160415,R B R B D' B2 D R' B R' D'
2407892,54362711111231,11,6,6,153991,25668,128328,R B D' B2 R D R' B D2 B' R
2408094,54362711323112,11,6,6,188010,31337,156678,R D R' D' R D' B R2 D2 B' R
2408628,54367121112212,11,6,6,228696,38118,190583,R B' D' R2 D B R2 D' R2 D B2
2408637,54367121113211,11,6,6,188595,31436,157164,R B D' B2 R2 D' R' B R' B R
2408642,54367121113331,11,6,6,260684,43449,217240,R D2 B D2 B' D R' D R' B' R'
2408941,54367122211121,11,6,6,209094,34852,174247,R B2 D' B' R2 B D2 R' B R D2
2409021,54367122311111,11,6,6,188860,31479,157386,R B2 R' B2 D2 R' D2 R' D' R2 D2
2409264,54367123311113,11,6,6,188135,31360,156780,R B D2 B2 R B' R B' R D R
2409412,54367211132222,11,5,7,255376,42565,212817,R B D B2 R2 B' R B' D' B2 R'
2409452,54367211213333,11,5,7,318978,53164,265820,R D B2 D2 B D R2 D2 R' D2 B
2409464,54367211222132,11,5,7,260351,43394,216963,R B R' B D' B' D B R' B D2
2409582,54367211333213,11,5,7,277243,46210,231039,R B2 R' D B' R' B R B' D R'
2409676,54367212211322,11,5,7,317040,52843,264203,R D R2 D2 R B R2 B2 R' D2 B
2409724,54367212231122,11,5,7,270045,45009,225042,R B D2 B2 D B D2 B2 D' R2 B
2409744,54367212233213,11,5,7,259636,43275,216367,R B R2 D R' D' R2 D' R2 B D'
2409816,54367212332213,11,5,7,266719,44455,222270,R B D2 R D' B' R2 B' D2 R D'
2409822,54367212333113,11,5,7,279691,46618,233079,R B2 R' B D' R' B R D' B R'
2409844,54367213112222,11,5,7,300934,50158,250782,R B' D R' D2 R B2 R' D2 R D'
2410004,54367213312133,11,5,7,294754,49130,245630,R B' R B' R2 B R2 B' R2 B R'
2410100,54371261113331,11,5,7,196938,32826,164118,R B R2 B2 D B' D2 R D R2 B2
2410821,54371621113112,11,6,6,230869,38481,192393,R2 B D B' D2 B R' B R B2 D2
2410828,54371621113322,11,6,6,158334,26391,131948,R B R2 B' R2 D2 B D' B' D2 B
2413193,54376121322233,11,5,7,184861,30812,154055,R B D2 B2 R' B R' D' B R2 D'
2413721,54376211111132,11,6,6,189951,31661,158295,R B2 R2 D2 B' R B D' B D' R2
2413723,54376211111222,11,6,6,175164,29196,145973,R B R B2 R' D' B2 D' B2 D B2
2413739,54376211113133,11,6,6,198125,33022,165108,R B2 D B2 D' B R' D B' D' R'
2414463,54612371112311,11,5,7,281023,46839,234190,R2 B R2 B2 D2 R' D' R D' B D2
2414810,54612372222131,11,5,7,207174,34532,172648,R B D R B2 D B' D2 R2 B' R
2415433,54612732112223,11,5,7,195764,32629,163141,R B2 R' B D' R2 B' D B' D2 B2
2415864,54612733322213,11,5,7,198359,33062,165303,R B2 R' D R' B2 D' R B' D2 B2
2418900,54621371133311,11,6,6,182770,30463,152312,R B D' B D2 B' D B' D R D2
2419147,54621372211121,11,6,6,199975,33333,166647,R B' R D R2 B2 D R B2 R2 D'
2426904,54637211132111,11,6,6,154495,25752,128748,R B R' B2 R D2 B' D B R D'
2427924,54671232221213,11,4,8,210468,35081,175394,R B R2 B D R' B2 R' B' R2 D2
2432157,54712361323313,11,5,7,199623,33272,166357,R B2 D2 R' D' R D' B2 R2 D B
2432320,54712362223322,11,5,7,209524,34924,174606,R B2 R2 B D2 B D2 R' B R2 B2
2435220,54716232222113,11,5,7,207284,34550,172740,R B D' R B' R B' R2 D2 B' R'
2435605,54716321112323,11,6,6,200636,33442,167199,R B D' B2 D B' R B D2 R2 B'
2436016,54716322313223,11,6,6,165638,27609,138034,R B D B2 D2 R2 D' B' R B' R
2437047,54721631111111,11,6,6,639792,106635,533162,B2 R' B R' D' B R2 B R B D'
2437084,54721631122121,11,6,6,187448,31244,156209,R B2 D' R D2 R' D' B R' B2 R2
2437211,54721631311133,11,6,6,177835,29642,148198,R B D2 B' R D2 B' R2 B R D2
2437367,54721632133232,11,6,6,173385,28900,144490,R B2 R' B' R2 D2 B R D B' D2
2437384,54721632212222,11,6,6,185010,30838,154177,R B2 R2 D R D' R2 D' B' R2 B
2437385,54721632212231,11,6,6,161305,26887,134423,R B R' D R B R2 D' B D2 B'
2437675,54721633231322,11,6,6,172124,28690,143439,R B D B' R2 D2 R B D2 B D2
2437720,54721633313321,11,6,6,185040,30843,154202,R B2 R D' R D' B' R B' R D2
2437775,54721633333331,11,6,6,162569,27099,135475,R B R2 D2 R B R2 B D R2 D'
2438808,54723612131312,11,5,7,250354,41727,208633,R D2 R' D2 B R D2 R2 D' R' D2
2438860,54723612221222,11,5,7,204856,34145,170717,R B2 R' D B' R2 B R2 D' R D'
2438868,54723612222212,11,5,7,209757,34961,174802,R B' R2 B' D' B2 D B R2 D' R'
2439024,54723613121312,11,5,7,230249,38377,191878,R D B2 R' D' R2 D R B2 R D'
2439231,54723613333313,11,5,7,232562,38761,193807,R D B2 R' D' B2 D B D2 B R'
2445757,54761233322321,11,5,7,178969,29829,149146,R B D' B2 R2 D' B D' B' D R2
2449157,54763212322232,11,5,7,170147,28359,141794,R B R' B2 R' D2 B D' B' D B'
2449563,56123471222312,11,6,6,248675,41448,207232,R B D' B D' R' B D R' D B2
2449570,56123471223221,11,6,6,236032,39342,196695,R B R B2 D2 B' R' B2 D' R' B
2449664,56123471331332,11,6,6,302160,50361,251804,R D B2 D2 B D B2 D2 B' R2 D
2449675,56123471333123,11,6,6,259495,43253,216247,R B2 R' D R' B' R B R' D R'
2449882,56123472322121,11,6,6,249588,41601,207992,R B D2 B2 D B R2 B2 R' B2 D
2449907,56123472331331,11,6,6,234192,39036,195161,R B R2 B2 R D R2 D2 R' B2 D
2450000,56123473133132,11,6,6,275749,45960,229794,R B' R D' R2 D B2 D' B2 D R'
2450003,56123473133231,11,6,6,232120,38689,193436,R B R D2 B2 D' R' B2 D' B' R
2450043,56123473222112,11,6,6,239948,39994,199959,R B R' D R' D' B R B' D B2
2450058,56123473223312,11,6,6,239349,39895,199459,R B R' D R D2 R B' R2 D2 B
2450130,56123473322312,11,6,6,248169,41364,206810,R B D' B D R2 D B' D2 R2 B
2450903,56124371111231,11,6,6,150226,25042,125189,R B R' B2 D B R' B R2 B' R
2451049,56124371232323,11,6,6,206514,34422,172097,R D R' B' R D' B D2 R2 B' R
2453803,56127433332323,11,5,7,184186,30700,153492,R B2 R2 D2 B D' R B' D2 B R
2454299,56132472333332,11,5,7,187245,31210,156041,R B2 D2 R2 B D' R B2 D' B R'
2454381,56132473211111,11,5,7,181745,30292,151459,R B D' B' D' R2 B2 D' R D' B
2454402,56132473213211,11,5,7,181750,30293,151463,R B2 R D B' D2 B D B2 D2 R'
2460364,56143273332323,11,5,7,227404,37902,189508,R D2 R' B D B D' B R' D2 B
2461223,56147231222132,11,5,7,402607,67103,335510,R2 B D' B R2 B2 D' R D' R' D
2461341,56147231333213,11,5,7,250041,41677,208370,R B R2 D2 B2 R B R' B D' R
2461503,56147232233213,11,5,7,260568,43432,217142,R B R' B R' B D R2 B2 D2 R
2461575,56147232332213,11,5,7,269355,44896,224465,R B D' R B' R B R2 D2 B2 R
2461581,56147232333113,11,5,7,260880,43484,217402,R B D2 R2 B2 D R B' R B' R
2462315,56147322333233,11,5,7,233180,38865,194321,R D R' D' B' D R2 B' R D2 R'
2464767,56173421113112,11,6,6,152394,25401,126998,R B D2 B' D R' D' B2 R D' R
2465936,56174232323333,11,5,7,205798,34302,171502,R B' D B R2 D2 B R B2 R2 D'
2466351,56174321232113,11,4,8,252814,42136,210685,R D R2 D2 B' D R' D' B D2 R'
2466936,56213471111111,11,6,6,208861,34812,174054,R B D' B2 D B2 R' D R D B'
2468339,56213743313333,11,4,8,245006,40838,204175,R B R2 B' D2 R2 B R B' R B'
2477700,56243173133111,11,5,7,223181,37199,185988,R B' R2 B D2 B2 D R2 B D2 B'
2478392,56243713121333,11,4,8,228518,38088,190437,R B R2 D B D2 R' D B2 D2 R
2479082,56247132333233,11,5,7,188036,31340,156702,R B D' R' D' R D2 B' D B2 D'
2481279,56271433111313,11,4,8,250899,41819,209087,R B2 R B2 R2 B' R2 D' R2 D2 B
2481324,56271433123313,11,4,8,244602,40769,203840,R B2 R2 D' B R' B' D R D' R
2481342,56271433132313,11,4,8,257208,42869,214346,R B2 R2 D' R D' B' R D B' D
2483435,56274132331133,11,5,7,199566,33263,166309,R B R D B2 R D' B2 R2 D' B
2484129,56274312313211,11,5,7,292318,48722,243602,R D R' D B D2 R' D R B2 R'
2489452,56321473233323,11,5,7,166672,27781,138897,R B R' D2 R' D R B2 D' B D
2489859,56321742211112,11,5,7,248600,41435,207171,R D R D2 R' B R2 D' B2 D B'
2490380,56324171221331,11,6,6,163223,27207,136021,R B R' B R2 D' B D' R2 B2 D
2492540,56327411211332,11,5,7,164571,27431,137146,R B R' B' D B R2 D2 B2 R D
2493036,56327413213112,11,5,7,162610,27105,135511,R B R' B2 D2 R' B R' B' R D2
2493696,56341273121213,11,6,6,238308,39721,198592,R D B2 D2 B R B R' D2 R' B
2493723,56341273131212,11,6,6,213699,35620,178084,R B' R2 D2 R B D R' B2 D B
2496578,56347122333233,11,4,8,213830,35640,178197,R B' R B D2 B' R B2 D' B2 D
2496924,56347211213111,11,6,6,168506,28088,140423,R B D R' B D R' D R2 D2 R
2496944,56347211222132,11,6,6,172212,28706,143511,R B2 R B' D R' B' D R' B R2
2496996,56347211312111,11,6,6,159573,26599,132979,R B R B' R2 B' D' R D B2 R'
2497043,56347211331131,11,6,6,155141,25861,129285,R B R D' R2 B2 R D R2 D R2
2497072,56347212111221,11,6,6,280541,46759,233787,R2 B2 R' B R2 D' B' R' D2 B D
2497074,56347212111311,11,6,6,211893,35318,176580,R B' D' B R2 B R D' B' D2 R
2497118,56347212123233,11,6,6,194639,32443,162201,R B2 D' R B2 R' B' R B' D2 B2
2497216,56347212232223,11,6,6,187152,31194,155963,R B2 R D B2 D' R2 D B' R' D2
2497314,56347213111211,11,6,6,202980,33833,169152,R B' R' B R2 B D B' D' B2 R
2497373,56347213131332,11,6,6,178023,29673,148355,R B2 R2 D B R' D2 R' D' R2 D
2507900,56423171231231,11,6,6,149729,24957,124777,R B R' B' D B' R2 D2 B' R' D
2507902,56423171231321,11,6,6,182796,30468,152333,R B2 R2 D2 B' R D B' D B' R2
2507956,56423171321321,11,6,6,164828,27473,137360,R B2 D R2 D' B D' B R' D' R'
2508013,56423172112121,11,6,6,187905,31320,156590,R B2 D2 R2 B R' D B2 R' D B'
2508310,56423173132121,11,6,6,169796,28302,141499,R B2 R' B' R2 D R' D2 R D' B2
2508318,56423173133111,11,6,6,186154,31030,155129,R B2 D2 R2 B R D' R2 B R' B
2513386,56432713122122,11,5,7,195008,32504,162510,R B2 R' D B' R2 D' R B' R2 B2
2519568,56712341232113,11,6,6,170519,28424,142100,R B R' B' D R2 D R' B R2 B2
2519992,56712343211123,11,6,6,187138,31194,155949,R B2 R' B R2 B' D R2 B' R' B
2524337,56721343123331,11,5,7,201259,33546,167719,R B R2 B2 R' B R2 D' B2 D B
2524946,56721432312233,11,5,7,234407,39071,195342,R D R B' R' D R' D' R B2 R
2526009,56723411113313,11,6,6,173243,28877,144371,R B D R' D2 B2 D B R2 B R2
2526012,56723411121113,11,6,6,176100,29352,146753,R B D B' R2 B' D' B D B2 R'
2526039,56723411131112,11,6,6,161607,26937,134675,R B R D' R2 D' R' D B D2 R'
2526108,56723411222312,11,6,6,158250,26378,131877,R B2 R B' R D' B' D R' D R2
2526270,56723412122312,11,6,6,155165,25864,129306,R B R2 D2 R D B2 D R D2 R'
2526439,56723412323222,11,6,6,169810,28306,141509,R B D R2 B' R B' R' B2 D R
2526582,56723413221212,11,6,6,163667,27282,136390,R B D2 R2 D B R2 B R B2 R'
2526588,56723413222112,11,6,6,161079,26849,134235,R B2 R D' B R' B' D B' D R2
2526687,56723413331111,11,6,6,163901,27322,136584,R B R B' R2 D2 R B R2 B R2
2530152,56732143122113,11,4,8,226021,37673,188355,R B' R' D R2 B' R B' R' B2 R'
2532579,56741231121311,11,5,7,170569,28431,142144,R B R2 B' D B D2 R' B' D R
2532603,56741231131211,11,5,7,221251,36877,184380,R D B2 D' R B D2 R' D' B R
2532629,56741231211131,11,5,7,214852,35811,179047,R D B R' D2 R D' R B' D2 R
2532709,56741231311121,11,5,7,164428,27408,137026,R B R B' R2 B D' R D' B2 R
2532789,56741232111113,11,5,7,188225,31374,156857,R B2 D2 R' D R B2 R2 D R D
2533032,56741233111112,11,5,7,186019,31005,155020,R B2 R2 D2 B D' B R' D2 R D
2536474,56743212122222,11,5,7,205512,34254,171264,R B2 R2 D' B R' B' D R2 B' D'
2536546,56743212221222,11,5,7,243724,40622,203108,R D B2 D2 B' D' R2 B R2 B' D2
2536707,56743213121213,11,5,7,254154,42361,211799,R D B2 R' D R D B2 D2 R' B
2536710,56743213121312,11,5,7,220866,36813,184059,R B' R2 B' R D B D2 B2 D B
2536901,56743213331333,11,5,7,240091,40017,200080,R D R2 D2 R' B' R2 D R2 D' B2
2536920,57123461111111,11,6,6,198271,33049,165227,R B R' D2 R B2 D' R D R B'
2553990,57164322131312,11,5,7,184852,30812,154046,R B R' B2 R D R2 D R' B' D
2556086,57214361323232,11,6,6,153490,25584,127911,R B R' D2 B D B' D R2 D' R
2556939,57214632212213,11,5,7,332279,55384,276901,R2 B R' D R B' R2 B' R2 B R
2561729,57236141113232,11,6,6,167480,27915,139570,R B D' B2 D' R2 D B' R' D' R
2561909,57236141322233,11,6,6,162674,27116,135563,R B R' B2 R' B2 R D' R' D' R
2561918,57236141323232,11,6,6,237823,39640,198188,R2 B D R' B2 R D' B R D2 B2
2564091,57241631322113,11,6,6,147804,24637,123172,R B R2 B2 D' B R2 B' D R2 D'
2564100,57241631323112,11,6,6,143238,23877,119366,R B R2 B2 D' R D2 R' B R2 B'
2566094,57246131112233,11,5,7,185281,30882,154405,R B D2 B2 R' D R' D' R B2 D'
2570704,57264132111323,11,5,7,206482,34418,172070,R B2 R2 B R2 B R2 D' R B2 R2
2577177,57321641311112,11,6,6,171622,28607,143020,R B2 D' R B' D' R D2 R B D
2577422,57321642311132,11,6,6,172271,28715,143561,R B R' B D B D2 R2 D B2 R2
2589027,57364212213311,11,5,7,232877,38814,194069,R D B' R' D' B2 R2 D' R B' D
2589105,57364212313211,11,5,7,196678,32783,163901,R B R D2 R B2 R B' R2 D2 B'
2589391,57364213332122,11,6,6,154142,25693,128454,R B R2 B2 D R' D B' D B D
2622238,57642311113322,11,6,6,172035,28675,143365,R B D' R D2 R2 D B D2 B R'
2624785,61234572231323,11,5,7,189306,31552,157760,R B2 D R2 D' R D' B D' B' D
2625033,61234573232213,11,5,7,170630,28441,142195,R B R D2 B D2 B R' B R2 D2
2626769,61235741313131,11,4,8,298990,49834,249163,R B' D' B D R D2 R2 B' R B
2636695,61257343232123,11,6,6,169911,28321,141595,R B D' B2 D B' R B' R2 B2 D2
2639162,61274351313131,11,4,8,226865,37813,189059,R B D2 R B R2 D' B D2 B2 R
2640094,61274532231323,11,4,8,186468,31080,155395,R B R2 D2 B' R D B' R B2 D
2651047,61352472233321,11,6,6,159241,26544,132702,R B R' B D2 B R B R D2 B2
2651070,61352472313211,11,6,6,315243,52543,262705,R2 B' R2 B' D' B' D R2 B R' D
2669037,61452731311313,11,5,7,232898,38818,194086,R B' R' D' R D' R' B2 R' D' B
2670327,61453721111111,11,6,6,204172,34031,170146,R B D' R2 D B' R D B2 R2 D2
2670489,61453721311112,11,6,6,164538,27425,137118,R B D2 B' D B' D2 R D2 R' B2
2670814,61453723111121,11,6,6,162475,27081,135399,R B D B2 R2 D B R2 D2 B' D'
2673539,61472532123332,11,6,6,181917,30322,151600,R B D R' D R' B D2 B' D2 R'
2673738,61472533112111,11,6,6,154012,25673,128344,R B R B2 D2 R B' R' D R2 B2
2680533,61527431111111,11,6,6,213375,35566,177814,R B' R B D2 R' D R' B D' R2
2683127,61534272311132,11,4,8,212213,35372,176848,R B2 R' B2 R D' B R' B2 R B
2683464,61534721112311,11,6,6,183314,30554,152765,R B2 R' D2 R' D B' D2 R2 D' B
2683470,61534721113211,11,6,6,172861,28814,144052,R B D2 B R' B R' B D2 R' B
2687094,61543271111111,11,6,6,223951,37329,186627,R B' D2 R' B D R B2 R B' D
2687109,61543271112311,11,6,6,189460,31579,157886,R B' R2 B' D B2 D B2 R D B2
2691160,61572432312323,11,5,7,173200,28869,144337,R B R2 B' D B2 R' B' D2 B R'
2701556,61734523222331,11,6,6,235757,39296,196466,R2 B R B' R D B2 D2 R' B' D
2712319,62134572321323,11,5,7,225517,37588,187935,R B' R D R' B2 D2 B D' R2 D'
2713375,62135471122121,11,6,6,185412,30904,154513,R B2 R2 B' D' B R2 D' B D B2
2713646,62135472132131,11,6,6,159819,26638,133186,R B D R2 D' R' D2 B D2 B' D2
2713862,62135473122131,11,6,6,154474,25749,128730,R B R B' D2 R2 D R' D R2 D2
2713870,62135473123121,11,6,6,201754,33628,168131,R D R B' D B' D R2 D' B2 R
2713880,62135473131131,11,6,6,185225,30873,154357,R B2 R2 B' D B' R2 D R' D' B2
2713888,62135473132121,11,6,6,181171,30198,150978,R B2 D2 R2 D B D B' R B' R2
2713973,62135473232231,11,6,6,170550,28428,142127,R B2 R D2 B2 R' B D' R2 B2 D2
2714029,62135473322321,11,6,6,181844,30309,151540,R B2 D2 R' D' B R' D2 B D' R2
2714678,62135743222331,11,6,6,188250,31378,156877,R B R' B' R D' R2 B2 D' B' R2
2714728,62135743312223,11,4,8,314983,52500,262490,R2 B R2 B2 D2 R' B' D R' B R2
2719702,62147353123121,11,6,6,173608,28937,144676,R B2 D' R' B' D2 R B' D2 B' R2
2719720,62147353132121,11,6,6,146796,24469,122332,R B R B2 D' R B' D B' R' D2
2723491,62154733321121,11,6,6,155057,25846,129216,R B D' R' D B2 D R2 B' R2 B
2723853,62157342132212,11,4,8,220205,36703,183509,R B R2 B R D' B2 D' R' B2 D
2726363,62173543232132,11,6,6,170940,28494,142451,R B2 D R B2 R B2 D2 R B' D2
2726498,62174351122133,11,3,9,238383,39732,198659,R B R2 D2 B R2 B R D' B D'
2727840,62174533311212,11,4,8,215469,35914,179562,R B D' R2 B' R B D' R2 B2 D2
2732787,62317453112111,11,6,6,150892,25151,125746,R B D B2 D B' D' R D' R2 B
2732952,62317453312211,11,6,6,243031,40508,202528,R D' R2 D' B R2 B D2 R B D2
2739349,62351743112123,11,6,6,278952,46494,232463,R2 D R' B R2 D R' B' D' B2 D'
2743152,62371453311311,11,5,7,209189,34867,174328,R B D' B' D R B' D R2 D' R
2744889,62374511322311,11,6,6,147584,24600,122989,R B R' B2 D' B D R' D B2 R2
2745187,62374513112321,11,6,6,173760,28962,144803,R B' R2 B' R' D' R D2 B D' B2
2745342,62374513312112,11,6,6,141033,23508,117530,R B R B2 D R' D B2 D B' D2
2753030,62435172211133,11,5,7,253833,42308,211531,R D R' D2 B2 D R B D' R2 B
2753111,62435172311132,11,5,7,272514,45421,227099,R D B R2 B2 R D R D' B2 D'
2753554,62435711222222,11,5,7,170663,28448,142221,R B R' D R' B R2 B2 R D R
2758456,62453713311122,11,5,7,215282,35883,179405,R B' D B2 R' B D B' R B2 R2
2761112,62471532232133,11,5,7,178095,29686,148415,R B R B2 R B D2 B' R' B2 D
2763115,62475131322323,11,5,7,171794,28634,143166,R B R' D B2 R' B2 R' D B' D'
2769179,62531472321233,11,4,8,189416,31570,157853,R B D' B D R2 D2 B' D' R D2
2775384,62543711211113,11,6,6,185626,30939,154692,R B2 D' B' R' D2 B D' R2 D' R2
2775465,62543711311112,11,6,6,156729,26125,130609,R B R D2 B' R B' R D' R' B2
2778656,62571432321233,11,5,7,232268,38712,193562,R B' D' B2 D B' R2 D B2 D' R2
2789769,62735143223213,11,5,7,208160,34696,173470,R B' D2 B' R' B2 R' B D R2 B2
2801563,63125741112323,11,5,7,314617,52439,262184,R2 B R' B D R2 B2 D' R2 D B
2802092,63125743131233,11,5,7,167162,27865,139303,R B R' B D' R B2 R2 B R B
2802111,63125743133312,11,5,7,177093,29518,147581,R B D2 B D' R' B D' R2 B R'
2803734,63142571111111,11,6,6,193439,32244,161200,R B R' D' B R2 B R B' R2 B2
2803804,63142571132321,11,6,6,268976,44832,224149,R2 B' D2 R B D2 B R2 B D' B2
2804230,63142573112123,11,6,6,261392,43569,217828,R2 B' R2 D B R2 B R2 B D' R2
2812903,63172452312323,11,6,6,155890,25986,129909,R B R B R D2 R B' R D2 B2
2812908,63172452313211,11,6,6,320754,53462,267297,R2 B' R B R' D2 R' D' R' B D2
2815139,63174522332132,11,6,6,170027,28341,141691,R B R2 D' R2 D B2 R' D R B'
2824922,63247511123132,11,6,6,159640,26608,133037,R B D' B D' B' D' R B2 D B'
2826896,63251743133231,11,6,6,240528,40090,200443,R D R' B2 D R' D R D' B2 D'
2845455,63452711311313,11,6,6,184987,30835,154157,R B2 D2 R2 B R B' R2 D B' R
2845768,63452712333221,11,6,6,174478,29082,145401,R B2 R B D' B2 D B D2 B2 R'
2848493,63471522123131,11,6,6,196553,32762,163796,R B' R' B' R D2 R' D2 R' D R
2848655,63471522323132,11,6,6,215470,35914,179561,R D2 B' R B' R' B D2 B D B
2848673,63471522332132,11,6,6,175949,29327,146627,R B' R' D' B R2 B' D2 B' D R
2849957,63472512123332,11,5,7,193574,32266,161314,R B R B2 R' D B2 R' B2 R B'
2853251,63512743313333,11,4,8,250188,41700,208495,R B D' B R B2 D2 R' D2 R2 B'
2860689,63541271212211,11,5,7,295226,49207,246025,R2 B D B' R B R2 B2 D' B' R
2863304,63542713121333,11,4,8,274498,45752,228753,R B' R B2 R D' R B' R' D2 B2
2868905,63574212123131,11,6,6,168889,28151,140743,R B R2 D2 R B' D' R2 D' R D'
2869041,63574212313211,11,6,6,273530,45592,227943,R D' R B R B2 R D' B' R B'
2870424,63712542221111,11,4,8,181907,30320,151594,R B R' B D B2 D2 R' B' R D2
2871092,63714252123131,11,4,8,212021,35339,176689,R B2 R' B2 R B' R D' B2 D B
2871547,63714521112323,11,6,6,205652,34279,171378,R B D2 R' D' R' B R' B R' B2
2872001,63714522332132,11,6,6,155509,25922,129592,R B R D2 R' D R2 B' R2 B D2
2874607,63721541233322,11,5,7,177071,29513,147564,R B D' R2 D' R' D' B D2 R' D
2875692,63724153121213,11,5,7,245116,40854,204268,R D B R2 D2 B D' R D' R D'
2876650,63725141112323,11,3,9,302564,50429,252143,R D R2 B' R B R2 D2 B R' D'
2876788,63725141233121,11,4,8,204952,34160,170799,R B R' B D' B D2 R B' D' B'
2876924,63725142123131,11,3,9,276978,46163,230823,R D B D2 B2 D B R D' R2 D'
2877005,63725142223133,11,5,7,250527,41757,208776,R D R' B2 D2 B R B R' D2 B
2877156,63725143122113,11,4,8,230227,38372,191862,R B2 D' R2 D R2 B' D B2 D2 B'
2877171,63725143123313,11,4,8,323670,53945,269732,R2 B2 D2 B' D R' D2 B' R D' B2
2878459,63741252222323,11,5,7,192120,32022,160104,R B2 D B2 D' R D' R B' R' D
2879111,63741522123131,11,4,8,198252,33045,165214,R B R D2 R B R2 B' R' D2 B
2880427,63742511232221,11,5,7,196197,32701,163502,R B R2 D2 B' D B' R' D2 B2 R
2881533,63745123122212,11,5,7,167859,27979,139886,R B R2 D' B R2 B' D' R2 B2 D
2882824,63751242221321,11,5,7,234337,39057,195286,R B' D B R' B2 D2 B D' B2 D'
2883723,63751423122311,11,5,7,206799,34469,172336,R B D' R B' R B' D2 B D2 R'
2883924,63752141111111,11,7,5,251637,41942,209699,R D R' D B' D R2 D2 R D' R'
2883963,63752141122211,11,7,5,211743,35295,176452,R B' R2 D R' B' R B R' B D2
2883972,63752141123213,11,7,5,165708,27621,138091,R B R' B2 R' D B2 D2 B' D2 R
2884394,63752142332132,11,7,5,152988,25501,127491,R B R D2 R' D' R2 B D2 B' D2
2884459,63752143123223,11,7,5,160314,26723,133595,R B D R2 B2 R' B' R' D R2 D2
2884507,63752143212323,11,7,5,157096,26187,130913,R B R B2 R2 B D R' D B' R'
2884537,63752143223123,11,7,5,184302,30720,153586,R B' R2 B D B2 R2 D2 B D' R'
2884782,63752411223212,11,5,7,161046,26843,134209,R B R D' B2 D' B D R D2 R2
2884890,63752411333213,11,5,7,271433,45243,226196,R2 B2 R' B R D' R2 B2 R B2 R
2885074,63752412312323,11,5,7,210041,35009,175038,R D B2 R2 D B' R B' R2 B D'
2885094,63752412322112,11,5,7,168564,28096,140474,R B D B' D2 B' R D R D2 R2
2885130,63752412333113,11,5,7,270749,45128,225627,R2 B2 R' D R D' R2 B2 R D2 R
2886634,63754213122122,11,5,7,176161,29362,146805,R B R' B D' B2 D B D2 R' D
2888358,64125371131313,11,4,8,276851,46144,230714,R B' D2 B R' D R' B2 R' B R'
2899308,64157321133212,11,5,7,367497,61252,306251,R2 D R2 B2 D' R' D B' R B2 R
2909117,64231572311132,11,4,8,202425,33741,168691,R B D R2 B' R' D2 R B R2 B
2916022,64257131113223,11,5,7,179478,29915,149569,R B D B2 R2 D' B R' B' D2 R2
2918784,64271533221212,11,5,7,190859,31812,159053,R B2 D' R2 B D' R' B D' R D'
2920468,64275131212223,11,5,7,215333,35891,179448,R B D2 R2 B' R' D B' D R2 D
2920546,64275131312123,11,5,7,207955,34661,173300,R B R' D R' D B2 R D' R' D'
2920700,64275132211133,11,5,7,257190,42867,214329,R D B' D2 R2 D B R B' R2 D
2920763,64275132232133,11,5,7,248946,41494,207458,R D R B2 R2 B D R B' D2 B'
2920995,64275133231112,11,5,7,235591,39267,196330,R B2 D' B2 D R2 B' R D2 R2 D'
2921034,64275133312211,11,5,7,198152,33028,165130,R B D2 R' B D B2 R2 D R' B'
2921120,64275311112332,11,5,7,190009,31671,158344,R B2 R2 B R' B2 D R2 D B2 D2
2921224,64275311222222,11,5,7,164646,27443,137209,R B R D2 B2 R' B D' B' R2 D2
2921763,64275313312211,11,5,7,175602,29269,146339,R B D2 B2 R2 D' B' R B' R D2
2926451,64321572111131,11,6,6,211138,35192,175951,R D2 B' R B R D2 R D' B' D
2926514,64321572132131,11,6,6,175421,29241,146185,R B' R2 B R D2 B2 R B D R2
2926613,64321572311132,11,6,6,196724,32792,163937,R B' R2 B D R2 B2 D R B R2
2928910,64325713121222,11,4,8,350358,58395,291970,R2 B D' B R' D' R D2 R B R'
2930888,64351272132131,11,6,6,175961,29329,146637,R B D2 R' D2 R B2 D' B D B'
2934651,64357212313211,11,5,7,202126,33689,168443,R B D B2 D R2 D B' R2 D2 B'
2934853,64357213231322,11,5,7,244445,40743,203708,R D2 B R2 B' R B' D R' B' D'
2934885,64357213312211,11,5,7,223343,37225,186124,R D R' B' D' B2 R2 D' B R' D
2948169,64531271212211,11,6,6,285562,47597,237970,R2 B R2 B2 D R' D' B D2 R B
2948384,64531272132131,11,6,6,160723,26790,133938,R B D R2 D' R D2 B' R2 B D2
2948600,64531273122131,11,6,6,157506,26254,131257,R B R B' D2 R2 D R' D' R2 D2
2948608,64531273123121,11,6,6,206376,34398,171983,R D R B' D B' D R2 D' B2 R'
2948730,64531273311311,11,6,6,172825,28807,144023,R B R D' R D B2 D2 R' D' R
2948736,64531273312211,11,6,6,160693,26786,133912,R B R B' R D2 R' D R' D R2
2953948,64572131122223,11,5,7,175028,29172,145862,R B R' D2 B D' B' R' D B2 D'
2958777,64713253112111,11,6,6,150357,25063,125299,R B D R' B2 D' R B' D' R B2
2974335,65123471112311,11,5,7,169832,28308,141530,R B R' D' R' D2 B2 R' B R' B
2974478,65123471233232,11,6,6,147207,24537,122675,R B R' B D R2 D R' D' B' D2
2974740,65123472312311,11,5,7,176506,29421,147091,R B2 R B R' D2 R B D2 B2 R'
2978784,65132471212112,11,5,7,183528,30590,152944,R B D' R D' R' B R2 D' B' R'
2978811,65132471222111,11,5,7,177411,29570,147847,R B R' B D' B' D B2 R' D' R'
2978836,65132471231321,11,5,7,204193,34035,170164,R B' D2 R D2 R' B R' D2 R' B
2978902,65132471323121,11,5,7,196633,32774,163865,R B' D' B D2 B R' B' R D2 R2
2978996,65132472131231,11,5,7,159837,26642,133201,R B R B' D2 B' D B R D2 R2
2979032,65132472212231,11,5,7,264814,44138,220682,R2 B2 R B R2 B' D2 B D' B' R2
2979097,65132472233321,11,5,7,209540,34926,174620,R D B2 R2 D R' B R' B2 R D'
2979188,65132473111331,11,5,7,204236,34043,170199,R B' R2 B R B2 D' B2 R B R'
2979366,65132473313312,11,5,7,166033,27676,138363,R B R B2 R B' D B2 D R2 B
2979393,65132473323311,11,5,7,169861,28313,141554,R B R2 D B2 D B' R D2 R B
2979556,65132741223323,11,6,6,165401,27569,137837,R B R' D' R B' D B2 R2 D' B'
2980034,65132743222331,11,6,6,207206,34536,172675,R D B' D' B' R D2 B' R B2 R'
2981039,65134721233232,11,6,6,186694,31119,155580,R B2 D' R2 D R B2 D2 R' B' R2
2986857,65147321232113,11,4,8,239234,39875,199366,R B' D R2 B' R B D' R D2 R2
2988242,65172431132333,11,5,7,202149,33695,168460,R B2 R B R2 B D' R' B2 D2 R'
2990648,65174232123131,11,5,7,175994,29334,146666,R B R2 D2 B R' B D' B2 D B'
2990679,65174232133313,11,5,7,174738,29127,145617,R B R B' D2 R' B D R B2 R2
2990814,65174232323312,11,5,7,194062,32346,161722,R B2 R' B D2 R' B' D' B2 R D
2991054,65174233323212,11,5,7,192868,32147,160727,R B2 R' D B2 R' B' D' R2 B D
2991063,65174233331213,11,5,7,183633,30609,153030,R B D R' B2 D' R D R B2 R2
2991513,65174322313211,11,6,6,188545,31429,157121,R B R B2 R B2 R B' D2 R2 B'
2991700,65174323223123,11,6,6,184566,30763,153808,R B2 D' B' D2 B R2 D' R D R2
2992545,65213741111111,11,6,6,206226,34373,171858,R B D' R2 D B' R D' R2 D2 B2
3000564,65241371111111,11,6,6,197769,32965,164809,R B2 R B' D R D2 B' R D R2
3003028,65243712121322,11,4,8,261111,43521,217597,R B2 R D2 R2 D B2 R D2 R2 B2
3005171,65271341332331,11,6,6,192186,32034,160157,R B R2 D2 B R' B D' B R' B'
3006050,65271432231233,11,5,7,196465,32747,163724,R B R B' D R' D R2 D B D
3007854,65274131111111,11,7,5,232810,38804,194010,R B' R D' B2 D B2 R' D B D
3008022,65274131311313,11,7,5,161266,26882,134388,R B R D' R B2 R' D2 B R' B
3008028,65274131312213,11,7,5,181883,30319,151568,R B2 R B' R D R2 B' R D R
3008150,65274132123332,11,7,5,175288,29218,146074,R B D R' D R' B D2 B' D2 R
3008407,65274133132223,11,7,5,174352,29063,145293,R B2 R B2 R2 D R B D' R2 D'
3008491,65274133232321,11,7,5,157122,26191,130935,R B D' R D' B R2 B2 R B' R'
3008515,65274133312223,11,7,5,170990,28503,142491,R B R D' R2 B R D' R D2 R
3011177,65314272311132,11,6,6,162205,27038,135172,R B R B' R2 B' D' R B2 R2 D'
3011196,65314272313211,11,6,6,270065,45013,225057,R D' R B' R' D R2 D B D B'
3013930,65321472111122,11,5,7,207335,34557,172784,R B D B2 D' B R2 D' R2 D B'
3030597,65417321232113,11,6,6,168844,28144,140705,R B D R2 B2 D R D2 B2 R' B'
3031066,65417323223123,11,6,6,155352,25895,129462,R B D2 B' R B' D2 R B2 R' D2
3031084,65417323232123,11,6,6,168655,28112,140548,R B D' B2 D B' R B D2 R2 B2
3034051,65423713321322,11,5,7,187899,31319,156586,R B R2 D2 B2 D' R D' R B2 R'
3037651,65432173232321,11,5,7,183699,30619,153086,R B' R2 D' B R B R2 B D' B'
3039996,65471231132213,11,4,8,220201,36704,183504,R B2 R B R' B R2 D' R B R'
3048562,65714323223123,11,6,6,180216,30039,150182,R B2 R D' R2 B' R' D' R2 D' R
3050817,65723143321313,11,5,7,168252,28045,140213,R B R2 B R' B' D B' D2 R B'
3055474,65732411333123,11,6,6,358495,59752,298748,R2 B D2 R2 B2 D R D' B D' R
3059709,65742311212313,11,6,6,165125,27524,137606,R B2 R' B2 R' B R2 D B2 D B2
3066981,67132541133311,11,5,7,293242,48875,244373,R D' R2 B2 R' B2 D B2 D2 B D'
3074757,67145323133312,11,5,7,184555,30763,153798,R B2 R2 B D' B2 R B2 R B2 R2
3078539,67154233323332,11,4,8,272115,45354,226768,R B D' B R2 B2 D' R D' R' D
3082934,67215343333133,11,4,8,227625,37939,189693,R B R2 B D2 B' D R' D' B2 R2
3084606,67231541323112,11,6,6,214553,35761,178797,R D' B2 R D' B R' B' D' R B2
3085093,67231543323122,11,6,6,215372,35897,179480,R D' R2 B D' B D' R' D' R D2
3086569,67234513332122,11,6,6,168261,28046,140220,R B R2 B2 D R' D B' D B D2
3091147,67245131313323,11,5,7,175415,29237,146184,R B D R2 D' R' D2 B D' B' R'
3091704,67245311112311,11,5,7,259534,43258,216282,R D R' D B R2 B R2 D2 B D
3091766,67245311133233,11,5,7,209613,34937,174682,R B D' R' D2 R' D' B2 R D2 R'
3096119,67254311131133,11,6,6,281835,46974,234866,R2 B D2 B' D2 R D' R2 D B D'
3096711,67254313311113,11,6,6,174553,29095,145463,R B R' D R2 D' B D' R B D2
3097195,67312452233321,11,5,7,179254,29878,149382,R B D2 B' D B2 R' B' R2 B R'
3097552,67312541121221,11,5,7,174331,29059,145278,R B D R' B2 R' B R2 D R' B
3097872,67312542221111,11,5,7,222530,37091,185445,R B' R' D2 R B' R2 D R2 D' R2
3101167,67321451111123,11,6,6,168444,28077,140372,R B R' B R' D' B2 R2 D' B R
3101181,67321451112311,11,6,6,181011,30172,150844,R B D' R B2 R' B R' D' B R2
3101259,67321451212211,11,6,6,293490,48919,244576,R2 B R' D' R D R' B R2 B' R
3101330,67321451311133,11,6,6,188423,31406,157022,R B D' B' R D' R B2 D' R' D2
3101410,67321452111122,11,6,6,175284,29216,146073,R B R D' R D' B D2 B' D2 R'
3101676,67321453113311,11,6,6,196496,32751,163750,R B2 R' D' R' D B2 D B2 D' R2
3102284,67321542232133,11,5,7,185862,30980,154888,R B D B2 R' B' R2 B D R2 D
3105907,67341252222323,11,4,8,197637,32943,164701,R B D2 R2 B' R B R' B R2 D
3108087,67342512222113,11,5,7,199043,33177,165872,R B R' B R B' D2 R D' B R'
3108827,67345122223133,11,5,7,260076,43348,216734,R D B' R2 D2 R D B R' B2 D
3108845,67345122232133,11,5,7,250941,41826,209121,R D R D2 R2 D R D B' R2 B'
3109186,67345211111123,11,6,6,168128,28024,140109,R B R' B R' D' B2 R2 D' B R'
3109187,67345211111132,11,6,6,181374,30231,151148,R B2 R2 D2 B D' B' D R' D R2
3109199,67345211112233,11,6,6,174678,29116,145567,R B2 R2 B' R B D' B2 R2 D' B
3109210,67345211113322,11,6,6,169341,28225,141121,R B D' B' D R2 D B' D R2 D'
3109267,67345211211122,11,6,6,188025,31341,156689,R B2 R2 D2 R' D R D2 R2 B2 R'
3109349,67345211311133,11,6,6,185280,30883,154402,R B2 R B' R2 B' R2 D B2 D' B
3109429,67345212111122,11,6,6,169930,28324,141611,R B R D' R D' B D2 B' D2 R
3109673,67345213111133,11,6,6,200040,33343,166702,R B2 D2 R2 B' R D' R D2 B' R
3112830,67354121111111,11,5,7,194433,32411,162028,R B R B2 R B R2 B R B R'
3113650,67354211212121,11,5,7,191067,31847,159226,R B R' B2 R D' B2 R D B D2
3113739,67354211313113,11,5,7,279005,46504,232507,R2 B2 R' D B D' R2 B2 R B2 R
3113793,67354211333111,11,5,7,277898,46319,231585,R2 B2 R' B D B' R2 D2 R D2 R
3113806,67354212111221,11,5,7,193303,32219,161090,R B2 R' B R2 D' B' R' D2 B D
3113896,67354212212222,11,5,7,181374,30231,151149,R B D R2 D B D B' R2 D' R2
3113966,67354212311132,11,5,7,183452,30579,152879,R B D2 R2 B R' B R' D2 R B'
3114051,67354213111313,11,5,7,223355,37228,186133,R B' D R B2 D' B2 R D R2 D'
3114105,67354213131311,11,5,7,213095,35517,177584,R B' R D B2 R' D2 B D B2 D'
3114128,67354213211132,11,5,7,181032,30174,150864,R B2 R' D' R D2 B' D' R' B R2
3114233,67354213313333,11,5,7,182355,30395,151966,R B D R2 D B2 D B' R' B R2
3114838,67412353132121,11,6,6,210263,35046,175222,R D2 R' B2 R' D B' R2 D2 R' D
3115003,67412353332221,11,6,6,163811,27305,136511,R B D' B2 R2 B D2 B R2 D R
3115073,67412531131133,11,5,7,200448,33411,167043,R B D2 B2 R B' R' B D2 R D
3126177,67435121332112,11,7,5,151743,25294,126453,R B D2 R' D2 R' B D' B2 R2 B
3126484,67435123123121,11,7,5,152481,25416,127069,R B D2 R' D2 R' D R' D2 B2 D
3130277,67452313321232,11,5,7,215441,35911,179536,R B2 R D2 R2 B R' B' R B' R
3149908,71234563231322,11,4,8,202464,33745,168726,R B2 D B' R D B' R2 D2 B D
3163369,71263541333222,11,6,6,256403,42737,213671,R2 B' R2 D B D2 B R2 B R' B2
3163582,71263542323123,11,6,6,258923,43157,215771,R2 B' D2 R B R2 B D2 B R' D2
3165136,71264533131323,11,4,8,259822,43306,216523,R B R2 B R2 B' R D2 B' D2 B
3165190,71264533221323,11,4,8,256308,42720,213595,R B R2 D B' R2 D2 R B' R' D2
3165214,71264533231223,11,4,8,300078,50015,250070,R B' D R2 D' R D' R D R' B2
3165216,71264533231313,11,4,8,273615,45603,228019,R B D2 B' D2 B D' R2 D' R D2
3169779,71326451211311,11,6,6,168218,28038,140185,R B2 R' D' B' R D2 B R' D B'
3170242,71326453132121,11,6,6,164405,27404,137006,R B2 R' B2 R' B R' B2 D2 B' D
3171147,71326543333313,11,5,7,243239,40543,202702,R B2 R2 B R2 B2 D2 B R2 B2 D'
3172916,71345262132131,11,7,5,189744,31626,158122,R D B2 R' D2 R' D B' D2 R2 D
3180408,71362453113311,11,5,7,199928,33325,166609,R B R' D' R D R' B R2 B' R
3184251,71365423331312,11,4,8,230272,38379,191900,R B2 R2 D2 B' D2 B' D' B R' B'
3184862,71423563213232,11,6,6,189259,31546,157718,R B R' D2 R' D R2 B' D2 B R'
3185591,71423653213232,11,6,6,177626,29607,148024,R B' R' D' R B2 D' B R2 B' D
3187848,71426353312211,11,5,7,189336,31559,157783,R B2 R D R2 D' R' B2 D B R
3188641,71426533333223,11,4,8,213962,35661,178308,R B2 R' D B' D B2 D2 R2 B' D'
3188797,71432561232323,11,7,5,191297,31886,159415,R B' R B2 R' D2 B R' D' B' R
3188858,71432561323232,11,7,5,149152,24862,124294,R B R D' B2 R B2 R' D B' D
3188893,71432562111221,11,7,5,178313,29722,148595,R B2 R' D' B' R D2 B' R2 B R2
3189279,71432563232213,11,7,5,189898,31653,158249,R B2 D B R2 D2 B D' R B2 R'
3189339,71432563323113,11,7,5,160692,26785,133911,R B D2 R' B R2 D R' D' B' D
3189340,71432563323122,11,7,5,172432,28742,143694,R B2 D R B2 D2 R B' D B2 D'
3189357,71432563332113,11,7,5,161979,26999,134984,R B R2 D' B R2 D B' D' B' R
3190307,71435261322233,11,5,7,221512,36922,184596,R B2 R' D R' B R' D R' B2 R2
3190465,71435262222122,11,4,8,200851,33477,167381,R B R D' B2 R' B R' D R' D'
3190672,71435263211123,11,3,9,235291,39217,196082,R B2 R B' R B' R B' D' B2 D2
3190753,71435263311122,11,5,7,219763,36630,183139,R B2 R B' D B' R D' R' B2 R2
3190826,71435263333133,11,4,8,223852,37310,186549,R B2 R2 B' R D2 B' D2 B R2 D'
3190828,71435263333223,11,4,8,225967,37663,188311,R B2 R2 B' D R2 B' D2 B D2 R'
3191561,71435623333331,11,5,7,220709,36786,183929,R D2 R2 B2 D' B' D B' R2 B D'
3192282,71436253333112,11,5,7,242375,40397,201984,R D' B R' B R2 D R' D' B' D2
3193610,71452363213232,11,6,6,173292,28885,144412,R B2 D R' B D B' R2 D2 B R
3194111,71452632222131,11,5,7,231489,38584,192911,R D R' B R' D R' D2 R B2 D'
3194842,71453262222221,11,5,7,185496,30917,154585,R B2 R' D B D R' D2 B D' B'
3195856,71453623311122,11,5,7,252494,42084,210416,R D B2 D' B D' R B2 R' D2 R
3196870,71456321322323,11,6,6,175617,29273,146349,R B2 R D R' B2 D2 R D2 R' B'
3196912,71456322111221,11,6,6,183898,30651,153252,R B2 R' D' B' R' D2 B D2 B' R2
3198148,71462531113322,11,5,7,220345,36725,183626,R D B' R2 D R' D' B' D2 B2 R
3198369,71462532111212,11,5,7,190040,31675,158371,R B D R' D2 B D' B2 R2 D R'
3198393,71462532121112,11,5,7,196170,32698,163478,R B2 R B R2 D' B2 R D B R'
3198613,71462533111223,11,5,7,235801,39302,196505,R D2 B' D R2 D2 R' D R2 B' R2
3198717,71462533221113,11,5,7,193075,32180,160901,R B2 D' B D2 B2 D' R D2 B' R2
3200287,71463523331222,11,5,7,197109,32854,164261,R B D2 R2 B' R B' D' B2 R2 D
3202314,71523463131311,11,4,8,250512,41755,208764,R B2 R B' R2 B' D B2 R B' R2
3202395,71523463231313,11,4,8,259290,43216,216081,R B2 R2 D' B D' B' D R B' D
3202476,71523463331312,11,4,8,247050,41178,205879,R B2 R2 D' R B' R' D R B' R
3206744,71532463221332,11,5,7,190807,31804,159009,R B R D2 R D' R B' D B D
3207883,71534262122222,11,5,7,242170,40364,201812,R D R D2 B2 R D' R B' R D'
3211801,71542633132322,11,5,7,186392,31068,155330,R B R2 D' R2 D R2 B' D B R'
3212948,71543622111131,11,6,6,157794,26302,131497,R B R D2 B2 D' R' B2 R' D2 R
3213190,71543623111121,11,6,6,175488,29252,146241,R B2 R' B R2 B R2 B2 D' R D'
3214137,71546233331213,11,4,8,240529,40091,200445,R B D R' B2 R D' R D R' B2
3214542,71546322231212,11,4,8,249308,41553,207762,R B R' B R' D B2 D R' D B'
3216155,71562433123232,11,5,7,179848,29977,149877,R B D B' D2 B' D R2 B R' B
3216946,71563243221221,11,6,6,201588,33601,167992,R B D' B2 R D' R D R' B2 R'
3223496,71625433213133,11,5,7,322438,53742,268702,R2 B D B' D B' R B' R B2 D
3229851,71643252231212,11,4,8,245286,40883,204410,R B D2 B2 R' B R' D' B R B'
3230904,71643523331213,11,4,8,252251,42043,210215,R B D2 B' D2 B' R D R' B D2
3237177,72134562312212,11,5,7,228036,38008,190034,R B2 D' R2 B D' R B' D B' D
3240608,72136541322233,11,6,6,169336,28225,141116,R B D2 R' D2 B D' R' B D' R2
3241745,72143563222331,11,6,6,171044,28510,142539,R B D' R' D R D' B R2 B' D
3241890,72143651121113,11,5,7,172129,28690,143445,R B R' D' R2 D' B2 D R' B' R'
3241917,72143651131112,11,5,7,183271,30545,152732,R B D' B' D2 B' D2 B D' B' R'
3241962,72143651213111,11,5,7,166636,27775,138867,R B R2 B' D B' D R2 B2 D2 B
3242034,72143651312111,11,5,7,163961,27329,136638,R B R B2 D2 B D B' R2 D2 B
3242112,72143652111311,11,5,7,166974,27831,139149,R B R D2 B' R D' B' D2 R B'
3242352,72143653111211,11,5,7,166154,27696,138464,R B R2 B R D' R B D B2 R'
3243478,72145631233223,11,5,7,163253,27211,136048,R B R' B' D R2 D R' D' B D
3243956,72145633232231,11,5,7,163847,27310,136543,R B R' D' R D2 R B' D' B D
3243982,72145633312223,11,5,7,265107,44186,220927,R D2 B R' D B R2 D' R D B2
3244441,72146352232223,11,5,7,195962,32664,163304,R B R2 B' R2 B R' D R B' D2
3250165,72163452122222,11,5,7,243084,40516,202574,R D R2 B' D B D R2 D2 B' R
3250398,72163453121213,11,5,7,204528,34089,170445,R B2 R2 D' B D' B' D R2 B' D'
3250425,72163453131212,11,5,7,231103,38519,192590,R D R2 D2 R' B' D2 R D2 R' D2
3250448,72163453133333,11,5,7,197730,32958,164778,R B2 R2 D' R B' R' D R2 B' R'
3250592,72163453331333,11,5,7,243508,40587,202927,R D R2 D2 R' B' R2 D R2 D' R2
3251880,72164353131113,11,4,8,237417,39571,197853,R B2 R D R' B D' B2 D' B R'
3253553,72165431113331,11,6,6,169384,28235,141154,R B R' B D' R2 B2 D R B R'
3253770,72165432111113,11,6,6,176058,29346,146717,R B2 R2 B R B' D' B D' B' R
3253771,72165432111122,11,6,6,234195,39036,195164,R D2 R' B2 R B' R' B D2 R D2
3253851,72165432211112,11,6,6,192543,32093,160455,R B2 R' D2 R D' R' D B2 R D2
3253983,72165432323312,11,6,6,170198,28369,141834,R B D2 B' R B' R2 D2 B' R' B2
3254013,72165433111112,11,6,6,165505,27587,137923,R B R2 B' D B D R' D R' D2
3254048,72165433121333,11,6,6,182890,30485,152410,R B2 R2 D2 R D' B2 R B D2 R2
3254126,72165433221233,11,6,6,174094,29019,145080,R B2 R' B R' B2 D2 B' R' B2 R'
3254173,72165433233323,11,6,6,188239,31377,156867,R B' R B R' B2 D R2 D R' D
3254206,72165433321223,11,6,6,161820,26973,134852,R B R' D2 B2 R B' R' B D' B
3254232,72165433331213,11,6,6,178513,29755,148763,R B D' B2 R2 D' R D R B2 D2
3260817,72345611111111,11,6,6,230597,38435,192167,R B' R2 B' R' D' R D2 B D' B
3260889,72345611133113,11,6,6,158377,26399,131983,R B R B2 D' R2 D R2 D2 B' D
3260929,72345611221223,11,6,6,143968,23998,119975,R B R D2 B' R B2 R' D R2 D2
3260938,72345611222222,11,6,6,156308,26053,130260,R B R' B2 R' D' B2 D B' D2 B2
3261041,72345611331332,11,6,6,168596,28101,140500,R B2 D' B' D B' R D2 B' R B'
3261096,72345612122111,11,6,6,180382,30067,150320,R B2 D R' B2 D' R B R' D B
3261284,72345612331331,11,6,6,142684,23785,118904,R B R B' R2 D R' D2 R B2 R2
3261415,72345613221221,11,6,6,152053,25345,126713,R B D2 B R2 B' R2 B' D B D2
3261545,72345613333331,11,6,6,192308,32053,160260,R B' D' R D' B' R B2 D' B2 D
3265936,72356141112323,11,6,6,184982,30834,154153,R B R' D2 R B' R B R2 D2 B'
3266064,72356141232113,11,6,6,170696,28453,142248,R B R' B' D R2 D R D2 R2 B'
3266488,72356143211123,11,6,6,163475,27249,136231,R B R D2 R2 B2 R' B' D B' D
3268016,72361453232333,11,5,7,164130,27357,136779,R B R B2 D' R D' B' R2 D B'
3268589,72361542333233,11,4,8,293258,48879,244386,R2 B D R' D R B2 R2 D' R' B
3271386,72365412222212,11,5,7,179357,29896,149467,R B R2 B R D2 R' D' R2 B D'
3271542,72365413121312,11,5,7,255225,42539,212692,R D' R2 B R B2 R' D' B2 D' B'
3271566,72365413131212,11,5,7,186493,31084,155415,R B R2 D2 R' B' D' B D2 R' D
3271733,72365413331333,11,5,7,190087,31682,158411,R B2 R D' B D2 B' D2 R D' B'
3278310,72435163333313,11,5,7,269471,44912,224565,R D' B D' R2 D' B' D' B R2 D
3290128,72513641232323,11,5,7,170258,28380,141884,R B R2 B' D2 R2 B R' B' R2 B'
3290137,72513641233322,11,5,7,198513,33088,165431,R B' R2 B R' D B2 R' D2 R D2
3292591,72516342313223,11,5,7,184800,30804,154002,R B2 R B R2 B' D' B2 R B R
3294302,72531463321232,11,5,7,203492,33916,169582,R B' R2 D B2 D' R2 D' B' D B2
3295648,72534163211123,11,4,8,212121,35355,176773,R B2 R D B2 D' R' B2 D B D
3298728,72541631111213,11,5,7,174268,29046,145228,R B D2 B' D B2 D B2 D2 R' B
3298731,72541631111312,11,5,7,193758,32295,161469,R B' R B R2 D' R D' B D2 B'
3298736,72541631112131,11,5,7,181408,30238,151176,R B2 R2 D2 B R' B R' D2 R B
3298744,72541631113121,11,5,7,188477,31416,157067,R B2 D2 R' D B R2 B2 D R B
3299022,72541632131111,11,5,7,166477,27749,138734,R B R D' R2 D R' B D' B2 R
3299238,72541633121111,11,5,7,206428,34406,172028,R D R D' R2 D B' D B' D2 R
3299859,72543162311111,11,6,6,158743,26460,132288,R B R2 B D' B D' B R2 D' R
3300021,72543163211111,11,6,6,176279,29383,146901,R B2 R' B2 R' D R' B2 D2 B' R
3300295,72543611221223,11,6,6,232312,38722,193595,R B R D' R2 B2 R' B' R D2 B'
3300313,72543611223221,11,6,6,243357,40562,202800,R B D' B D' R2 B2 R D B D2
3300407,72543611331332,11,6,6,274829,45808,229026,R B' D B R' B R2 D2 B' R B2
3300416,72543611332331,11,6,6,246762,41130,205637,R B2 R D B D2 R B' D2 B' R
3300650,72543612331331,11,6,6,233535,38927,194613,R B R2 B2 R' B R2 D R2 D2 R
3300737,72543613132232,11,6,6,297707,49621,248091,R D R' D R' B R2 D2 B2 R B'
3300745,72543613133222,11,6,6,240407,40071,200341,R B R' D B' D R2 B2 D2 R B'
3300781,72543613221221,11,6,6,251263,41880,209388,R B2 R2 B D2 R' B D2 B2 D' R'
3300801,72543613223312,11,6,6,277327,46224,231108,R B' R' B2 R D2 R' B D2 B D'
3300873,72543613322312,11,6,6,286774,47797,238982,R B' D' B2 D B2 D' R D2 R D'
3301848,72546311323112,11,5,7,164166,27364,136808,R B2 R D R2 D2 R' B R2 D' R'
3302337,72546313323212,11,5,7,183598,30603,153001,R B2 R' B' R' D' R2 B R2 B' R2
3302797,72561342313223,11,6,6,246802,41135,205672,R D' B2 D' B D2 B R2 D R D2
3303442,72561432213122,11,5,7,291817,48638,243185,R B' R D2 R2 B' D B' D' B R2
3303698,72561433221233,11,5,7,258554,43095,215465,R B D R2 B2 R' D B' D' R2 B
3303752,72561433311233,11,5,7,332945,55493,277458,R D2 R2 D R' D R' B R' D B2
3303776,72561433321133,11,5,7,277520,46256,231270,R B2 R2 B D' R B' D R' D B2
3303778,72561433321223,11,5,7,273762,45629,228139,R B2 R2 B' D2 R' D R2 D2 R' D'
3304560,72563411111213,11,5,7,171608,28604,143010,R B R' D2 R' B2 D R' B' D R'
3304563,72563411111312,11,5,7,168505,28088,140423,R B R' B2 R' B D B2 R' B R
3304568,72563411112131,11,5,7,231622,38605,193023,R D2 R' D R D B' D B' R2 D
3304576,72563411113121,11,5,7,184015,30672,153349,R B2 R' D B R B' D R' B2 D
3304854,72563412131111,11,5,7,166944,27827,139123,R B R2 B' R D2 R B2 R2 D' B'
3305070,72563413121111,11,5,7,164641,27443,137204,R B R D' B2 R B' D R' B D2
3318261,72643513212311,11,5,7,172986,28833,144159,R B D' B R2 B' R B' D' B D2
3318263,72643513212332,11,6,6,160538,26759,133784,R B2 R' B' D' R D2 R D2 R' D2
3326258,73125463133132,11,6,6,192021,32006,160020,R B R' B2 D B' R B D' B2 D'
3332525,73146522113231,11,6,6,156153,26027,130131,R B D B D2 B D B2 D2 R' D'
3349686,73246153312211,11,6,6,166949,27827,139127,R B D R2 D2 B2 D' R' D B' R
3371524,73456123231322,11,5,7,190424,31740,158690,R B R D B' D2 B R' B R' B'
3380337,73516243323113,11,5,7,165153,27528,137631,R B R B2 R2 D' B D' R2 B2 D'
3380357,73516243332131,11,5,7,176149,29361,146794,R B D B2 R2 D R' D R' B R'
3385911,73541262321212,11,4,8,220413,36740,183680,R B R B2 R B R B2 D' R B
3387611,73542163321133,11,5,7,221168,36864,184310,R B2 R2 B D2 B2 R2 B D2 B2 R'
3388213,73542613132121,11,5,7,161310,26887,134429,R B D R' B2 D2 B R' B' D2 B2
3388219,73542613132322,11,5,7,164839,27477,137368,R B R B2 R' D B2 R' B2 R B2
3394177,73564213321322,11,5,7,213066,35514,177558,R B2 R B2 D' B' D R' B R' B
3395698,73614251112323,11,5,7,219618,36604,183020,R B D B2 D B' D' R D' R2 D'
3397156,73615241112323,11,3,9,291194,48535,242667,R B' R B2 D2 R2 B R' B R' D
3397165,73615241113322,11,5,7,237848,39644,198210,R B' R D2 B2 R2 D B' R B' R
3397511,73615242223133,11,5,7,231435,38575,192866,R B2 D' R D R B2 R2 D' B D
3397677,73615243123313,11,4,8,218791,36467,182331,R B2 R2 B' D R2 B' D2 B R2 D'
3397731,73615243213313,11,4,8,226231,37707,188531,R B2 R2 B' R B2 D' B2 D B2 R'
3397848,73615243331312,11,4,8,220273,36714,183566,R B2 R2 B' D B2 R' D2 R B2 D'
3397857,73615243332311,11,4,8,228280,38048,190239,R B2 R2 B' R D2 B' D2 B D2 R'
3397894,73615421113322,11,5,7,171218,28538,142686,R B D2 R2 B2 R' D' B' R D2 B'
3398457,73615423213211,11,5,7,227574,37932,189648,R D2 R' D R B D' R2 B R' B'
3398597,73615423333331,11,5,7,180342,30059,150289,R B2 R' B D B R' D2 B R' D'
3401300,73624513121132,11,5,7,291651,48610,243047,R D2 B' D2 R D' B R' B R' D
3401498,73624513332131,11,5,7,261603,43601,218008,R D2 B' D2 R D' R D' B D' B
3401530,73625141112323,11,5,7,214846,35810,179042,R B R2 B' R2 D2 B D B' D R2
3402030,73625143121213,11,5,7,182359,30396,151969,R B R B2 D2 R D' B R' B D'
3402240,73625143333313,11,5,7,190368,31730,158644,R B R' B D2 B R2 D' B R' D'
3402610,73625412222323,11,6,6,187074,31182,155897,R B D2 B2 R B' R2 D B R2 D2
3405159,73642511111111,11,5,7,247071,41180,205897,R B2 R' D' R D2 B' D' R D' R2
3405182,73642511113232,11,5,7,212070,35347,176729,R B' D' B2 R D R2 D' R' B2 R'
3405184,73642511113322,11,5,7,211213,35205,176014,R D R' B2 D R' B' R' B2 R2 D
3405775,73642513223222,11,5,7,230755,38459,192302,R D2 B' D B2 D2 B' R D2 B' D2
3405909,73645121113211,11,5,7,208387,34733,173660,R B D2 R' B' D2 B' D' R2 B D
3406254,73645122222311,11,5,7,199129,33190,165945,R B D B D R' D2 B D2 B R2
3406743,73645211223113,11,6,6,151678,25282,126401,R B R D' B2 D B' D2 R D' R
3406752,73645211231111,11,6,6,194040,32342,161703,R B' D R2 D' R D' B R2 D2 B2
3406806,73645211321111,11,6,6,151726,25292,126439,R B R2 B R' B D R2 B' D R'
3406842,73645211332112,11,6,6,157765,26298,131472,R B D2 R D' R D2 R2 B' R B2
3407117,73645213112231,11,6,6,163867,27314,136558,R B D2 R' D R D2 B R B' D'
3407337,73645213333112,11,6,6,173871,28980,144896,R B2 D B' D B R2 D' B D' R'
3407371,73651241113322,11,5,7,183129,30523,152612,R B2 R' D2 B2 R' D R D' B2 D
3410106,73652413211312,11,5,7,195831,32641,163196,R B R' B R' B D' B2 D B2 R'
3410242,73652413331321,11,5,7,220018,36671,183353,R B2 D B2 D B R2 D' B D' R2
3410506,73654122111122,11,6,6,244001,40670,203336,R D' R2 B R2 B' R' D2 B2 R B'
3410613,73654122221111,11,6,6,169770,28299,141476,R B R2 B R' B R' D' B2 R B'
3410993,73654211111132,11,5,7,200067,33347,166726,R B R2 B' R2 D2 B D B' D R
3412417,74123563323221,11,5,7,156958,26163,130801,R B R B' D2 B' R B2 D R' B
3412891,74123652322121,11,6,6,243362,40563,202804,R B D2 B2 D' R D2 B R2 B2 R'
3413003,74123653132232,11,6,6,311534,51926,259613,R D2 R2 D B' R B' R B' R B2
3413009,74123653133132,11,6,6,253368,42231,211142,R B2 R2 B' R2 D' R D2 R2 D' R'
3413011,74123653133222,11,6,6,250919,41824,209100,R B2 R2 B R' B R' D B' R B2
3413012,74123653133231,11,6,6,231080,38516,192569,R B R D2 B2 D' B R' D' R2 B
3414093,74125631313311,11,6,6,166249,27713,138541,R B R2 B D2 R2 B R' B' R B2
3414178,74125632121121,11,6,6,173750,28960,144795,R B2 R' B D' B R2 D' B' D B'
3414186,74125632122111,11,6,6,160955,26828,134132,R B R' B2 D2 B' R' D2 R D2 B'
3414204,74125632131111,11,6,6,166122,27690,138437,R B R D' R2 D R' B D' B2 R'
3414347,74125632321332,11,6,6,161314,26889,134430,R B R2 D2 R B2 R' D B R2 D'
3414420,74125633121111,11,6,6,203115,33854,169266,R D R D' R2 D B' D B' D2 R'
3414452,74125633131233,11,6,6,158162,26363,131804,R B R' D2 R' B' D2 B R' D2 R2
3414461,74125633132232,11,6,6,143794,23969,119830,R B R B2 D' R B2 R' D B2 D2
3414469,74125633133222,11,6,6,152032,25340,126697,R B D2 B D2 B' D2 B' D R D2
3414471,74125633133312,11,6,6,202463,33747,168721,R D R' D2 R' B' R2 B R' D2 R2
3414625,74125633332323,11,6,6,190208,31704,158509,R B2 D' B' D2 R B R2 B2 R' D'
3415114,74126352333122,11,5,7,224421,37406,187021,R D' R B D2 B2 R2 D' R' B R2
3416288,74132561321231,11,5,7,211098,35185,175919,R B' D' R2 B D R2 D' R' D2 R'
3416365,74132562121121,11,5,7,196084,32683,163407,R B2 D B2 D R B D R2 D B'
3416373,74132562122111,11,5,7,183568,30596,152978,R B D2 R' B' D' B2 R D' B2 D
3416638,74132563131221,11,5,7,226024,37673,188357,R D2 B' R B2 R2 B' D R2 B' D2
3416643,74132563132112,11,5,7,184384,30733,153657,R B2 D' R B2 R2 B' R D2 B' D2
3420181,74136522322121,11,6,6,227628,37941,189692,R B R' D B2 R D' R2 D' R B'
3421022,74152363132232,11,6,6,223848,37310,186543,R B R2 D B D2 B2 R' B' D' B2
3421028,74152363133132,11,6,6,225366,37564,187807,R B R2 B' D2 B R' D2 R' D R2
3421030,74152363133222,11,6,6,254628,42441,212192,R B' R B2 R' D B' R B D' B2
3421031,74152363133231,11,6,6,224905,37488,187422,R B R2 B2 R' B2 D' R' B2 R' B'
3424393,74156322122123,11,5,7,171453,28580,142879,R B R' B R B2 R D' R2 B R2
3424399,74156322122321,11,5,7,175686,29283,146409,R B D R2 B' R2 D B D2 B D'
3424540,74156322313223,11,5,7,175982,29334,146654,R B2 R B R2 B' D' B2 R B R'
3424670,74156323132331,11,5,7,166050,27677,138379,R B R' D2 B' D B R D2 R2 D
3424672,74156323133123,11,5,7,171386,28567,142825,R B D2 R2 B D' R D B' R2 B'
3426328,74163251121122,11,6,6,190774,31797,158982,R B2 D2 B D2 B D' B D2 B' R
3426555,74163252112211,11,6,6,176797,29469,147333,R B D2 R' B D' B2 R D R2 D2
3426597,74163252131111,11,6,6,190512,31755,158762,R B2 D2 R2 D' B' R B' R2 B D
3426813,74163253121111,11,6,6,189077,31516,157566,R B' R D R2 B' R' B D2 B' R'
3426848,74163253131332,11,6,6,158893,26485,132413,R B R' B2 D2 R' D B D B2 R2
3426860,74163253133132,11,6,6,156378,26065,130318,R B D' R2 B2 D R' D' B D' B
3426861,74163253133213,11,6,6,169477,28250,141232,R B2 R2 D2 R B' D2 R B R2 D2
3426863,74163253133231,11,6,6,161344,26893,134456,R B2 R' B D' R2 B2 R' D' B2 D'
3427018,74163253332323,11,6,6,173314,28888,144431,R B D2 B' D B R D' R D' R2
3427788,74165231121212,11,4,8,298151,49693,248465,R B D2 B D B' D B' R' B2 R2
3427818,74165231131313,11,4,8,280356,46729,233634,R B R' D R' B' R2 B' R' B2 R2
3427849,74165231212121,11,4,8,283904,47320,236591,R B R2 B D R' D B' R' B2 R2
3427940,74165231313131,11,4,8,292877,48816,244068,R B D2 R B' R2 B' D R' B R2
3428004,74165232111212,11,4,8,296182,49366,246823,R B D' B2 R' B R2 B R' B' D2
3428028,74165232121112,11,4,8,281768,46965,234810,R B R2 B R D' R B' R' B2 R2
3428031,74165232121211,11,4,8,285301,47551,237757,R B R' D2 B' R D2 R D' B' D2
3428250,74165233111313,11,4,8,308262,51379,256890,R B2 R2 B' R D' R D' R' D2 R'
3428298,74165233131113,11,4,8,282789,47133,235663,R B R2 B2 R' D' B2 D' R' B D'
3428304,74165233131311,11,4,8,300066,50014,250059,R B2 R2 B' R B' R D' R' B2 R'
3428305,74165233131323,11,4,8,284241,47375,236873,R B R' B D' R' B2 R' D' B2 D2
3428313,74165233132313,11,4,8,305928,50990,254945,R B2 R2 B' R' D2 R' D' R D' R
3428385,74165233231313,11,4,8,306249,51044,255212,R B2 R2 B' R' B2 R' B' D B' R
3430397,74213652323132,11,6,6,164182,27366,136821,R B R' D B R' D B' D2 B2 R
3439185,74251633111313,11,4,8,224341,37394,186954,R B R' D R B' R2 B' R2 B R
3441802,74256311321222,11,5,7,312126,52023,260109,R2 B R2 D2 B' D' R D' R D2 R
3442100,74256313111232,11,5,7,362931,60490,302447,R2 D R2 B2 D' B' D B' R D2 R
3446465,74265312333233,11,6,6,188744,31459,157290,R B D2 B' D2 R D' R2 D B D'
3447926,74312652333332,11,4,8,188298,31385,156920,R B R2 B2 D B' D B' D R B2
3451736,74321563311131,11,5,7,202073,33680,168399,R B D2 R' D2 R D2 B' D B D'
3452461,74321653233323,11,5,7,205831,34307,171530,R D R B' D2 B R' D B' R2 D
3453091,74325163131323,11,4,8,219100,36518,182589,R B R D' B2 D B' R B D' B2
3453628,74325612221222,11,5,7,178759,29796,148969,R B R2 B2 R' D' R2 B D2 B' R2
3453792,74325613121312,11,5,7,227878,37982,189902,R B' R' B D2 B2 D R' B' R D2
3453816,74325613131212,11,5,7,178993,29835,149164,R B R2 B2 R' D' B2 R D2 R' B2
3453839,74325613133333,11,5,7,192030,32008,160028,R B D2 R' D R B R2 B2 D' B
3460331,74361253112132,11,5,7,216147,36027,180126,R D2 B R' B R B2 D' B R D2
3460406,74361253211231,11,5,7,157853,26311,131548,R B R B' D' B D' R' D R2 D
3463510,74365211121221,11,6,6,172650,28779,143876,R B2 R' B D' R2 B2 R B' D R2
3463578,74365211213111,11,6,6,162826,27141,135690,R B R2 B' D B R2 B2 D B' R2
3463650,74365211312111,11,6,6,160684,26783,133906,R B R B2 D2 B D B' D2 B' R2
3463659,74365211313113,11,6,6,177835,29643,148197,R B2 R' D B D' R2 B2 R B2 R
3463713,74365211333111,11,6,6,177124,29524,147605,R B2 R' B D B' R2 D2 R D2 R
3463728,74365212111311,11,6,6,163976,27333,136648,R B R2 B2 D B D' B R2 B R2
3463846,74365212222323,11,6,6,168766,28131,140640,R B R' D R' B2 R' D B D R2
3463964,74365212333332,11,6,6,160443,26743,133705,R B R2 B D2 B' D2 B D' R' B2
3463968,74365213111211,11,6,6,171764,28631,143138,R B D2 B2 R B R' B D2 B R2
3464000,74365213121333,11,6,6,167463,27913,139555,R B R2 B' D' B2 D' B R B2 D2
3464411,74512361322233,11,6,6,218351,36394,181962,R D R' B' D B2 D B R2 B2 D'
3464635,74512362313223,11,6,6,163201,27203,136003,R B R B' D2 B' R' B D2 R' D2
3466183,74513263121222,11,4,8,331975,55331,276651,R2 B R D' B D' B R' D R2 B
3469674,74521632222212,11,5,7,218868,36479,182395,R B' D2 R B D2 B' D' B2 D' R'
3469827,74521633121213,11,5,7,245755,40962,204799,R D2 R' B2 D R B2 R2 B' R' D2
3469830,74521633121312,11,5,7,226091,37684,188413,R D R2 B' D' R2 D B R2 B D'
3469877,74521633133333,11,5,7,249874,41648,208232,R D2 R' D2 B R B2 R2 B' D' R2
3470037,74521633333313,11,5,7,223391,37234,186163,R D R2 B' D' B2 D B R2 B R'
3470796,74523611121113,11,5,7,171869,28647,143228,R B R' D' R2 D' B2 D R' B' R
3470823,74523611131112,11,5,7,177977,29663,148320,R B D' B' D2 B' D2 B D' B' R
3470868,74523611213111,11,5,7,175579,29265,146320,R B D2 B2 D B' R D2 R2 D R'
3470940,74523611312111,11,5,7,166798,27802,139002,R B R2 B2 R D' B D2 B2 D R'
3471018,74523612111311,11,5,7,173493,28917,144582,R B R' D2 B' D B' R' D2 B R
3471258,74523613111211,11,5,7,166281,27715,138572,R B R D' B2 D B' R' B D' B2
3474949,74532163123223,11,5,7,198527,33090,165443,R B2 R' D R' D B2 D2 R2 B' R'
3477334,74561231111222,11,6,6,175156,29195,145966,R B D2 B D' R D2 B' R D R'
3477573,74561232111113,11,6,6,177791,29636,148160,R B2 R D' R D R2 B2 R B D2
3477681,74561232221111,11,6,6,197097,32853,164249,R B' R2 B' R D2 B2 R B' D2 R
3477816,74561233111112,11,6,6,192158,32028,160135,R B2 D' R' B2 D B D2 B2 D' R'
3477875,74561233131233,11,6,6,172676,28782,143899,R B D' R2 B D B2 D R2 D2 B
3477976,74561233233323,11,6,6,203346,33893,169458,R D R B' D2 B R' D B' R2 D'
3477983,74561233311233,11,6,6,173020,28841,144184,R B R' B2 R' D2 R B2 R D R2
3478007,74561233321133,11,6,6,170569,28431,142143,R B R2 B D2 B' D2 B' R D R2
3478011,74561233321313,11,6,6,207923,34657,173271,R D R' B2 R' B' R2 B D' R2 D2
3481127,74563211232332,11,5,7,170565,28428,142143,R B D2 R B2 D' B' D' B2 D' B'
3499033,74653213133222,11,6,6,200142,33360,166787,R B D' R2 B D' R D B' R2 B'
3504218,75132463233233,11,5,7,199275,33215,166066,R B R2 D2 B' R D' R' B2 D2 R
3510033,75143263231313,11,4,8,241708,40286,201429,R B2 R2 D2 B' D2 B' R' B R' B'
3511808,75146321323331,11,5,7,219794,36635,183165,R B2 D2 B' R D' R2 B' R B' R2
3517796,75213642223133,11,5,7,190499,31753,158752,R B D2 B' R B' R D2 R' B2 R
3521638,75231463211123,11,4,8,276554,46093,230468,R D B2 D' R B' D B2 D' R2 D
3522731,75234161322233,11,6,6,170928,28490,142443,R B D R' B2 D B2 D' B R' D'
3522879,75234162221111,11,6,6,226011,37671,188345,R D B2 D' B' D2 R B' R B R'
3524576,75236143213232,11,6,6,159176,26534,132647,R B R' B R2 B' D R B R' B'
3526540,75241632222323,11,5,7,195663,32613,163056,R B D2 B2 R B' R2 D B D2 R2
3527233,75243162211322,11,5,7,333125,55524,277607,R2 B2 R B2 R2 B R2 D' R2 D2 B
3527654,75243611113232,11,5,7,176371,29399,146978,R B2 R B' R2 D R B D2 R' B2
3528221,75243613213232,11,6,6,153624,25606,128023,R B D2 B' D' B2 R B' D R D'
3528600,75246131333312,11,5,7,215803,35969,179840,R B' R' B D2 R' B R' D' B2 D'
3529089,75246311111111,11,5,7,409865,68313,341558,R2 D R' D B D2 R' D R B2 R'
3529671,75246313212311,11,5,7,182107,30352,151761,R B D' R D2 B' D' B D' R2 D2
3529749,75246313312211,11,5,7,176780,29466,147320,R B2 R D R2 D' R' B2 D B R'
3529808,75246313332332,11,5,7,176834,29475,147365,R B2 R2 D R' D B' R2 B R2 D2
3530840,75261432123233,11,5,7,201773,33631,168148,R B' R2 D B2 D' R' B2 D2 R B'
3533009,75264132121232,11,5,7,209729,34957,174778,R B2 R' D R' B' R D B2 D B2
3533111,75264132223331,11,5,7,164057,27347,136716,R B R B D2 R' B R' B' R2 B2
3533169,75264132321212,11,5,7,220499,36753,183752,R B' R B' R2 B D2 R D' R2 D
3533255,75264133121333,11,5,7,177310,29555,147761,R B R D2 R B D' R B2 D B2
3533439,75264133331213,11,5,7,179738,29959,149785,R B R2 D2 B D' B R B' R2 B'
3533590,75264311223122,11,5,7,191215,31872,159349,R B2 R2 B R2 B D2 R' D B2 D2
3534084,75264313231112,11,5,7,219684,36616,183074,R B2 D2 R' D' B R' B2 D2 R D
3534914,75312463333133,11,5,7,225890,37651,188245,R B R2 B' D2 B' D B R' B R2
3536455,75314621133221,11,6,6,143408,23905,119508,R B R B' R' D' B R D' R B2
3536562,75314621313212,11,6,6,312680,52116,260569,R' B D B' D2 B R' B R B2 D2
3536884,75314623113122,11,6,6,161237,26876,134366,R B2 R' D2 R' D B2 R B2 R D2
3537248,75316241231231,11,6,6,225298,37554,187749,R D R B' R B' R D2 R D R
3538728,75321461311112,11,6,6,175482,29249,146238,R B2 D' B R D R2 D R' D' B'
3539116,75321463132121,11,6,6,158751,26461,132295,R B2 R' B D2 B D2 B2 R' D R'
3546173,75346122133133,11,5,7,201317,33555,167768,R B R' D' R B R' D2 B2 D B2
3546658,75346211133122,11,6,6,168138,28026,140117,R B2 R B2 D2 R' D B' D2 R2 B2
3546672,75346211211311,11,6,6,213534,35590,177949,R D B' R D' B D2 B2 D R' D'
3546750,75346211311211,11,6,6,158625,26441,132189,R B R2 B D' R' B R' B' D2 B
3547043,75346212323333,11,6,6,202698,33787,168916,R B' R2 B R B2 D2 R2 B R' D'
3547082,75346213112132,11,6,6,151795,25303,126497,R B R' B2 R D R' B D' R D2
3547135,75346213132121,11,6,6,158545,26427,132123,R B D R' B2 D2 B R' B D2 B2
3547141,75346213132322,11,6,6,160119,26690,133434,R B R B2 R' D' B2 R D2 R' B2
3547297,75346213332122,11,6,6,169811,28305,141511,R B2 R2 B' D R' D2 B R' B' R2
3552551,75412631223332,11,6,6,146541,24427,122119,R B R D2 B R' D R2 D R' B2
3555966,75416323232213,11,5,7,196295,32718,163583,R B R2 B' D2 B D' B R B' D2
3560997,75431263133213,11,5,7,224159,37362,186803,R D2 R2 B2 D' R' D B' R2 B R'
3566559,75462132123212,11,4,8,295743,49292,246458,R B' R D2 R2 B' D B' D' B R
3571190,75613243131332,11,5,7,226674,37782,188898,R D2 R' B R B R' D2 B R' B'
3571203,75613243133213,11,5,7,184335,30725,153616,R B2 R' B R D R' D2 B D' R'
3581542,75634123323122,11,6,6,176375,29399,146981,R B D2 B' D2 B R' B R B' R2
3583665,75641323232111,11,6,6,167153,27862,139296,R B2 R' D2 R' B R2 D B2 D R2
3584112,75642132213311,11,6,6,161775,26965,134815,R B R' B R' D' B2 R' D2 R' D2
3587326,76123453233323,11,5,7,172927,28825,144108,R B D R' B2 D R' B R' B R2
3590318,76125343333133,11,4,8,228831,38141,190697,R B2 R B2 D' B' R B' D R' B
3597189,76143252131312,11,5,7,190404,31736,158674,R B D2 B2 D R B D' R2 D' B
3597241,76143252221222,11,5,7,193633,32275,161364,R B2 R B' R B2 R' D2 B D' R'
3597429,76143253131212,11,5,7,196051,32677,163380,R B2 R D' R B2 R' D2 B D' B'
3597596,76143253331333,11,5,7,181528,30257,151277,R B R' D2 B R2 B' D R' D2 R'
3597612,76143253333313,11,5,7,254661,42445,212222,R D' R2 B R D2 R' D' R2 D' B'
3598371,76145231121113,11,6,6,161472,26915,134562,R B R2 B2 R' D B2 R' D' B2 R
3598380,76145231122112,11,6,6,279698,46619,233084,R2 B2 R' B D2 R' B' D' B2 R D
3598398,76145231131112,11,6,6,174558,29095,145468,R B D2 B2 D' B D2 R' B' D2 R
3598452,76145231221112,11,6,6,279188,46534,232659,R2 B2 R' D B2 R' B' D' R2 B D
3598514,76145231311331,11,6,6,157231,26209,131027,R B R' B D' R2 D' R B R D2
3598640,76145232123332,11,6,6,168762,28130,140637,R B R2 B R2 B' D2 B R' D' B2
3598743,76145232233213,11,6,6,208669,34781,173893,R B' R2 B D' B2 R D B D' R
3598809,76145232331313,11,6,6,162303,27054,135254,R B R2 B' R' D2 R' B D B2 R2
3598815,76145232332213,11,6,6,215830,35975,179860,R B' D2 B D' R2 B D R B' R
3598905,76145233133213,11,6,6,172431,28740,143696,R B D2 B' D' B2 D' R D B2 R2
3598982,76145233232333,11,6,6,163868,27314,136559,R B R2 B2 D R D' B D2 B D2
3604167,76154323333112,11,5,7,199833,33308,166531,R B2 D2 R' B' R D' B2 R2 D R
3605492,76213543213133,11,5,7,206443,34409,172040,R B2 D R2 D B R2 D' B R' D2
3605561,76213543311332,11,5,7,193641,32276,161371,R B D' B R' B R' D2 R B2 D'
3607232,76215341231231,11,6,6,185799,30970,154834,R B R D' R B2 D' R2 D B R2
3608543,76215433333133,11,4,8,220290,36717,183580,R B R' D2 B D' B R B' R2 B'
3608595,76231451123111,11,6,6,176586,29433,147158,R B2 D' B R' D' R D2 R D B'
3616598,76245311121131,11,6,6,171424,28573,142856,R B D' B D2 B' R D R2 B2 D2
3616624,76245311131121,11,6,6,154314,25723,128596,R B R' B D' R B2 R2 B R' D'
3616674,76245311213312,11,6,6,163218,27206,136017,R B D' R' D R2 D B' R B2 R'
3616877,76245312132131,11,6,6,166581,27767,138819,R B2 R2 B' R2 B R D' B2 R D'
3617092,76245313122122,11,6,6,162212,27038,135179,R B D B' R2 D R B' D B2 D
3617101,76245313123121,11,6,6,163255,27213,136047,R B2 R D2 R2 B R D R' D2 R'
3618803,76253141123132,11,6,6,151218,25206,126017,R B D R' B2 R D' B R D2 B2
3618845,76253141211332,11,6,6,148278,24716,123567,R B R' B D B D' R2 B D B'
3620175,76253413322312,11,6,6,203342,33894,169453,R B2 R D2 R2 D B2 R D2 R2 B
3620869,76254133311323,11,4,8,326193,54367,271833,R2 B D2 R2 B' R' D B' D R2 D
3621510,76254313211111,11,5,7,290077,48348,241735,R2 B D2 B2 R2 D' B' R B' R D2
3622005,76312452212111,11,6,6,301677,50282,251400,R2 B D' B' D R B' D R2 D' R
3622239,76312453211111,11,6,6,176502,29420,147087,R B R' B R2 B' D B' D' B R2
3622326,76312453311311,11,6,6,194081,32350,161736,R B2 R' B' R' D R2 D R2 D' R2
3622836,76312542321212,11,5,7,189521,31589,157938,R B D B' R2 D B' D2 R2 B R'
3622843,76312542322121,11,6,6,177508,29587,147926,R B2 D B2 D R' D B2 D B R
3623089,76312543322222,11,5,7,235294,39217,196083,R D2 B' R D2 R2 D' R D2 B' R2
3624597,76315241112113,11,6,6,185742,30960,154787,R B' R D2 R' D R' B R2 D2 B2
3624606,76315241113112,11,6,6,159085,26517,132573,R B D2 B D' R B R2 D' B R'
3624714,76315241223113,11,6,6,154966,25832,129139,R B R2 D R' B R2 B2 D' R B2
3624787,76315241322122,11,6,6,164107,27354,136758,R B D2 R' B2 R D B2 D' R2 D
3624801,76315241323313,11,6,6,172953,28828,144130,R B2 D B' R D R2 B' D B' R'
3624813,76315241332112,11,6,6,158308,26387,131926,R B D B' D2 B R' B2 D B' R
3625160,76315243211231,11,6,6,150511,25089,125427,R B R2 B R2 D B D' R B' R'
3625288,76315243323323,11,6,6,181092,30184,150913,R B2 D R' D B R2 D' B R' D'
3626326,76321452122123,11,5,7,257793,42968,214831,R B D R' B2 D2 B D B R' B2
3626332,76321452122321,11,5,7,262881,43817,219070,R B2 R B D B2 R B' R2 B' D
3626333,76321452122333,11,5,7,257829,42975,214860,R B R2 B2 R' B D2 R D2 R2 D
3626341,76321452123323,11,5,7,299048,49845,249209,R B' D R B2 R B' D2 R2 B R'
3626384,76321452212231,11,5,7,249575,41598,207983,R B R2 D2 B2 R B D' R D' B'
3626389,76321452213122,11,5,7,262290,43718,218578,R B D B' D2 R2 D R B R' B2
3626687,76321453233131,11,5,7,274075,45682,228399,R B2 R2 B R2 D' B R2 B2 R' D'
3626699,76321453311233,11,5,7,313223,52207,261022,R D R' B R' B R2 D2 B2 R B'
3626718,76321453313312,11,5,7,294265,49047,245224,R B' R' D2 R B2 R' D R2 D R'
3626723,76321453321133,11,5,7,261347,43561,217792,R B R' D' R B D2 B2 R2 B R'
3626745,76321453323311,11,5,7,300043,50008,250041,R B' D' R2 D B2 D' B D2 B R'
3627099,76321542211112,11,6,6,250029,41673,208361,R D B D' R B' D B2 D' B2 R'
3627342,76321543211111,11,6,6,168012,28005,140012,R B R D' B2 R2 B D' B' R2 B2
3627425,76321543311131,11,6,6,185605,30936,154674,R B D B2 D' B R2 D' R2 D B2
3627518,76324151112233,11,5,7,172362,28729,143639,R B D B' D2 R B2 R' D R' D'
3627520,76324151112323,11,5,7,208551,34761,173796,R B2 R B D' R2 B2 D R2 D' B'
3628198,76324153323122,11,6,6,170320,28389,141936,R B2 R' B' D' R' D2 B R2 B' D2
3629694,76325411111213,11,6,6,178421,29741,148685,R B2 R2 B D' R D B' R B R
3629697,76325411111312,11,6,6,220181,36698,183488,R D2 R2 B' R' D B' D2 B D' B2
3629702,76325411112131,11,6,6,163018,27173,135850,R B R2 B' R D B D' B R' B2
3629710,76325411113121,11,6,6,178806,29804,149007,R B2 R2 B D B' D' B R' B' R
3629728,76325411122121,11,6,6,176559,29430,147134,R B2 R' B2 R B' D' B D2 R B2
3629913,76325411331311,11,6,6,190173,31698,158480,R B' D R' B2 D B R2 D' R D'
3629944,76325412112121,11,6,6,221709,36954,184760,R D2 R' B2 R D' B' D B2 R B2
3630072,76325412231212,11,6,6,190628,31774,158859,R B2 D2 B D B2 D B R2 B' R
3630173,76325412333233,11,6,6,189493,31586,157912,R B2 D2 B R2 B D' R B2 R' B
3630298,76325413222223,11,6,6,175372,29232,146145,R B2 R2 D R B2 R D' B' D2 R
3630423,76341251111213,11,6,6,174106,29022,145089,R B D' R D R B' R2 B R' B2
3630426,76341251111312,11,6,6,217060,36179,180886,R D B' R D R D' B2 D R' B2
3630431,76341251112131,11,6,6,191729,31956,159778,R B2 D' B' R2 D B D2 B2 D' R'
3630439,76341251113121,11,6,6,175721,29291,146435,R B2 R B' R D R2 B2 R D B2
3630529,76341251221121,11,6,6,184107,30687,153425,R B' R2 B' D B2 R2 D B' D2 R
3630588,76341251311313,11,6,6,176488,29419,147074,R B2 R B2 R2 D' R D R' B2 R
3630813,76341252232313,11,6,6,172321,28723,143603,R B D B' R B2 R' B2 D B' D
3630878,76341252323333,11,6,6,188984,31500,157489,R B2 R' D B' D R2 B' R' B D'
3631017,76341253221212,11,6,6,194402,32404,162003,R B' R' B D' R' B D2 R' B2 R
3631061,76341253233131,11,6,6,156460,26080,130385,R B R2 B R2 B' D2 B' D B R2
3632612,76342511111231,11,6,6,147301,24554,122752,R B R B' D2 R B2 R' D R' D
3632614,76342511111321,11,6,6,189578,31598,157985,R B' D B2 D' B2 R B' D' R' D
3632814,76342511323112,11,6,6,155710,25956,129759,R B D2 R' B R' B D R B' R2
3632998,76342512232223,11,6,6,186805,31137,155673,R B2 D R D2 B2 R D' R D2 R'
3633192,76342513213112,11,6,6,226714,37788,188931,R2 B R B2 D R' D B2 D B' D2
3633291,76342513322111,11,6,6,236043,39343,196705,R2 B R' B2 D' B D R' D B2 R2
3633301,76342513323122,11,6,6,164798,27468,137335,R B2 R' B' D' R D2 B' D2 B D2
3633303,76342513323212,11,6,6,177689,29618,148076,R B2 R' B' R' D R2 B' D2 B R2
3633660,76345122211112,11,6,6,242737,40458,202284,R D B D' R B' D B2 D' B2 R
3633661,76345122211121,11,6,6,194559,32429,162135,R B2 R2 B' R' D B2 R' D B D2
3633684,76345122213311,11,6,6,162418,27072,135351,R B R' B R' D' B2 R' D2 R' D'
3633741,76345122311111,11,6,6,196243,32710,163538,R B2 D2 R2 D R D B' R D' R2
3633903,76345123211111,11,6,6,165592,27602,137995,R B R D' B2 R2 B D' B R2 B2
3633984,76345123311113,11,6,6,191342,31894,159453,R B2 R2 B' R D' R2 B R' B' D2
3633986,76345123311131,11,6,6,182700,30451,152254,R B D B2 D' B' R2 D B2 D' B2
3633996,76345123312211,11,6,6,155679,25950,129734,R B R B' R B' D' B2 R2 D' R
3635539,76351421112323,11,5,7,224883,37483,187406,R B' R2 B D' R B2 D' B2 D R2
3635548,76351421113322,11,5,7,167159,27861,139304,R B R2 B' R2 D2 B D' B' D2 B'
3636203,76351423321232,11,5,7,176682,29450,147238,R B R2 B' D' B2 R B' R D R'
3637740,76354121121212,11,5,7,206759,34463,172302,R B2 R' B R2 B D R' B' D B2
3637747,76354121122121,11,5,7,173511,28922,144595,R B R B2 D' R2 B D R2 D R'
3637878,76354121311313,11,5,7,176897,29485,147418,R B R D2 B' R B D' B D' R'
3637892,76354121313131,11,5,7,195000,32503,162503,R B D R B D' R' B D2 R' D
3637956,76354122111212,11,5,7,226706,37787,188925,R B' R D' R2 D R2 B D' R2 D
3637963,76354122112121,11,5,7,188562,31430,157138,R B D' R B R2 B R' D2 B D2
3638047,76354122212222,11,5,7,179924,29990,149940,R B R2 D2 B R' B R B' D2 B'
3638278,76354123211123,11,5,7,192788,32133,160661,R B2 R D B2 D' R' B2 D B D'
3638279,76354123211132,11,5,7,167440,27909,139537,R B R' D R2 B' D' B R' D2 R2
3638384,76354123313333,11,5,7,196691,32784,163913,R B2 R2 D B' D B' R2 B D2 R2
3638788,76354212213323,11,6,6,178959,29829,149135,R B D2 B D R2 B D2 B D2 B
3638858,76354212312233,11,6,6,184034,30677,153362,R B2 R D' R D R2 B' R B R
3638869,76354212313322,11,6,6,195983,32666,163322,R B' R B2 D' B' D B' R2 B D'
3638924,76354212333332,11,6,6,180157,30029,150133,R B2 R' B R' D2 B2 R' B' R2 D'
3639046,76354213222223,11,6,6,176716,29456,147265,R B2 R D2 R2 B D R D' R2 D'
3639100,76354213312223,11,6,6,165803,27638,138170,R B R B' R2 D B D' R B2 R
3643597,76421351131121,11,6,6,143138,23859,119284,R B R B' D2 B' R' B' R D2 B'
3657255,76512343213313,11,4,8,286599,47768,238838,R D2 B' R2 D R' B R' B D' B
3657381,76512343332311,11,4,8,285909,47653,238263,R D2 B' R2 D R' D R' B D' R
3660325,76514321112323,11,6,6,191882,31982,159905,R B D B2 D B' D' R D' R2 D2
3660453,76514321232113,11,6,6,176813,29472,147346,R B D' R' D R2 D B' R B2 R2
3662405,76521433232333,11,5,7,171039,28509,142536,R B R' B2 D' B R' D' R2 B D
3663842,76523413223231,11,5,7,179826,29974,149858,R B2 D R' D R D2 B' R B R2
3665389,76524313331222,11,5,7,222265,37047,185224,R B2 R D2 R2 D B2 R' D2 R2 B
3670086,76541232131213,11,5,7,293859,48979,244886,R D' B2 D' R B D R2 D2 R B
3670141,76541232221222,11,5,7,180706,30120,150592,R B R2 B2 R' D' R2 B D2 B' D2
3670302,76541233121213,11,5,7,186339,31059,155286,R B R2 D' R D B R2 B2 D' B
3670496,76541233331333,11,5,7,200644,33441,167209,R B D2 B2 D' B' R2 D B2 D' B2
3670512,76541233333313,11,5,7,226810,37804,189012,R B' D' R D2 R2 D R' B' D R2
3673431,76543211111111,11,6,6,385821,64307,321519,R2 D' R B R B2 R D' B' R B'
3673521,76543211212112,11,6,6,197967,32997,164975,R B' D B2 R B2 R' B D' B2 D2
3673561,76543211223221,11,6,6,160558,26761,133802,R B2 R' D R' B2 D2 B' D' B2 D'
3673664,76543211332331,11,6,6,160333,26724,133614,R B2 R' B D2 R' D' B' D R' D'
3673673,76543211333333,11,6,6,177363,29562,147806,R B2 D' R B D' B D' B2 D' B
3673744,76543212132323,11,6,6,176869,29481,147393,R B D' R D' B2 R2 D R B D'
3673795,76543212222221,11,6,6,169717,28290,141432,R B2 R2 D2 R D' R2 B R B2 D2
3673884,76543212323213,11,6,6,174460,29079,145386,R B D2 R' B R' D2 B D B2 D2
3673937,76543213113131,11,6,6,175573,29265,146313,R B2 R2 D B R2 B D' B' R2 D
