rank,input,processor,length,status,retired_instructions,text_bytes,static_data_bytes,elf_sha256,raw_report
275,12345672121232,RV32_ISS,11,0,782092,1428,126488,84dcd75df08fadf41756d5523678156f1042b8b64c75a6b82d439b047691212e,0000275-c3195ea34c69.json
291,12345672123212,RV32_ISS,11,0,875844,1428,126488,0708100ac56eea1dd3bd6a4405be255c6bafd0937c92a062c436b6494cad2a3c,0000291-7a696fcc57e5.json
435,12345672321212,RV32_ISS,11,0,733649,1428,126488,a5b459e50d96a672200376f12d62395ab276a421e93de9b183431db902076763,0000435-cf25172be372.json
547,12345673131323,RV32_ISS,11,0,853943,1428,126488,3e23e5c94a1e11e418ccdcda681df9c7ba42f48167fffe5a2203d2a48aa7519c,0000547-a6e76dbaa9ce.json
555,12345673132313,RV32_ISS,11,0,1234095,1428,126488,a2e58d6ece41360b2d73911f9095f36a6e580502cebbbe875e244a6c4545f136,0000555-a782dc5c2384.json
627,12345673231313,RV32_ISS,11,0,783188,1428,126488,e76c8d0acd0a58165e098183bb7a37a1ba2cf13047ed3634bebe5a6bc67c71e2,0000627-a8277e696e1a.json
729,12345761111111,RV32_ISS,11,0,1332888,1428,126488,4a7d388da2ae93ae5e7b0c2788025c94c8b8ee47bef47a8da4d5df060387131d,0000729-895f96c70fb4.json
1463,12346571111231,RV32_ISS,11,0,734110,1428,126488,1d066ed875c1550c18911424530f4358d593c2fb9694e3aadc163e30ce06fa87,0001463-b33c5bb115d8.json
2207,12346751113133,RV32_ISS,11,0,1135791,1428,126488,c577220cb4a130e7ee42606f59c8a710e5622b923ba81a0a6ef4c9e57bb50bd9,0002207-a8bf300c0eef.json
2928,12347561112212,RV32_ISS,11,0,922419,1428,126488,b31d9ee08de35d385120d1adeb40f1c5969b85a22fdf27deb75665998971cede,0002928-61a4e7902f1d.json
3645,12347651111111,RV32_ISS,11,0,3472907,1428,126488,620022b6ce1ea4f91a0d42b2ff89012a97d45ab343a9202962f26eabb1e11095,0003645-f56f4ed2e635.json
3681,12347651122112,RV32_ISS,11,0,736514,1428,126488,8ca2fcbd3540254dc16b0701a7e3f5037a5a1470b488d7983a278608440b0751,0003681-54e7ea10b6ce.json
3723,12347651133311,RV32_ISS,11,0,877897,1428,126488,91b2f66091e3664cc4997637e81f91047244dfddeb56ae38634c2272e41afbfb,0003723-0a033b4a7f3b.json
3892,12347652111221,RV32_ISS,11,0,791687,1428,126488,ead4469b0be6e38625ece37a96752bac945edc57f05dfc9d021263f6a45c3d4e,0003892-e62319b6c1c4.json
3938,12347652123233,RV32_ISS,11,0,798183,1428,126488,94f55a884462b08236064f943d2d7581c5305b9361008efd73fac80b3060a63d,0003938-cbf30d860ec4.json
3941,12347652123332,RV32_ISS,11,0,708381,1428,126488,9299e39f00908315d48b74dc4b83e4f775a8d1c38c3fdf488d25c1ebe2b0d18c,0003941-3905b4e5f68c.json
4019,12347652223232,RV32_ISS,11,0,576944,1428,126488,f8fab879386375b2b71d729359f7af75c32c55d0aaa4932b7a07432fa1a28174,0004019-79241af807da.json
4133,12347653111133,RV32_ISS,11,0,513946,1428,126488,8e516f475e7bf1dc598b241bb4320a0d9ec38186e56185e2d8cfb273ee6c0c76,0004133-4e5c3fed289c.json
4198,12347653132223,RV32_ISS,11,0,559153,1428,126488,007ff4f6d0daed29acd2231aefc88a7f77a227cdc43e1e83f3fb39f1fb6bfd31,0004198-0252d4304a2a.json
4201,12347653132322,RV32_ISS,11,0,646527,1428,126488,3bce6f720da9b2902e3e8305e007169115e66234524d635aee9daef70c9af558,0004201-3058e66ead30.json
4363,12347653332323,RV32_ISS,11,0,726379,1428,126488,8a866b66c0a1921f75e5c40bcd25a3c1a3b9bd52c51103c0b60f5bc6a4488620,0004363-2ed84038ac6d.json
4374,12354671111111,RV32_ISS,11,0,3628261,1428,126488,a4f5d87de905d2e9bff655ef862c5d0d9f7ea07d1baa0ba7dff24481d650cc13,0004374-9b9d56fe2e6f.json
5119,12354761112323,RV32_ISS,11,0,3163586,1428,126488,f02a978b5720c27750fed25f3576aa48d71dc609eb817049f3ef19421dd8f757,0005119-6626dbaa35fc.json
5373,12354762121112,RV32_ISS,11,0,710512,1428,126488,ed66f631710a87b3264cc8ed9482b1491de07d90253a7cdaf9406aaa25955d34,0005373-f1cf0c9b21c4.json
5376,12354762121211,RV32_ISS,11,0,761919,1428,126488,91336ba042a155c1f87e257ebbeb88e699dd7ed2f69c7d4336595c65ae85e9a4,0005376-84687ab246b8.json
5509,12354762311123,RV32_ISS,11,0,688229,1428,126488,3c1f788fbb7ee7cbddfa6f44104f290628d8d595425b5fede772783158e765de,0005509-e80b0b26d733.json
5645,12354763131131,RV32_ISS,11,0,591501,1428,126488,a437d203bf8d132b8049d25958d3f1ffa17d683d741bf49657404a2eaf3b965a,0005645-068f6a2ceb13.json
5661,12354763133111,RV32_ISS,11,0,597059,1428,126488,e9be2115650cb9405039e5577c1b2040e77bb3ea55344b75267bc79c6de1c5ba,0005661-e070e17bfbea.json
5671,12354763211123,RV32_ISS,11,0,741643,1428,126488,36ffb4600774841a318d4567687091293b651480e0e08ad02fbc490aa591d273,0005671-99df598dcda1.json
5852,12356471113133,RV32_ISS,11,0,633984,1428,126488,695cea1e8000c43aaec1f9b7a3f66e7595d607b555688574174f6f94e80fb149,0005852-6f82165e9456.json
6635,12356741133131,RV32_ISS,11,0,645512,1428,126488,3d3a5dfde539ce7b6df1ef62336fb11fce66ec1eb38ebcc10e51cf9cc39b09ad,0006635-02f7db0ad92c.json
6743,12356741313131,RV32_ISS,11,0,838574,1428,126488,2b02139127507125b3a172e2556bba119d740ab0f782f3f131969b83ccdb27df,0006743-b6b07f4a8395.json
7067,12356743113131,RV32_ISS,11,0,671498,1428,126488,9d6f13895e1b0312039c1d1aad2115bb5eb1abb23ddd985f2922f954f6ca6d43,0007067-c97424742205.json
7294,12357461111222,RV32_ISS,11,0,672265,1428,126488,23b7a052399e18cc3505b789f067634cd33dd75fa296955a273f00b264fcb166,0007294-c2030519c931.json
7316,12357461113331,RV32_ISS,11,0,808150,1428,126488,caa69acd8b083bf2bbacab01ca32ac31f0aa6aca9326c28b4382effe7351f14e,0007316-1de67a1abe26.json
7614,12357462211112,RV32_ISS,11,0,828831,1428,126488,50d0b32de597a98f7d1490b87d771596092d0f2f2f175fd1ea06e033ea90d880,0007614-1e512366753d.json
8045,12357641113331,RV32_ISS,11,0,741254,1428,126488,379f89463e51a7688dc8c2e615e7f5bd983c4a4af950f9fa2c791373e37c4375,0008045-7629f6e0a8ea.json
8760,12364571112212,RV32_ISS,11,0,763824,1428,126488,e8cb8c8bc18687d455f091f4ec16ff246ffcddb2ecc83bb5ddacb1e7a794c901,0008760-f0f1cd867f12.json
9489,12364751112212,RV32_ISS,11,0,630176,1428,126488,f18465efebf4e50c3dfbd2054c9a1a3370721b6f189b83eed337033217e98468,0009489-1d3b801d32a8.json
9497,12364751113133,RV32_ISS,11,0,1068054,1428,126488,5e861d47a18d5b50748d3af69840185ad24ddd6ec29c58fafb1106a0221ba1a3,0009497-707c3d2876e0.json
10127,12364753311131,RV32_ISS,11,0,668891,1428,126488,65f05dd480399c896b76ef1629bb95058e661a96ab42f135866f4e0f58b20a0d,0010127-6e9ca2b980a2.json
10206,12365471111111,RV32_ISS,11,0,3597739,1428,126488,5a54a313ae273f16ff958901e857ab430df8ecb3b3b11e5f6b2fde6b25bb367b,0010206-52e2cd17ff6b.json
10288,12365471211122,RV32_ISS,11,0,789753,1428,126488,e3914d3c4ff4417b22ff7a5ad502467deec691fe6b3eb2f99aacae7726c902a1,0010288-f69bebfc3c27.json
10386,12365471313113,RV32_ISS,11,0,627094,1428,126488,3f0e803d3c469aa28dca550d0c5a5be5f8c90a40a3867dc8311524e4eb86794c,0010386-e558bd20e892.json
10580,12365472223232,RV32_ISS,11,0,589166,1428,126488,8d7d76c587a541f2574e20b9683f9b389c1ec0bf63a56110a5009c4df51109bc,0010580-37559d1d15ef.json
10643,12365472321233,RV32_ISS,11,0,565192,1428,126488,4214ba04896d227bdad890499ff8eaf5b673838e21fc131bc9df9c8fec490810,0010643-4dc57db26500.json
10842,12365473232312,RV32_ISS,11,0,528335,1428,126488,e46bb0dd9a071ed93338f38aba6a19ed46107ef6bc0198266ac768e860d7a22d,0010842-c9ec080901ac.json
10924,12365473332323,RV32_ISS,11,0,488103,1428,126488,e4a108803ba886ec1e722c62f0de32e85bf307fb05d3dc20eecb6201f75394ed,0010924-33afb086a6f2.json
10961,12365741113331,RV32_ISS,11,0,797059,1428,126488,2aed28b7ecca5280a9524539b3b1bd94962c2d35c509448be31ac5aa514b2dcd,0010961-4b70bbf896be.json
11717,12367451123333,RV32_ISS,11,0,1110500,1428,126488,b7cd3323a987c58c2df990c1bc82976d4ee9df31abdb681f8e76ce9e0186e12e,0011717-701d99873baf.json
11731,12367451132222,RV32_ISS,11,0,540003,1428,126488,cbfe6c17d648b95e0402e0db6e825462de7c0e9ae9d5d318fad3bd7e707ffacf,0011731-72462864f030.json
11771,12367451213333,RV32_ISS,11,0,759740,1428,126488,0e36e976a2dbc7424e5e73f3354cd11c13f86e4c0647f7a5b5aec98562a19f0a,0011771-301fc52a664e.json
11839,12367451312222,RV32_ISS,11,0,1124155,1428,126488,44909c09066287fc3bc951cb42d843b0923977fd77fbc44844a55c47839d5fa7,0011839-6f8e9b2b3600.json
11933,12367452113333,RV32_ISS,11,0,707322,1428,126488,5b0d8c0cce592c42dc1e7d4f0141c2d4034d51b980369f34a93c8906f9ad5f0d,0011933-3966638afef7.json
12163,12367453112222,RV32_ISS,11,0,631139,1428,126488,f046336edd314c226a3a73a3da68640b10dd3af3956aadf41669e5188e13969f,0012163-29e3f348c761.json
12405,12367541112212,RV32_ISS,11,0,1019354,1428,126488,ff005d2cc7cc32050099db41974569879dc05e302eec579a819a5a709dbccfe1,0012405-31d36c8b1231.json
12419,12367541113331,RV32_ISS,11,0,1086075,1428,126488,c98805a2b9dd2a2ef86b8e17fa90de4eade162b2d4719ea6bc0d56162634a0af,0012419-d73bafa7c667.json
12611,12367541331131,RV32_ISS,11,0,652517,1428,126488,05162050f152c7010fac0efd64826dac91f18d612ca739f9f09997d83b5e9cc8,0012611-a9eb848dcd7e.json
13152,12374561121212,RV32_ISS,11,0,887571,1428,126488,f2051c371db34e84f2bf0522b20db251b176aa66fade0308a70973997522a4b5,0013152-7f96eee34177.json
13206,12374561211212,RV32_ISS,11,0,662022,1428,126488,c942a505b72fe9eed3af60b84352eb34f708ee32ea77aade1ac39b5136abbb99,0013206-22470dfbfc67.json
13368,12374562111212,RV32_ISS,11,0,743549,1428,126488,21c22dad7f55a90e65d6a270c401d2003377ecff616b2af742c12487e21f9b3e,0013368-3ce0e9fbb9ec.json
13855,12374651111222,RV32_ISS,11,0,749659,1428,126488,c604612136f361a8ed590ac018011ccba79faac87781fc284d3d4a267206e0ab,0013855-7d122700c322.json
14584,12375461111222,RV32_ISS,11,0,747332,1428,126488,bf91fe5755c1f2cfc263da04afa28ac794022c818590de4670e440399dc2bff8,0014584-c4063c48fa78.json
15327,12375641113112,RV32_ISS,11,0,635031,1428,126488,37c7d81e7b1dc58d185b0eecb1e066ac9190f7439075104797a519359a4c4f6b,0015327-5c4ca30696ca.json
16042,12376451111222,RV32_ISS,11,0,783700,1428,126488,907836151a32aaab137ed17c56a0e7146766625b4f4f191b049349625eb22c69,0016042-9924449cf62c.json
16058,12376451113133,RV32_ISS,11,0,871035,1428,126488,994cc516d8666ca197f348fe1e53386d4c3f7b101876e1dd2f253d2c40bb175d,0016058-dcc7b70c85a5.json
16149,12376451221211,RV32_ISS,11,0,624261,1428,126488,50dd001b07d54229f479418fd15e45fbda269574aaa3298e82d089f72200822e,0016149-1a25e7741855.json
16783,12376541112323,RV32_ISS,11,0,2556146,1428,126488,5cd097bd33c606d415c765fb9433ef0f238d3e098f0aa2b6849f0a567b5e9801,0016783-0e6dc566d5a7.json
16916,12376541232233,RV32_ISS,11,0,1204006,1428,126488,ec96a61ee0db9be8aa9c655dae6f0838dbaeaaef212dff5ebf1755ae8e5c5212,0016916-b794b5d799af.json
16970,12376541322233,RV32_ISS,11,0,720934,1428,126488,8e8709865be9100e5fefc674ee2fd81185909a349d5cea403e515bc51e341f48,0016970-36a94f4b55cf.json
17042,12376542121232,RV32_ISS,11,0,526159,1428,126488,80e9e6829e9bafd9e0c55571c37261ebb7dc2d29868f65ca285884c1da38cbd4,0017042-fc0de69001da.json
17058,12376542123212,RV32_ISS,11,0,688295,1428,126488,3bf009eaf43ad05e7ea01e2a6f23eb0e9d1c76ba3c8973fa93da8187ae26eb66,0017058-c1ea1b2d4d2f.json
17327,12376543133132,RV32_ISS,11,0,509907,1428,126488,c650cdf4ef3a32833e0548cfaac9a72b41f16f205f68bcaf6e2263c99b9be383,0017327-4ccf21cfc39f.json
17330,12376543133231,RV32_ISS,11,0,521056,1428,126488,c372e7ba844a857264507b62eefb1d4b51aee3f037ae2b18b00742bf1efbad62,0017330-236834d34ad1.json
24127,12456731132321,RV32_ISS,11,0,1119499,1428,126488,cbe39a03a1c1031afc58aec95c76e91e74995cef1a9f09b9c331627057d5f2fb,0024127-ba10a27abe2a.json
24214,12456731233223,RV32_ISS,11,0,546594,1428,126488,8a16bafacd217ed388b24d074903322f05fdd6f207bacc0cb9a74e08058a9f42,0024214-36f60db08acf.json
24676,12456733223321,RV32_ISS,11,0,431052,1428,126488,ce781f2e20f04892403fb443e9697ab9a98e20ad89ed2847a40af791d6378dd1,0024676-a4231ac0f7cc.json
27113,12463751231231,RV32_ISS,11,0,542410,1428,126488,577327453220f8984e8a3bb90547ed9d4bfee945941e263937bc13634614ef02,0027113-b3b31d356683.json
29215,12467351131121,RV32_ISS,11,0,603345,1428,126488,820b4b840b541a855d108f0c606983c9f99d17f5a21f8f4579a0f2d6bb5844ae,0029215-14ba7d1b61ac.json
29302,12467351231321,RV32_ISS,11,0,658053,1428,126488,8944552f3060acc164b8582d8f4326d61f2d14e51a8f54b8bbea852ada41152c,0029302-a5cc5aa5de9d.json
30682,12473561132123,RV32_ISS,11,0,874526,1428,126488,96eb897dab658140700c883a289b2acac0d301bfc44d9dfc7b1516ac5bf1a788,0030682-25639c2669c6.json
37195,12536741112323,RV32_ISS,11,0,2311392,1428,126488,5f4e6bfee0f991a7dc74d19274df0162baeab1190a71e53d8258a7d0811c17d1,0037195-ff935a0d9790.json
38133,12537461332112,RV32_ISS,11,0,385913,1428,126488,1a649d85bd87212c00356a26cf8a8a2bbef1c85eb370b3f3bf359bb359187bdc,0038133-a74b03d48f57.json
39366,12543671111111,RV32_ISS,11,0,3650525,1428,126488,1deab41ac2f9a8458fbf8f4a339228938d6e41e4178c3e024d2abd48e691e9a4,0039366-1e9cb22d9e24.json
39450,12543671211212,RV32_ISS,11,0,782969,1428,126488,5ce9bc80a45865c93079bd1bd27fff15b09ee6493945c7a2e08c2b9e0559b655,0039450-dff80b560adb.json
39582,12543671331113,RV32_ISS,11,0,633143,1428,126488,6ee390a072fbef459802cf1d82b4201c57220fa2821bc7a637ceb8823a21c52b,0039582-f486ece2dd5f.json
39637,12543672121121,RV32_ISS,11,0,625178,1428,126488,a809766f3a17331a31766e983d0ef502332deaf8efa4284d70cc6bc930e66617,0039637-5aa9b67cc927.json
39806,12543672321332,RV32_ISS,11,0,583323,1428,126488,1245b771718bfe5418f30f6b5d52752f18e6e25df025198e991e41258d50627f,0039806-459831ff7194.json
39812,12543672322232,RV32_ISS,11,0,495745,1428,126488,620b3177b031ba014e5501acca983e0fae3a990380e021332a3c7409578a4b86,0039812-8f8fe7e61e2f.json
39830,12543672331232,RV32_ISS,11,0,537402,1428,126488,4954a6d6cb65c59c60cfcd40f5aa11951dce8081ec601636d5fe46a6ada04e1c,0039830-639a1e7e0b5f.json
39860,12543673111331,RV32_ISS,11,0,536200,1428,126488,c45e18966a725e82a0b9118aa0231c0820bd3863a946261ce5e6f4dc538e9109,0039860-6b9f8b1594d8.json
39967,12543673221323,RV32_ISS,11,0,557935,1428,126488,f90cf0910db95ded88ba15eeb02b965e1421bbee0e4b6e0140568d8157015a15,0039967-6d0ec504c464.json
39991,12543673231223,RV32_ISS,11,0,500267,1428,126488,e5d1f3ce0f395303786e03721ebd5bd2de0af1cd6460b513af6ebdf6e89ee031,0039991-337c73fa974f.json
40012,12543673233323,RV32_ISS,11,0,585719,1428,126488,c96fb5827d71dabe65a2291ba88e4fe6a59d4fa9e52cfbe22b6137e87e3d28db,0040012-3a2c4ed4c97b.json
40940,12546371221331,RV32_ISS,11,0,476953,1428,126488,366c2c8943b088b3eb1c8fc89ba2f22d9e445221732fd40fd96a2e6e9a0ad901,0040940-8ef759b5537f.json
44040,12563472131213,RV32_ISS,11,0,558481,1428,126488,fa96e955856a3b23f8b14000bb73bdd4881c0fd2d00a53b5878831823c674445,0044040-b6245330a216.json
44283,12563473131212,RV32_ISS,11,0,689257,1428,126488,da3fa9a02da08c35997064207f179be1505a34401841a3ff1b4eb60645be50e3,0044283-4750c0f562e4.json
46621,12564733323122,RV32_ISS,11,0,439570,1428,126488,8dcf267c242ba1e31ea142ab149edad8ab8838676bc2b78a4e9a7455f69afb17,0046621-7349a7ccd790.json
48023,12567433232333,RV32_ISS,11,0,581303,1428,126488,f6b5d4c63126743d6838ef8220a10452ffe0a4321b933ac2f53cdcdcc68ae73f,0048023-0a83826e78f2.json
51610,12576343212221,RV32_ISS,11,0,552900,1428,126488,1125a91ea3c364ed03ea3236b7811e98ce7fe09a488a26ddd90aa7b957213377,0051610-7098c43d0f17.json
55467,12637451132111,RV32_ISS,11,0,805010,1428,126488,1128da048d69e037abdd78b1c85a7f93e7b56db0879ff670386fdcc8f49e469a,0055467-36a7fe5d434f.json
55629,12637451332112,RV32_ISS,11,0,408105,1428,126488,d109b06a1873f684bff5668f959bf617feb1e633a06ec3e081bc9d4692673e7d,0055629-f45320d6dc76.json
57058,12643571321321,RV32_ISS,11,0,386168,1428,126488,e7ec50a8f94bb29a0d7901cab4326e3acdd376242d6260cbfcf8051dfbf5727a,0057058-9ba5da1470e6.json
58375,12645371131121,RV32_ISS,11,0,849531,1428,126488,de17c5ec250d33c8b2ef3f8eae333bad285ae42032f7486cb38611185d0567d8,0058375-ba1561c76d30.json
66800,12673542331133,RV32_ISS,11,0,505687,1428,126488,1af799637d12c2b4a48d554497766b54a259a9d2993cfa70e8271f4122389b21,0066800-a32df1aec050.json
70000,12734561112323,RV32_ISS,11,0,693067,1428,126488,c7247abfe2a99f396262d9b1056de62aa930aecd2673cdfc4245f690bbf9949f,0070000-5acf5dec5e24.json
70187,12734561322233,RV32_ISS,11,0,804156,1428,126488,f5ee3b60c769c7cdb641e82586a29b4ac42cadadb51b189d8883e9b9b392c2de,0070187-44c684d7844d.json
70411,12734562313223,RV32_ISS,11,0,401605,1428,126488,4000ad2b52f197893da3dcd5b507405f3b885f80efe1f88f3d44adc9d8f237c7,0070411-984bfb7f1f83.json
76545,12745631111111,RV32_ISS,11,0,1940459,1428,126488,bd74fb6d7cc7cb295a27c6558459a44747fcf3227ffaf2c64f1f41b59bd11f05,0076545-e47a3303e5bf.json
76789,12745632111122,RV32_ISS,11,0,697320,1428,126488,2260248bb853f726a1304ade09c7903a99ff47218dee8958719b3e5117c37df2,0076789-eb22359fe484.json
76881,12745632212213,RV32_ISS,11,0,544763,1428,126488,cdd4d22b307d21a10c45de96476b613c05aab456407185456918d7a19f0f4584,0076881-46c204d5c986.json
76909,12745632222221,RV32_ISS,11,0,622981,1428,126488,853e023d7517df4a5f0e5f8809c0d1f7f851818335ec278d0627e3896251aceb,0076909-ca0e009b5f0a.json
76935,12745632232211,RV32_ISS,11,0,570909,1428,126488,0fc7e3dbc5f80f724fbda97e3f516b2614b1c48d5352f3a3cfb91f16cb450ae1,0076935-cd0bd16b91e2.json
77087,12745633131131,RV32_ISS,11,0,539592,1428,126488,283ae53238ed214f1242e858beab3f2c4daad28750d33e2214c885261831ece9,0077087-229b176f86a9.json
77217,12745633313312,RV32_ISS,11,0,521755,1428,126488,53e1d9bfe2cc3a963b257f9509218f206b47d213317255d4ff2fe25fbb5fe28a,0077217-f4ced5e3b64a.json
77219,12745633313333,RV32_ISS,11,0,499701,1428,126488,8394c169cb75ed33c9be256056bbf47d843a51a352915cf9bd103f37c4b73857,0077219-35253819b84b.json
77244,12745633323311,RV32_ISS,11,0,637651,1428,126488,05fe72645ebaed404a7fcfb6dadef7b8745f404109a5c80c1e530c23ff6a62ae,0077244-0e2794cb7ad2.json
79117,12753462231323,RV32_ISS,11,0,577856,1428,126488,2c9491e60b9334a679f0eda56f2d18fa8f9f43a993c2adcceab7ec0783a4088b,0079117-4057d9a27fec.json
83552,12763452322232,RV32_ISS,11,0,648683,1428,126488,e7488e7e0488ff00bf71700e86fe5e33b354c81aa2e356e0e4328287c7ff2b2d,0083552-47a71ceb7ff8.json
87027,12765432121313,RV32_ISS,11,0,468586,1428,126488,f78b18d13b6edf2219d7c02ce001c38e7b2cf670095f77abd3700cf79cb03598,0087027-e7273fbd27c4.json
87114,12765432222212,RV32_ISS,11,0,1505279,1428,126488,2f1095c3cefbe9a39c633a022fa06edb47b9f7f0485470a5636d6ee317796b0d,0087114-6dcbbb8f5c70.json
87267,12765433121213,RV32_ISS,11,0,992708,1428,126488,5f789e0705201e278fae2428f6714b956403f15b976ec9ed49cf1b324b38a212,0087267-afa9b77a0a29.json
87461,12765433331333,RV32_ISS,11,0,860708,1428,126488,a2da88853dba07ded230c6530707e1a1acd43f473c5e2e7304f0a040d0078174,0087461-73600b2df114.json
87669,13245671321111,RV32_ISS,11,0,769233,1428,126488,38a62dfbeafc3ca40104b7732ce490128e62cd6d923fd565954da0b521b08a25,0087669-b8554abccfb7.json
88938,13246571111111,RV32_ISS,11,0,2631297,1428,126488,8cba58477cdc415b7788bf5bfe153808bdb472da98eb122c1d7a98a21a69de05,0088938-98ad13522a49.json
88952,13246571112233,RV32_ISS,11,0,554852,1428,126488,ff60f52b94eb91de8e504a8f9b804e33ed1599d06c5ff4eefb9ab84c71336ba9,0088952-3a7bf8b37e98.json
88961,13246571113232,RV32_ISS,11,0,701807,1428,126488,e87aed8156100315665635f457846c6576f8c2bf203a3e76b0d7a5d863d03b4b,0088961-ca2496429d26.json
89378,13246572321332,RV32_ISS,11,0,573553,1428,126488,ef5b41a4cfa7dd60cc9ffa4cf72e90b202dd43def403c5cd55b896d7501fdb7c,0089378-62e38e1e0783.json
89402,13246572331232,RV32_ISS,11,0,528107,1428,126488,cc85087c54077e9592779b095c46ec36637926fec793b4cd895a755173108a7f,0089402-141197b61a46.json
89537,13246573221233,RV32_ISS,11,0,552079,1428,126488,8d8ad7a0c80f2ee7f79587c8b240944c5f9d0550101ee5332ce89656ba6badf0,0089537-2eb00bdb8007.json
89617,13246573321223,RV32_ISS,11,0,544891,1428,126488,418326c3ddbaf2284f945a1548d77c61c335c6a18b71c1ece2ff4cc25f2055d4,0089617-33f16017bd88.json
89985,13246752133211,RV32_ISS,11,0,725274,1428,126488,93522597a618576f3b3d7b66c617b1a1c0186b350ec968b8f7fe95e3f41a25ca,0089985-39794327d248.json
90974,13247563212131,RV32_ISS,11,0,637966,1428,126488,3748af9effd40767297054d2394f09fc2aae359a6163c432f4d4556e7b203d4b,0090974-75d405273de6.json
92786,13254761322233,RV32_ISS,11,0,722660,1428,126488,a3bf299e7b0762b287997f5a09bd2b09f29d1f31dab2e0c9264f2c38d7f229c0,0092786-7b2a602bf3a0.json
92797,13254761323322,RV32_ISS,11,0,608208,1428,126488,07618705bde4f7b7c21ffa6c8df79a0b73880dabbb736f9805c18e47c87b0a80,0092797-873e35a51d31.json
93020,13254762321233,RV32_ISS,11,0,690464,1428,126488,b8b49f189bb2498bc2ef750080f279ab767b192fe1181c735ed646488ac065bb,0093020-321ebfbebf97.json
93277,13254763323122,RV32_ISS,11,0,532826,1428,126488,74c3458a56367b519d76f5f79484515d3f28b1585f8df2c2ef3efa20aea2ae55,0093277-2d0e734373e9.json
95513,13257641112233,RV32_ISS,11,0,655004,1428,126488,fd900e2cb58a30cb1b77c0bf6692d83c2a6689e157345d81aff4e16879eafb7f,0095513-56dcf45f9502.json
98431,13265741112323,RV32_ISS,11,0,2135730,1428,126488,adeeeeba44f49190f648740a1c3c02343c29deaf4615319384a4b4f8c44fed45,0098431-188deda281eb.json
98718,13265742131312,RV32_ISS,11,0,629304,1428,126488,6fd2bf646fde806d5ed0636d50b90c91345761df514f61ab5c29f0ff67ddde3c,0098718-2a822a616ad2.json
99183,13267451122211,RV32_ISS,11,0,940369,1428,126488,77604e59bf4f20d49d7b2dafcfacd1c2c81ae77988b00003c4d2ea69003ad99e,0099183-12b1c158d7b1.json
99308,13267451311133,RV32_ISS,11,0,1460896,1428,126488,34aec04288366db3601414328299f23ce58c3c3c2a983c01c4ee9c7e39e164ce,0099308-eb9f7d56c4fc.json
99875,13267541111132,RV32_ISS,11,0,888157,1428,126488,ab0fac05e02217522c2c0771f02c6dac7dae749e25c97c74cc3b41ac6cc5cba4,0099875-4b674d3be4c0.json
100020,13267541232212,RV32_ISS,11,0,750201,1428,126488,0adf06454fdc573192cff783faaea391b19ab92d9ffa479b622cb409ec9eafb3,0100020-6908aa7c9f21.json
101347,13274651112323,RV32_ISS,11,0,2054447,1428,126488,b51f8b348e9c2320c9e3aa99bd11ebd96b5436cbbd5e63d4e25494f03948f659,0101347-b764fb7560a3.json
102074,13275461112233,RV32_ISS,11,0,969498,1428,126488,abcc368853f0373fd94b1722927975f69a601369bd1571857ebc2d51cc3200ff,0102074-8030ec2ac920.json
102648,13275463213211,RV32_ISS,11,0,581117,1428,126488,58f67c163d4ecd32c6ecb84051055383faee01e52b343b259d058e44427a65bb,0102648-9cc9a2760217.json
102803,13275641112233,RV32_ISS,11,0,1074001,1428,126488,b1b5bb32cc52eb95f6da2a85ff07a990ec92bf7906401eaeabe9c0b4fc8d5f58,0102803-58f735005b49.json
102805,13275641112323,RV32_ISS,11,0,2276998,1428,126488,3b64da738c4b9447e9d2f15b30bccb7a1b68b4119cb89bed9d6c3c8144f845d4,0102805-c520540b2f4e.json
103094,13275642131333,RV32_ISS,11,0,486523,1428,126488,85a2030356f59ae3e77e347591344bd1d8de335db44ad2aea38ac6aed4ccedee,0103094-4a8737e79a63.json
103369,13275643212221,RV32_ISS,11,0,661066,1428,126488,84b7e8dabc542d03f1478fafe4dd038f9a4f2b15f85111c4fa3b4157c9e9c559,0103369-9d6294b8d4c9.json
103539,13276451113211,RV32_ISS,11,0,815048,1428,126488,bf86c33cc9ac655c3091a1a513dfb92d5fe6ac13e24ee8420b9f4ab2084598db,0103539-466a6d77d471.json
103673,13276451233133,RV32_ISS,11,0,783749,1428,126488,4bbf1858e4d042d70aa2a231effdb01834a708e725457249eafb475203b84149,0103673-f4bb885f0522.json
104320,13276541133122,RV32_ISS,11,0,621906,1428,126488,0f61a5469e1426c5c8840ddc9b21dee1b6d322ffa0b70f72ee24ebeca25063c9,0104320-2b41b7fa12db.json
104352,13276541213312,RV32_ISS,11,0,869691,1428,126488,11973b000037b700b73af1c4e737322a6a38ecb119d65827a2bc6f26366af09c,0104352-6bd06b0a2e8e.json
104437,13276541321123,RV32_ISS,11,0,623467,1428,126488,3d79eaf4a73ef403f51aecbc27b7de52fd16acca6e26615c1deb714153750ec8,0104437-3fb7a12fe9a7.json
104451,13276541322311,RV32_ISS,11,0,687576,1428,126488,bc9d5a050f0e23c102067be4d4c8d43decd1ef652d07a8ec891490ce17c32be5,0104451-e8aab1fca1ff.json
104454,13276541323112,RV32_ISS,11,0,601593,1428,126488,c570876d96c4d59061fe8b9ad1f9b45ba8e61adf44426558e2fd77487fd15342,0104454-828fb0b98ac2.json
104461,13276541323322,RV32_ISS,11,0,605435,1428,126488,927df975d8f7a1b7b5ad56f0622ca80ff71535b945e0a2f72c54e299c9bb8bad,0104461-42e9c2a283c9.json
104703,13276542323312,RV32_ISS,11,0,598557,1428,126488,79abdee6926cd558d5fd57ddf4a9df6150067579dccb1ef164fdbbc548e366ad,0104703-7051df371ba3.json
104941,13276543323122,RV32_ISS,11,0,435110,1428,126488,33a6d1d55cc89c3cb7bac01fa7885ae8630815d0d9996325abe9bc448dae1036,0104941-8f14b5c3fc27.json
113724,13462571111111,RV32_ISS,11,0,2253683,1428,126488,1bdd913357a6e8e77dfeeffd18202daf2fac7335d92ab62898495931a2efa6f9,0113724-ea83529a1fb8.json
114072,13462572213311,RV32_ISS,11,0,692171,1428,126488,dbdecd1e931dd2ce156f50ec8ed6fc441224ef0f0cde25eb0663bc6babb91153,0114072-cd83381f30f8.json
125469,13527461211113,RV32_ISS,11,0,756357,1428,126488,c81f4c1677f6b92d7f2cd595281b7fafa0a73390f5566f3dca3b79482af29421,0125469-e2faf5350386.json
126986,13542671231231,RV32_ISS,11,0,416305,1428,126488,0a942f234c582bef852f6b66e567020c6ca87b275f312f370b0327ca11b9b0cc,0126986-f1a5a4f70b9f.json
128406,13546271213213,RV32_ISS,11,0,469943,1428,126488,f0f55d898da24a89f303725cdd0471fb23811f755774ebdb1387cdd8194387c5,0128406-46f7cd43a138.json
128444,13546271231231,RV32_ISS,11,0,602815,1428,126488,0d5c5af3b28b62bb7eaefc9c2ddd93ace5f5e76f46beaeb6c4025a055a5547a1,0128444-dda78ccf0a4c.json
128500,13546271321321,RV32_ISS,11,0,383881,1428,126488,ca195fcde6d686b5dceaf0fd86dc69cf6c349523e549c7b221d0de863aeb1e03,0128500-25d2cd346708.json
136361,13572641122133,RV32_ISS,11,0,2069204,1428,126488,17e612ff3db967c613928c191a510a1685b610ace18d8c8ce3a5c5777a38a281,0136361-cce3a11d2253.json
138684,13576241312213,RV32_ISS,11,0,1539066,1428,126488,17b390819e78345c082ba58b217a5bd1aa89c70697e13b7c4b72391b349ed495,0138684-a8cda2e7d5f2.json
138706,13576241321321,RV32_ISS,11,0,426801,1428,126488,f628eccc7eee0d9f52f9e11c424ec177cd4ae1c893714cc59d146db9f16aba6b,0138706-664aa5eeaf1f.json
143109,13627451332112,RV32_ISS,11,0,311381,1428,126488,5374c2692df1cd979fad62a34af8730993d50ce93e124ac78c0c850580d20633,0143109-4c6965750752.json
144454,13642571221223,RV32_ISS,11,0,497868,1428,126488,07967112ffd85423c13fbf7fad3efd2f5bfb1309f22eb70843a925cf617c0823,0144454-f95d0616ca23.json
144472,13642571223221,RV32_ISS,11,0,541552,1428,126488,2afc8cc60c707cd1791f6cab3b1a1d3313d613fa54c63aa9410ee4012807a92f,0144472-634dcdabbe28.json
144940,13642573221221,RV32_ISS,11,0,774477,1428,126488,338200c10b2c26281f45692d8db32f0cdba6c147ad626c75660af8b0329c6b21,0144940-f1e44bcb55d7.json
145916,13645271221331,RV32_ISS,11,0,438203,1428,126488,9b1b047eb6e0d20c20b914b60717146379d28604eb11d610a817716c173118f4,0145916-96e780d6b077.json
147987,13647521111111,RV32_ISS,11,0,1599219,1428,126488,8eb81355e9bf53c03d5b0c38223e14c87d13c7f9e10206846013f6adde907292,0147987-471d2cd57d44.json
156022,13675241112323,RV32_ISS,11,0,1598484,1428,126488,aa99f8aead7f42f26df189d9b9250c9c6dc7fb35ab2df6e1eaa1512f5ef7f61f,0156022-8c1bcb7bcd10.json
156471,13675242331313,RV32_ISS,11,0,392155,1428,126488,128a81a1bad3e9373790e835618e1b04a5a252ce999fd455351698e25a107ed8,0156471-b002e8439d80.json
160121,13725642332132,RV32_ISS,11,0,600711,1428,126488,656204722ccb7de3338b293b229d14a0e4ff49a74d22731f702c18d0fe4afa9b,0160121-f3b6e3b1da17.json
167965,13754262123323,RV32_ISS,11,0,1132058,1428,126488,d5cbccfa56166a7599670f0442af0695e05e2cccce83a80a6dc5a32b28d22fad,0167965-d8d30cfd5476.json
170782,13762451321321,RV32_ISS,11,0,352512,1428,126488,d1ef6fd8605b009b960f938f26a27e80f5b052511de59622b7fda7fb5c41913b,0170782-30d0df12d030.json
172131,13764251211311,RV32_ISS,11,0,494964,1428,126488,dd305679292ac1cdab71be56a65feb0eb9d13675447bc7fd1003c0af36273547,0172131-5b7a3878890e.json
172499,13764252323231,RV32_ISS,11,0,551820,1428,126488,5b75e8dab2d4fec97db18faf0a5263e9771394a43e997dc8c440c027eddd6c27,0172499-861578f0cecc.json
174504,13765422121211,RV32_ISS,11,0,849380,1428,126488,a24c505c070085ef99b6ec03f40e93985e3e7a56cb1e3b78308719722372cf69,0174504-3e3fbb288e29.json
184492,14263751131121,RV32_ISS,11,0,788921,1428,126488,f5b86115fb8f9be207708357c3edf97e3bf2d5c482bbb2dbdad9df8950ddf4e1,0184492-9d5a9e720d23.json
186820,14267351321321,RV32_ISS,11,0,486504,1428,126488,d9ef7e793532479eaee12d22de5ae7b3b4fb3d1e3302e6f52bb08accd27c6616,0186820-7abf085cd0de.json
190963,14275633323122,RV32_ISS,11,0,484352,1428,126488,05d82a4de9320c00ac878465028028c73ad4aa23593e1af6f75194ba7741bba4,0190963-8e1e879de9f3.json
192456,14325671111111,RV32_ISS,11,0,2259966,1428,126488,dc4769c5e974d3f6961922e44279f2e08a8d498038823434d7327fbf9f6d716c,0192456-fec6dea68378.json
192709,14325672112121,RV32_ISS,11,0,446003,1428,126488,5491249ebe0b7d8d028e91bbc0fbf821623eb22106541d4233978087db99c0aa,0192709-60b97caa4a86.json
192841,14325672231323,RV32_ISS,11,0,528509,1428,126488,de526b7b327521403ce598ae9c444c3f7368b88aa77dbd1186e134dd0de22cba,0192841-273a35b747f2.json
192910,14325672323222,RV32_ISS,11,0,537152,1428,126488,4f5c1437179240115cc220162ae8d38d4c89e9cd8da8b0156e1338259de899b8,0192910-9abb99dea782.json
192992,14325673123232,RV32_ISS,11,0,538549,1428,126488,c34eb8c9de2c98a5feb0f0e8e7d6e7d0093d04dd6304cc93faa87787c770cffd,0192992-84a16079d821.json
193094,14325673232333,RV32_ISS,11,0,501949,1428,126488,7bdeb2abd7d6c01d005d3a890eb4ba36866dd42a8c1772e32f54b7ec12b31912,0193094-b4d4be9371db.json
193106,14325673311131,RV32_ISS,11,0,1121073,1428,126488,db3b590816ddea1cba278adebbcb92d8e4d09b8af7d9847715b9ba081151dd2c,0193106-caaffaaa46d0.json
196401,14327652131213,RV32_ISS,11,0,761299,1428,126488,bac97ae2875da10dc83af8ffdef17507bbde9d741572e6c3c9db2ad31d8ac569,0196401-0b87f60ee806.json
196617,14327653121213,RV32_ISS,11,0,1073510,1428,126488,7963ba22c7d8690bff40b98910fd116168ffe9471b64f96c27ae491e1030d37d,0196617-f3e142ac311e.json
197163,14352672212111,RV32_ISS,11,0,650059,1428,126488,c453731c50fe8f75cd9a73f071ca60b73298510b9fcaefd6cf407fd74ba656c9,0197163-ba794b1d7146.json
199033,14356721112323,RV32_ISS,11,0,669344,1428,126488,fb812126131ff0bd52bef0811e90ef64db477f2300ca52577395cd4892b6ef2b,0199033-8aa83f573e77.json
199220,14356721322233,RV32_ISS,11,0,912360,1428,126488,d623b52f6342fd37eca2ef2fcdefbdd4e3a3a4fc77ca58022fbaa990c1130064,0199220-c2720fb8bd76.json
204566,14367252322232,RV32_ISS,11,0,530648,1428,126488,dbedae22e778bc156a7ac9cdb6a97492df1c8eba05604c37413ac96745384a34,0204566-3930a65f5393.json
205497,14367523311113,RV32_ISS,11,0,1127807,1428,126488,82fc4aa40f816142b9af4653abbd8549fd281b38fd9b4a932e327bbf94ff47d5,0205497-2016bcfe6c47.json
210228,14523672121313,RV32_ISS,11,0,670128,1428,126488,b87fa4c7e2701737ddbb26c7d990fd269d32f855607cb3755ace7b2f8d5b61a8,0210228-3cc29b5a5368.json
210471,14523673121312,RV32_ISS,11,0,803598,1428,126488,6087821d790a068d4f609907a9a65b37aeedfe4460f9bc41ffec6e12abf47dd7,0210471-0cec3c174e07.json
213630,14527631121311,RV32_ISS,11,0,610138,1428,126488,2e6bab44cc25e7dde1f2e53e7425977ff6a77d4477e3d7816c0ad6d972831a2d,0213630-261086704e4b.json
213654,14527631131211,RV32_ISS,11,0,741691,1428,126488,d144a960a0fafa9cab2734a024d1ca418567344a9644a5b41bdf24629c55db4f,0213654-edb977ba9359.json
213675,14527631133311,RV32_ISS,11,0,705503,1428,126488,1bcbcb12c84e8bb81170f16fcda3cd0f4029d8c744e4f31d905f9ff0629660bf,0213675-e5302863ae5d.json
213680,14527631211131,RV32_ISS,11,0,814501,1428,126488,b5dc7520b44647918e5f01d7531fd13068bd2882c86bda36ee95ff748a2330ec,0213680-992388f2fb9d.json
213760,14527631311121,RV32_ISS,11,0,908014,1428,126488,dc2dd6badd6aa5406f705ccebd6728b01552b25d4fa74eec2b7379dcb0a31447,0213760-995bfe202bdb.json
213879,14527632122213,RV32_ISS,11,0,586270,1428,126488,97c2dc9701e1d84141b473308d7bfdbc65c9b7062c131982b904ff1522d00da3,0213879-e2bfa72dac87.json
213930,14527632212111,RV32_ISS,11,0,735217,1428,126488,93baafb2f29bc64f2ec7ea903481b2ee5853eca2cf45b15f31a343b1e525185c,0213930-fc9c8aa6b2d0.json
214082,14527632333332,RV32_ISS,11,0,729643,1428,126488,986b31b01e58eedc20fdfc6c6f56bdb99aa1bcf0ada3e30968e63db71fa5aedf,0214082-c22c77605e35.json
214153,14527633132322,RV32_ISS,11,0,609182,1428,126488,2db074d730b61fca4ef898aafc1f43357758fcc60daabbbce9a148af411c8c2a,0214153-4be1ba16e46a.json
214256,14527633312133,RV32_ISS,11,0,692000,1428,126488,8f51fa1c386bcadef8fa3927b421055b5f6ee1ef3bacc39bac860a72f4f33650,0214256-bc0f1524f428.json
216438,14536273311311,RV32_ISS,11,0,706620,1428,126488,301ca3a4ab9eba67cef5ba832268726f47bb5e7ecb3783368c7b02e4689f9437,0216438-f34b95cc49ad.json
218356,14537622231323,RV32_ISS,11,0,452307,1428,126488,10895c5eaf09387e127b9591678f0205ec3a87b25563f83bfd9aadf4be7d8cb5,0218356-cfd10f10752a.json
220612,14563272323222,RV32_ISS,11,0,469169,1428,126488,a290798b1d559fca9f2a3655260ff73ba9f88971b5a05a81b020b760a23e0651,0220612-90d5b93f6be9.json
221790,14567231312213,RV32_ISS,11,0,1345212,1428,126488,d013cd6386b9806c8fb524bd85c2aa963f0e3527b11b1f8e5bf9656a045cb7f9,0221790-a6d5be218d30.json
221806,14567231321123,RV32_ISS,11,0,625773,1428,126488,9ba021ad376471610da230bb7516f0db03fa2fe2af651cd4ee30588393596284,0221806-442f9302628b.json
224766,14573261333111,RV32_ISS,11,0,912662,1428,126488,75ef01e920d4299ea39ce58c80bc0691d919b361f4f801fd64ea03a253b738a7,0224766-635829dd71b2.json
229635,14625731111111,RV32_ISS,11,0,1571842,1428,126488,568a626b5db18eedf324bdaaf3a8422290c8ad3c53db5f71607b0b94e6110ae4,0229635-6a2ae9f100f7.json
229690,14625731131121,RV32_ISS,11,0,706580,1428,126488,db6eb4bfe5d7d9487a216736a860d3cfb46e05eebc2e736c6abd7a354ae7cddd,0229690-793cfed8b7c3.json
229838,14625731322233,RV32_ISS,11,0,855678,1428,126488,e35e1d35f36c4106e9e1c853eaf9dd535b4bdebc5eaf182b706ceb792c6642b5,0229838-9b37eb8ac239.json
229888,14625732112121,RV32_ISS,11,0,624916,1428,126488,af3e697a5ca7199e9ae8393f9b59d60bd37a92ecef788cbd5a447f564625dfeb,0229888-7dae20a52d40.json
229903,14625732113321,RV32_ISS,11,0,877063,1428,126488,3f6831127e3866b7e406cdb68d266dd6f53519cdadbc615578a214f407166a8a,0229903-c9f0e1f92e13.json
229984,14625732213323,RV32_ISS,11,0,853470,1428,126488,b93a496e6ece355c65c6230d784e99eba8bba979b9209182f6f572967f63da17,0229984-bd8fb785a9ec.json
230031,14625732233111,RV32_ISS,11,0,504956,1428,126488,50457243a859ace6ede2c4efa66bb9f3ec40e22f9ce024c91dc57c092eff2a5f,0230031-3b6d6bb620a4.json
230193,14625733133111,RV32_ISS,11,0,471767,1428,126488,7c43f6b3b96d327de6c7571670e772e5a562d3a9cb2e1c8e9d47fd8cff56b847,0230193-c6cea8f8f4a2.json
231822,14632571111111,RV32_ISS,11,0,2830867,1428,126488,734d653120b3763d30d6b715391cf41f1036f55f785304b3c86d161528fd1701,0231822-b72df45c32af.json
232013,14632571321132,RV32_ISS,11,0,796117,1428,126488,a6ea66b31ffe85410490f0632dec586ba1235bef4f37df5111a8650251ce8d0b,0232013-495b0262d0a5.json
237608,14652733321331,RV32_ISS,11,0,740468,1428,126488,bdb91ad994b2ec58572710f0f0cbfdd5a4e5f7f0cfcca03d2b90f399876cae81,0237608-66c257077861.json
242028,14673251111111,RV32_ISS,11,0,1235495,1428,126488,ef6528969c1482fc4366081ef1003eb415773569e29dbf8936cc585b6ef55939,0242028-ea9fa3217c08.json
245676,14723651111213,RV32_ISS,11,0,669331,1428,126488,495438489dc8436e0e9c1853059f41f87b25b04606bc67bc3284c422e01a9ed2,0245676-0bcdb02c23e1.json
245679,14723651111312,RV32_ISS,11,0,843100,1428,126488,946f371a2f277f8a1364494cf56adaa39498b48cd05ff2e0abbda624d3b05c9d,0245679-17b49f445d4d.json
245684,14723651112131,RV32_ISS,11,0,742078,1428,126488,d70d6b2234f174c555d92f7d876c0a917c7c6baa7ec24e3d767b8e2585b5dfbb,0245684-ad18c36d2d4b.json
245692,14723651113121,RV32_ISS,11,0,606212,1428,126488,bec2ae2f7fa6e4b830f0da36440b37a8ae3b9a2a2e0a5e42a96e611be3a488ee,0245692-cc33d2e90721.json
245757,14723651211212,RV32_ISS,11,0,587253,1428,126488,08349a5021c6b901a351a322b8371e2a1e4a4ccc3379ac4740b0a718d27881ed,0245757-3aadf1d7482c.json
246115,14723652322121,RV32_ISS,11,0,385803,1428,126488,0b697bf5743559f5e735fc3d6d7eb14cc7f5374b94b85d55f7db6241389f09ca,0246115-6c8389eb9c56.json
246137,14723652331232,RV32_ISS,11,0,467589,1428,126488,20c7862705a8650d138dfb89ea2f27d9b49954e9b747c2e852405de7e04758b2,0246137-43025dbd5d06.json
246307,14723653232222,RV32_ISS,11,0,416603,1428,126488,d984e7fb316b694a37a1a068ff6f497eb4c78409de449f0a112bad9e12254c88,0246307-6d2518665bdd.json
246339,14723653313111,RV32_ISS,11,0,529687,1428,126488,599948d517f81227322e50ad23a652e5e9e387b9908a818c2b7e624f930f4216,0246339-d7d53432027c.json
246354,14723653321313,RV32_ISS,11,0,994331,1428,126488,5fa1273dfcc3ea34cb6a207fa5cb862fad2f5872c7e2c1007dbe19597ed922c7,0246354-f82593d10803.json
246402,14725361111111,RV32_ISS,11,0,1774289,1428,126488,a2f7e53f62160db4735638a13d8552d88a0e6955a89dedba989e8caa6f691ec3,0246402-28dac9d8cc1d.json
246403,14725361111123,RV32_ISS,11,0,642717,1428,126488,18add1a99aa9551a1435f1112fb93c859c73c8eb8faf1f439d1dd4790799738e,0246403-1aebe6c50885.json
246608,14725361322332,RV32_ISS,11,0,688601,1428,126488,cdf865ea2b4967f402660a6b5952c66458c8a497373138025c21a2e569fd952a,0246608-2d05fb83e30d.json
246727,14725362211121,RV32_ISS,11,0,467882,1428,126488,6fd42cdc60abbd98f33420e567de50ce92b0a19c3ce1a1f379dde1be2de3140c,0246727-b6f2ceb08af5.json
246972,14725363211213,RV32_ISS,11,0,411777,1428,126488,7759b66c981c6b5db98d095ff04af72d3639216fa72ae6fba490d00da5b089b2,0246972-c13edb87131a.json
246988,14725363213121,RV32_ISS,11,0,367354,1428,126488,789970c2e3905f0d49c6decb9beee5221ea0b94737b6a9c807efdab11a6f19ac,0246988-e3ea03f3353a.json
247017,14725363223213,RV32_ISS,11,0,609245,1428,126488,42b428eb9f9420c36284fdde23a56b951daec684a753a26cabc0118634aa7bb7,0247017-f9f51794052e.json
247050,14725363311113,RV32_ISS,11,0,818808,1428,126488,610f59f872b20a0d22cc078b1cdd824bd28a05be17b299cb6ca17adf0ba21ead,0247050-f69b10d2745b.json
248716,14726531223122,RV32_ISS,11,0,805811,1428,126488,3678975e6cf2fce650441e8e9c02160d1e3d1041181185022fc7ecd9ba824dae,0248716-b159ef05f21f.json
248734,14726531232122,RV32_ISS,11,0,713581,1428,126488,eb276700a0de520b6a579d85a939146caeb266115a86fdf3a4ee2d14ef3d6edf,0248734-a1ba2a0d3b73.json
248748,14726531233313,RV32_ISS,11,0,838438,1428,126488,4e7f80b47212d82ba31e71d815a5d9a918364878601f10c6c4cb9fb24558b8f8,0248748-62f41f0a3cbf.json
248829,14726531333312,RV32_ISS,11,0,743994,1428,126488,ba92c33152e385a86f41f31d7e437570a73c9204900b0d1607a5a671d740443a,0248829-ec23f6f57b23.json
248982,14726532232313,RV32_ISS,11,0,624806,1428,126488,5b55152590beb54274888a93f2d46f4db13eb33718cb908c4e6713fe0077bf7b,0248982-44f2a2696cda.json
249283,14726533323122,RV32_ISS,11,0,564474,1428,126488,726427976857b7d83ee886d912b6b328a0ce5f37555a5b451be2e9e19f9cccb2,0249283-2d693f9f29cb.json
251613,14735621221112,RV32_ISS,11,0,681894,1428,126488,082d7a022e7e7c1cc3c4f5efcfcfc6841f51f62570cef088499044d73f18c214,0251613-c19208388044.json
251631,14735621223113,RV32_ISS,11,0,370515,1428,126488,d7398211d176ac596615e3094f676b426c19b9138076e6c658f5bca60d88b657,0251631-065f55a4e893.json
251639,14735621223332,RV32_ISS,11,0,823221,1428,126488,f9f1dd8eb7313b49fcbcc237649e288b869a81af3961146efea96aff4461ac19,0251639-ff3b242dd633.json
251658,14735621233112,RV32_ISS,11,0,778893,1428,126488,58928993eb56bfdc69e248f11fcaa88dd90ce7ef2ddf0ae9b39763cbfe6222ad,0251658-1b71e2743606.json
251712,14735621323112,RV32_ISS,11,0,723663,1428,126488,d0152202cea8f538aac30186b03488f5603f3cdda7716ec63e9afbe7703ea9de,0251712-45362ff6bddf.json
251730,14735621332112,RV32_ISS,11,0,532985,1428,126488,9f33bb2023267234218ec70bca3130c89246be1fda36396dc1ec9ed160e2da78,0251730-e2308b096f3c.json
251739,14735621333111,RV32_ISS,11,0,696645,1428,126488,cc05193fa4b440b67daba7bcb70e41941c00e235c3ede1f838c5c04e9f64ac52,0251739-dd873bdb19d8.json
251743,14735621333222,RV32_ISS,11,0,482276,1428,126488,ba4328988adae97afae9bdbe7faf79fbb3f21ff5f4ae6f04c355b25df28488a7,0251743-dbb8e3927d34.json
252236,14736251111132,RV32_ISS,11,0,618393,1428,126488,0f4b3ef3de4b9fb83ea2394f7042431c4d25b85b974eacf503bab8098aa3de5b,0252236-56b84e9deb21.json
252251,14736251112332,RV32_ISS,11,0,530742,1428,126488,7dc37a569debebe4fa19018211a840efb0786a2318bbee38f6a9746654b6883f,0252251-a388c24de8cd.json
252841,14736253222223,RV32_ISS,11,0,720545,1428,126488,2a73a9b0006aa4214d0ae25fdaa5ce8bdfd67fc9c3085eb6a83477267c634010,0252841-5ba62b5646dc.json
253030,14736521132222,RV32_ISS,11,0,570837,1428,126488,d6b3aa4cda05686948ec97ef9fc347e14f8690f8ef67b65c981a33f1ad3e4613,0253030-e008c6f1e2dc.json
253037,14736521133131,RV32_ISS,11,0,664044,1428,126488,18d147e196a39eaf1dfff7f425fa64091d537feaad7d9f5fd1d4c3eff33f1707,0253037-fe28ac3a8e95.json
253047,14736521211212,RV32_ISS,11,0,522575,1428,126488,f2391b0df3f2ed0e0a08d44f7da1396c54f54cf6beff62044b925fddf6839138,0253047-f25c857d3fe4.json
253070,14736521213333,RV32_ISS,11,0,525832,1428,126488,68508de9d01c48d23f48c044be5354c1a2e9b6b59062be7d156f498ff6564b1f,0253070-478197dc6348.json
253077,14736521221313,RV32_ISS,11,0,443971,1428,126488,640583e5f6f09a68947b68f4e34ab06c3b6200a58f4013574c97a840651fddc4,0253077-433beb3978d5.json
253157,14736521321231,RV32_ISS,11,0,1177772,1428,126488,8c0ef212daa35bd1e4438492e3f43e62ad19dbbf8456146b71a733ccff7b356d,0253157-2c1f20c19e9e.json
253166,14736521322233,RV32_ISS,11,0,748314,1428,126488,59b03e261ef36fc3590d9000b9600764eebcc5ff1c44ad387d0a32ae63d47e09,0253166-6b165fd4a039.json
253189,14736521332121,RV32_ISS,11,0,590777,1428,126488,b45bcf1a500c50dcf0523e8cc756f7bc9926d906b35a679ff14b08732d97d78d,0253189-d0d9ca92b99b.json
253462,14736523112222,RV32_ISS,11,0,550180,1428,126488,f935d56b8c9f5842285a7e3c696c854617766f6237f4ff6032e67e9a60b21b14,0253462-0ff07ebe6f59.json
253469,14736523113131,RV32_ISS,11,0,492381,1428,126488,8c2a15463f0f55c2d926ba4131aed086331c2ab3922666dc124111c6b1de0fa3,0253469-2c72d563261a.json
254296,14752363222121,RV32_ISS,11,0,485425,1428,126488,ea153aa7460d9a40bf0de4e1d13eb47be4a16bdb58f931ec8a3c23448e320c0a,0254296-3f7cf52e7df1.json
254326,14752363232222,RV32_ISS,11,0,571721,1428,126488,63f19d239f1ac7cf5ce389191ddef16d8a70a22c827991e20b2332a8b8c2b8ee,0254326-3930d330e0e5.json
254333,14752363233131,RV32_ISS,11,0,482613,1428,126488,51792a42170de159d1ae26feec4c356651349605ba1dda7a9542492708615e4d,0254333-75fcd6516493.json
254421,14752631111111,RV32_ISS,11,0,1457953,1428,126488,3299cc958d4c143922ff6d000595e5d28a09fdc98604b8a72f9e8aa3ba474ef4,0254421-4fec46b63e6e.json
254436,14752631112311,RV32_ISS,11,0,877132,1428,126488,f115bb810fe3ce52782b57ea446b149af93679b867a23fafc9a936c54fb24901,0254436-5d8f1a8f8adb.json
254632,14752631323223,RV32_ISS,11,0,675948,1428,126488,9bef9eb5b81763114755e2ac8c8a400b4fdf3939ef9fc86abc98cc07eeca7f88,0254632-67fb9fff3d25.json
254891,14752632332132,RV32_ISS,11,0,465380,1428,126488,981b9fe312be10116e97ccf37519b20fe325413be17c2c5e21c32e52223935cc,0254891-adde48d2d702.json
255010,14752633213223,RV32_ISS,11,0,506821,1428,126488,5ce2deb12ee103273c411f71c7c9f55df51f6a6c6a471963feb8313de673a5dc,0255010-f2109bbefca8.json
255028,14752633222223,RV32_ISS,11,0,639986,1428,126488,c0c0bd5855b313eda41573f7f5998e610d7bbbe2af59d25e2c7d8e0600eb315a,0255028-c4dc83e6d951.json
255034,14752633223123,RV32_ISS,11,0,616729,1428,126488,9e674c508dc69d7edef171f763c6b557b49b6a408fddb63c1db520cc837ae93b,0255034-ac1604c18a63.json
255038,14752633223231,RV32_ISS,11,0,539746,1428,126488,42b4735fa7b17be04016ab6b3ec301390582942d7417f787c2481ea62c67edf2,0255038-5c46b52419d8.json
255258,14753261221112,RV32_ISS,11,0,631495,1428,126488,b495d3794ae679107e75d1d91051cf3660323e17244a08263bf037663503565a,0255258-f42eb804875a.json
255357,14753261323112,RV32_ISS,11,0,817220,1428,126488,cf0b1f19fb9f370a634a8c740988acce13db919b29d6e8782e5fd5df7cd77d7c,0255357-c58c39c3f2a0.json
255384,14753261333111,RV32_ISS,11,0,579710,1428,126488,48aa8518b79f36b2efd3769802586c4584479f87c57567b05dcad87038313c2a,0255384-77971e0c2576.json
258182,14762351221331,RV32_ISS,11,0,463820,1428,126488,7bbbdd0e88f0fc0e267f5781010e087c419a70bbffd91738ac35f97881d89f23,0258182-6f124b37c037.json
258260,14762351321231,RV32_ISS,11,0,904101,1428,126488,cdb9ecad2142df9390065a1195afbe448748b5cfaf4b78c6e5787196ec1ad2e1,0258260-ca5ca0d72568.json
258286,14762351331221,RV32_ISS,11,0,500169,1428,126488,8a1ce75fd6e41c8c2a9a65638cac33bee985c5ad7e9e3f11b0e9677bfae56e15,0258286-08df0afb70dd.json
259636,14763251221223,RV32_ISS,11,0,671471,1428,126488,32da31437d30c3b9f80dcbb94b2d170e1451c13f3a377964cfe96e63d8b28fd1,0259636-1770f64bf87b.json
259647,14763251222312,RV32_ISS,11,0,607649,1428,126488,30752d323b6ec9c60697eacc42af31be8e4d3d55bddcc1e0b44b6d6dac4814f7,0259647-daba590c054f.json
259757,14763251332331,RV32_ISS,11,0,620067,1428,126488,743c4c43ef4e767c62ced6700f84a71fe3e6f3580f52703bf80f01be794c4745,0259757-ba865346cb00.json
259759,14763251333123,RV32_ISS,11,0,696548,1428,126488,57aee6d4a507015d54702ca317c03a61250cb5c83ffeff59b69c15b797f32932,0259759-a828d09c88d9.json
259966,14763252322121,RV32_ISS,11,0,532999,1428,126488,c6c2cd6e24c1739f4b982b16166eff56bc9eb678518be8b103f13fa758be9b67,0259966-833694f39b58.json
260078,14763253132232,RV32_ISS,11,0,472955,1428,126488,68432787fc50105f48fe1e83c4fa20062c24ce90ecb589dea1f14ba8c77d8441,0260078-42df6b9823e3.json
260084,14763253133132,RV32_ISS,11,0,530956,1428,126488,3b503d241265f7ba02a1e067358619856d788e5f01bf4fa67492926a501818a2,0260084-d71c6e6f85b6.json
260086,14763253133222,RV32_ISS,11,0,521740,1428,126488,c8c66413a885d2018f1e6c11d7030f7d382cb80c9571c4a3741c3fa36000b6c1,0260086-eddebfc8e2ad.json
260087,14763253133231,RV32_ISS,11,0,512474,1428,126488,b8cd22920ce24618adf267d1f5b5ecefaef408020f76d8973a56c1e1cad44c8d,0260087-5e68377dcc5f.json
260122,14763253221221,RV32_ISS,11,0,635401,1428,126488,958086f4f6cab935b5b804fa170c3b95cbb29912c0c9950a8ad5380d33b83aaf,0260122-7861e24c2034.json
260127,14763253222112,RV32_ISS,11,0,639825,1428,126488,af622b1dbbc4e7ca3b632cc2972175a413238939fc8df9e9b2c7f61e1974b0af,0260127-a9990c16596c.json
260274,14763521113211,RV32_ISS,11,0,642668,1428,126488,f56594a28f55f7866cb8739e097cc69ecd23f758c3971ab87aeaaabd26208379,0260274-3fba500a2eec.json
260275,14763521113223,RV32_ISS,11,0,518829,1428,126488,7b70b421e02b712a067bbd734e4cce32f84a4653e93b1cd515f5d0e9ad248a85,0260275-4db63a9c934e.json
260864,14763523222331,RV32_ISS,11,0,364547,1428,126488,eefbe48cb242509188d519f3b610480b03a4a0f5dd0baafd64d9b82f29d14928,0260864-835825013cb7.json
260985,14765231111213,RV32_ISS,11,0,864223,1428,126488,40c1aa32f662ce9ad880edf25a6909579ab68496c8d2e550644fb14f217c592f,0260985-310fb109a9e3.json
260988,14765231111312,RV32_ISS,11,0,802500,1428,126488,398d8a509a23502d2338358560046ce1b1ece0c9daa31c169cee097bb09298a8,0260988-f104e9a6e162.json
260993,14765231112131,RV32_ISS,11,0,740107,1428,126488,adf4a050cfadbe094a778e62889cf1348ff727ebe040530e2b9d314a6dbc6743,0260993-1f2783395576.json
261001,14765231113121,RV32_ISS,11,0,599255,1428,126488,959294893b63f53a4b533b888e039fbf5f0b77236897057d4eaaaf21a7401eb7,0261001-28c66a861772.json
261056,14765231133131,RV32_ISS,11,0,568935,1428,126488,049dacb9111ed7233dd8ba161184c94800ccabd48065f0cfcacb0917690d885e,0261056-7b52df489c25.json
261309,14765232211211,RV32_ISS,11,0,639944,1428,126488,544809834d7e5da5dbb2fe3da380be86438157387e092f07323ca7fecded9631,0261309-5c99b0a0863e.json
261376,14765232232322,RV32_ISS,11,0,513744,1428,126488,9f4b6a51a392f0d1beb2f611e4f4fbbcbaf38943c8a8e46ba5df9b59633ace49,0261376-dba1470d565f.json
261447,14765232331313,RV32_ISS,11,0,428725,1428,126488,148119d117da084d9153c67acd5f59893303bc7ca6beed5777a6dd986741738e,0261447-4b776f5e0c32.json
261488,14765233113131,RV32_ISS,11,0,565636,1428,126488,28ef057afdbd905d2756146dbb59292598e7a75f5452a576af6997db856f4919,0261488-2c64c1353d55.json
261683,14765233323332,RV32_ISS,11,0,500718,1428,126488,5d30bbedf126a80a21f01ca1aeeb29cec949470130763c5f78f5bc2d943d5660,0261683-006cf37128ac.json
263898,15236471111111,RV32_ISS,11,0,2425084,1428,126488,a9223978552d8ef5854fa1c982ef928c1cbf315b7664202c03a334ce0fc331e0,0263898-b81b14c4b95f.json
264520,15236473231121,RV32_ISS,11,0,649843,1428,126488,0bf79934e92d6d50a928c33f26216ef34a9e401494d202e3947431f3bde3346d,0264520-f41e7d5954dd.json
267034,15243671331221,RV32_ISS,11,0,451042,1428,126488,2c7384887c117ae654dee9d4cec3f380676fbf206db635e873d25a072b8f9117,0267034-c0ab4fb7af12.json
268496,15246371331332,RV32_ISS,11,0,690917,1428,126488,c44adc2c1adb6d161522789152063eb6195328dff7b15001e04b0f3eedd5a152,0268496-402da9248e66.json
268505,15246371332331,RV32_ISS,11,0,504439,1428,126488,4b2d5df5410f58e5b53b8de1ac795847214563220808ae1da72a6ff1e3d44363,0268505-c1146735a989.json
268739,15246372331331,RV32_ISS,11,0,472351,1428,126488,bf98e05864f44d2985684cd695910ee5e5f30089e901f2c4ef2246ae2682a72f,0268739-44696f1e1d3c.json
274959,15267431223113,RV32_ISS,11,0,417913,1428,126488,e11700ec46ed53eb978171d18150a07f1bf0266104b962575ac97d5d8178dac9,0274959-3a706e39216f.json
276307,15273641112323,RV32_ISS,11,0,1818289,1428,126488,cae12052b4aadb8e1323a426004f2de3543d5a4afb088f51d093ddf36bb91c5a,0276307-117f3a140a98.json
280446,15324673113311,RV32_ISS,11,0,918245,1428,126488,ffa28d8db3d5319a57b2dcaed492f8478a82769badb0ca8061082fe806c7ae27,0280446-0087e6db23bb.json
284397,15342671211311,RV32_ISS,11,0,679249,1428,126488,cdf822ea8c6eb9e78be3353e098ec0bff6bf8fc8561db61f6f32f37cf997aa72,0284397-febedb595c84.json
285964,15346271321321,RV32_ISS,11,0,325632,1428,126488,e7ba0e38d2d8522d3496846f61e8b145a33cad682ce874017311a0ebc60c0a69,0285964-07eb1203b150.json
292410,15367421211113,RV32_ISS,11,0,1014066,1428,126488,9ed525ebc3c17ea250d9bd6a3ffa62801bd405ecc702669e98c5e3ec766be9e1,0292410-aa87b3ae7d52.json
292455,15367421223113,RV32_ISS,11,0,381266,1428,126488,d08dc902f64b843b454dd797ff8236b92d01805143caa87fd81a8fce2a953c6f,0292455-ddacee55bbd0.json
292897,15367423211123,RV32_ISS,11,0,670755,1428,126488,594a548f41696be74531f221308ffc8264d2b386f2121ac254cc4d1fb7510ebd,0292897-f17b3c7d5044.json
298890,15426371111111,RV32_ISS,11,0,728530,1428,126488,75114703422c8f285fc98c7e6a481b313cfe044f5f107a17099e6da79591a21f,0298890-9dda9fe238ca.json
298904,15426371112233,RV32_ISS,11,0,783248,1428,126488,238d92827c65b771e2957874f1043d6df61280ab550a9bf99ae4b87b17896de8,0298904-3d358426fc3d.json
307818,15463271313113,RV32_ISS,11,0,629282,1428,126488,f449022a39160bc3a30f479123252834c988761191ab505d229fadd0012a7955,0307818-a7d9b342a1c1.json
317406,15624732123212,RV32_ISS,11,0,884575,1428,126488,522ac885056594c9c7ed37435376a1e5e80a311bfaaa059cb4ebe1f821fa413d,0317406-8b3b75b9cc55.json
317436,15624732133313,RV32_ISS,11,0,621957,1428,126488,b8445f3f8ed63985e847a7fb9dc0ec0905e5720893dc82df28b54f6138884071,0317436-dc0234e66803.json
317600,15624732333332,RV32_ISS,11,0,467509,1428,126488,563ea1094fec28a4abb306ace84d482f34f602b68822ff7a2af8e2fe51e86a1d,0317600-eb3bb2bdfe56.json
318699,15627431223113,RV32_ISS,11,0,417429,1428,126488,f1033392126c2dc2abf6aa7ba758d11a9065faf39bdd96c9455a1ab3d863f7cb,0318699-8d12d4468589.json
318771,15627431322113,RV32_ISS,11,0,683394,1428,126488,edd6f213ca21e72aeaba78cb8df047d9451b74bfb5233e263ed3b0e86e1ff879,0318771-1383415bab9d.json
318798,15627431332112,RV32_ISS,11,0,312137,1428,126488,17c4123e400ab4eb892defb4223d1da7098f2c34785accb45a66016d935b8b06,0318798-0e100d0f1784.json
321785,15634722123332,RV32_ISS,11,0,883214,1428,126488,7e73d0af4e172d941542dfdb0a8705cfcb4bdad49451c3914fda93a2631830dc,0321785-20298fb9512d.json
321926,15634722321233,RV32_ISS,11,0,479706,1428,126488,40a9d21e4d665cbafbdcd4e504dcbb87986abae5973f179fdb59ce53a4d9d891,0321926-a325cad617a1.json
323515,15637423211123,RV32_ISS,11,0,785246,1428,126488,d4881c761635affa4059b8f62183de53e177723047e6279f06a7a57cd642c323,0323515-d35601b6478a.json
323676,15642371111111,RV32_ISS,11,0,3594474,1428,126488,52fdb01404117169ba1d783bf851eb63fbaeb7d8b271a3bb11c3bf6abdc6f8f6,0323676-c7e96e601cfe.json
324024,15642372213311,RV32_ISS,11,0,760820,1428,126488,d042d81f6111425e535c49d70ac560eddcf58c761f18daa68321e0163dcaa6bd,0324024-055de6286e04.json
324062,15642372231332,RV32_ISS,11,0,553980,1428,126488,89bcac3bfe2db1d5fd176b3747a7c48e6e6a551ca2f78d9cdf1a35bd30d43902,0324062-0beddf11fd4b.json
324142,15642372331322,RV32_ISS,11,0,570030,1428,126488,7722a415d9141d25f6e36e4a99f0cda3a53afd952211864068d45414e849a4e5,0324142-031bea603ed2.json
324258,15642373212311,RV32_ISS,11,0,646383,1428,126488,fb109682dbbbf015d0989f614722229e99cc65cfc60f5b3a61f8946726c57e1c,0324258-1ba4122b4423.json
324277,15642373221323,RV32_ISS,11,0,426492,1428,126488,7729793be7132ce9b6d767010b25057402ce5f1ad944a4b8a3f9845321f75ba4,0324277-26ec13f18052.json
324301,15642373231223,RV32_ISS,11,0,610449,1428,126488,948886d1ce590ade25dacbb83ed826d481eb2a2ff317bce48800b3d808232ed6,0324301-643d20586c12.json
325250,15643271221331,RV32_ISS,11,0,471093,1428,126488,eb96e2600549e5f37389c4ff7fa5f3499d4ef7fce088f52007d6f47111bdacbf,0325250-115eef1da0bc.json
325354,15643271331221,RV32_ISS,11,0,379130,1428,126488,e8bfb9745cb63f46d0f1ef2b5961556ebc4425a68eacfe30612d285a09ff9f3c,0325354-578d019eee9b.json
325746,15643273223111,RV32_ISS,11,0,528715,1428,126488,825da1658dd44f25e803c751230c8bdada8a654490e204ee33edd0627f792420,0325746-255d08191a96.json
327182,15647233213232,RV32_ISS,11,0,481742,1428,126488,2576320a4df401c7d4de550008a82871c356ae39a31d44b61f69c2d3fbb1c109,0327182-392169b20367.json
328073,15672341113232,RV32_ISS,11,0,617429,1428,126488,dce20d36989171c75ea796145a612ed1527b161ce311bf321a65949e33e33b31,0328073-89a73d3df709.json
328257,15672341323112,RV32_ISS,11,0,595345,1428,126488,ede5673f849e7e498b4de8cb547623241595f5b04a804caf76eea1056217c6b2,0328257-2f9df5daf27e.json
328506,15672342323312,RV32_ISS,11,0,501956,1428,126488,6448bc5ab5d129e4b6edb3db4cfa272e31a76dfe862965c6ad05b3fe902ab01b,0328506-adb998fb378c.json
328640,15672343213232,RV32_ISS,11,0,483624,1428,126488,4819bfd68750aab6a9bbc38b5d35f7e618761cde02a93b4a7c12c35fc20c556c,0328640-bc94f1c33f79.json
329438,15672433312133,RV32_ISS,11,0,546849,1428,126488,689d81b831933c6eb260a970980fdd92c8802e5e950e6b32103dee4f614cc824,0329438-a25f2879c62a.json
334217,15724362212132,RV32_ISS,11,0,502484,1428,126488,3517655040fd2fa1a06c0f59a76f6502b413cad336e19bc61c16d45bc751d712,0334217-74a7ebd1eda9.json
334611,15724631111111,RV32_ISS,11,0,1821549,1428,126488,929a0f8003e389ecde479253ece360fd6cb24561966439cd8a6347a693cf9605,0334611-4f5d6987e817.json
334698,15724631211311,RV32_ISS,11,0,754665,1428,126488,6e00db44c193349a8f44c8984199e7fa58a3447d1c3654936ba22d44d21865a9,0334698-e621acab2cb1.json
334814,15724631322233,RV32_ISS,11,0,1135624,1428,126488,b128cd5320337d9c1ce0524ee4d59c01fecff89aa6e18921300da621db3fa026,0334814-cc08054bf639.json
334904,15724632123233,RV32_ISS,11,0,1301261,1428,126488,38ba8e9e6cbeab5bc337373ded02620f6bd68306ce932f4f8c992728252caec6,0334904-754602980b2c.json
335038,15724632313223,RV32_ISS,11,0,511925,1428,126488,23f5f58f5691de5a31ceb5ca8db0a26fe8c09e2642ea6f08b26f089f844ac51f,0335038-3004b05a7bfb.json
335066,15724632323231,RV32_ISS,11,0,695817,1428,126488,2b1ffad18b770eb86778472b87130b85686d13dd69258cae72b4877ade5b949b,0335066-ed2b8559d731.json
335069,15724632323333,RV32_ISS,11,0,666069,1428,126488,c4381261b7663496e076b5abbb8a452cf584d18f66c02920a805291d2d7754a9,0335069-38a5b2c4acbd.json
335167,15724633132322,RV32_ISS,11,0,508087,1428,126488,c304b07cf69e9cd3d08a02fefa7086871c045192ecf5117b4b1509149eff4cfb,0335167-df75b7b3472f.json
339448,15734622331223,RV32_ISS,11,0,449414,1428,126488,48295ad65b91d556d60915436e09d9ee92f23af1429e6aa29dc1bc64af8ea764,0339448-10c8a01a5323.json
344817,15746321111111,RV32_ISS,11,0,1455396,1428,126488,e1ded2b7038f259bdb38b775779ea283b0498773edf2d392e0c5d53c68002493,0344817-be4352d4b2d2.json
345027,15746321323211,RV32_ISS,11,0,785749,1428,126488,569315a6352c7208690f04ceecc3a0ef93ddde57298bab514a73007b9e9d2fcd,0345027-67f4a7d84203.json
345240,15746322313112,RV32_ISS,11,0,507254,1428,126488,793d16226e758559a1bac36ddd5b4a17c313bfb2e9f0d966d01c51bcff11b50b,0345240-57df9583c533.json
345828,15762342122213,RV32_ISS,11,0,1256009,1428,126488,619c651d6ab82f9ea65a89a50422ce3567286ee0593185aab7e7ba1ea4bb884c,0345828-83ce64817ea1.json
347004,15763241111111,RV32_ISS,11,0,2060081,1428,126488,4ec05891c19f9d51b67291d60b1d6ae672b7f64827fcf9d6f3f6fa3591b9176b,0347004-4b6362b21e63.json
347456,15763242323132,RV32_ISS,11,0,524556,1428,126488,cea3d8f4b2a7ab50c751f6573483e352f1ca8ef69821508ce37fc110f53edb5d,0347456-c9c3f832e0d8.json
354359,16243571132132,RV32_ISS,11,0,540622,1428,126488,df3bd58ecbf56b4f7bbb738654b534dc297cf3537434b0042af0d1593f09bb07,0354359-21b96bef57df.json
354434,16243571231231,RV32_ISS,11,0,456098,1428,126488,065d41ad69c49c72c446dbb424322568dc08a8054dfcce5e143a4549adae81d1,0354434-70bd2974c122.json
354490,16243571321321,RV32_ISS,11,0,401116,1428,126488,3370010de05b3fed983e780ff6a798e95c61a2764acf08f7d91eb6b54f8fd58a,0354490-2aadf27ee912.json
355892,16245371231231,RV32_ISS,11,0,484783,1428,126488,4ea63abf19abce3b1bf849e9a73b6b2f3c9097f17abba7035935582188c81564,0355892-17ee0ea0d190.json
361516,16254733312223,RV32_ISS,11,0,1577618,1428,126488,c2e4369465ccfd499348edf1a60f1a28998a7b8e1c2a11c77b46214117ec5442,0361516-0b096891936e.json
362376,16257431132111,RV32_ISS,11,0,776828,1428,126488,04b0300c3dffd6fac5a02e28a2d67999dad87a2c028a36b3d9ca03631d2e6ee8,0362376-5e6052036c29.json
362926,16257433223123,RV32_ISS,11,0,425568,1428,126488,e0583c877da32f1ffb856f14c55d3cfb04090e09cb372d35596fd142d0fc9c7c,0362926-90985052378b.json
363809,16273541122133,RV32_ISS,11,0,1215493,1428,126488,f4f5062a123130129e71a7bd08a9063dc6ec5fc9471d1ecf438d3b0192f70631,0363809-f2c982ceb484.json
363967,16273541321321,RV32_ISS,11,0,552468,1428,126488,28210657502dae3c521b0f7ebcf0129c78661b947af55aaa4dbdc7dc2e14a75c,0363967-7a4280b5b4ef.json
366132,16275341312213,RV32_ISS,11,0,2032182,1428,126488,920c36f1ac636171301bf0583e7f2cf9a64e9a364c5ce860dc735872377b446c,0366132-9ded0b11c73b.json
366484,16275343122221,RV32_ISS,11,0,516001,1428,126488,2c9d4f7dd0db0c26c02e5db9eda40b700e7fc343c0d832f8405037c70dbec1a6,0366484-e73817d35728.json
370970,16327453232333,RV32_ISS,11,0,542031,1428,126488,2e2096fc0604da7822f1b42ce2fa89413f974ae49152e09a107faae1567df114,0370970-e3fcd9cba100.json
372010,16342571331221,RV32_ISS,11,0,393510,1428,126488,18cbfedcfdba76f7b2bc375fc65fcc1c79cb8cc6f567bd2c2592cba738538791,0372010-f30cebf6b305.json
373248,16345271111111,RV32_ISS,11,0,3761309,1428,126488,c5a299cd18fc5cc37c654e79d7fc0cb4bb849ec472b7a4382d83f902b734619a,0373248-cdf1e4277f40.json
373322,16345271133131,RV32_ISS,11,0,649658,1428,126488,7e28771439b05e2b265786c8ddc3631e92ce7faee3085b3d7b4fffb12328175f,0373322-8a66213f9e7a.json
373365,16345271222111,RV32_ISS,11,0,1010541,1428,126488,7beb518f6fc41b50b64815fad0c374a1c53580f777f6a0b0baae69f220d40aac,0373365-bb68ff787517.json
373694,16345272322232,RV32_ISS,11,0,555970,1428,126488,c1e5e372bcb030e13b4c53c9ad7199c86a3481c951da0d033799099a5fcf6e26,0373694-221db104ccb6.json
373728,16345272333212,RV32_ISS,11,0,499562,1428,126488,6a6f384ab947b25ebe85e590674f9e5e8fc128ffd6e32d5fcb1220d127934a1a,0373728-9358ecd434b2.json
373777,16345273122323,RV32_ISS,11,0,534080,1428,126488,28c1ed44a55348ffcea1f958555849337ff34a369b8e5fd3451600801925b413,0373777-bed34e04bd02.json
373894,16345273233323,RV32_ISS,11,0,607553,1428,126488,55ca17163862f80a8e6e81420c9f188ce2d826455b690ea3591623b81c5dd71b,0373894-733780cbaa0e.json
375009,16347252131312,RV32_ISS,11,0,893692,1428,126488,1fe87a3eb1152abb6ef483fc06323f1322ae6db3d6083f9544d3ea28e5efe90e,0375009-da5a1a08f82e.json
375225,16347253121312,RV32_ISS,11,0,779495,1428,126488,04a62c8ba6df5c5f67913d7cca9a69e25257936bb543acf6cedfe35a0b1e8de1,0375225-79d20dcf48ff.json
379935,16357421223113,RV32_ISS,11,0,401302,1428,126488,dfa4a7bf0072f195d97c76f771edd5c4c03f71775e725b55193a679eb901e36b,0379935-23ced51ae35e.json
382741,16374521112323,RV32_ISS,11,0,1772133,1428,126488,58ae83efc77a11bc62392215fb6c720513b2995d73b9aa81e29155d68dcdafbc,0382741-b984bd69014a.json
383293,16374523211123,RV32_ISS,11,0,824971,1428,126488,fbec7a95cfc9266cff94e7345276a2c88950f82246ad7d94ba589d99e9c7589c,0383293-da61df41d36e.json
385165,16423572112121,RV32_ISS,11,0,523826,1428,126488,e06bb5f5918e9a1a0d0a8785095ecbbdf1e8e69405d98595d26b70009419137c,0385165-50785e5ee608.json
388644,16427531211311,RV32_ISS,11,0,557195,1428,126488,bb366f9178b6f35734a89ec7f411fe8f1c8fcc02ed24905f6c7b92fd11ed49c2,0388644-33ffc110cf2a.json
388699,16427531231321,RV32_ISS,11,0,711601,1428,126488,7666d1eb848a7f95227e69aa70a141bf10b7dbe5953ef41e48d290a01957ff0e,0388699-e157576da49c.json
389039,16427532333233,RV32_ISS,11,0,862147,1428,126488,57ddf80f33be2de6507995f73aaec6336ce7f551cd9cb945a9f89e9a79cb2f5b,0389039-e8a4a4d80eac.json
395118,16453271111111,RV32_ISS,11,0,2642838,1428,126488,8936ceac0d37ba4af83233c4519ff0a2eee86cee7a27a82241a1125d6ba056ba,0395118-2f5a527f0f7a.json
395199,16453271211113,RV32_ISS,11,0,457744,1428,126488,aa4650e0cfddc75b4f307ef771e2e304ff254da5e5275af949994392a5fb7ce8,0395199-424d0f23eac9.json
395363,16453272111131,RV32_ISS,11,0,517234,1428,126488,058401f9349c61893fc4594156d879f5760ac486b3fe069611daa46775f11244,0395363-d0a348320af4.json
401505,16475233132313,RV32_ISS,11,0,741806,1428,126488,3562c281b9f0e494e07649b66ffb85b4df95b48b9c31ad2bbffd54a8e6ca3b18,0401505-6fb87ee247b3.json
403126,16523473332323,RV32_ISS,11,0,471584,1428,126488,eda04ccc4700778b203909faca75a384b9878dff9859b3128b9276336b20fc24,0403126-9903699b84f5.json
403149,16523741112212,RV32_ISS,11,0,748214,1428,126488,ebd8f0cdddd49bd971290fbaaeaa62246ff58360c06b771ab98cfb28ffd4405a,0403149-6cf99f5fdd1c.json
404607,16524731112212,RV32_ISS,11,0,905453,1428,126488,25c9deb4e48cc6ff01a526a1be694c45419314eb8d4abaa54280b6bc40b6f099,0404607-4c3e948e3132.json
404609,16524731112233,RV32_ISS,11,0,929437,1428,126488,03c5c7f41b6f22bd28c4c29208946174f18ad6b3c4477619e300a24927c04ea7,0404609-6f48d7505fcf.json
404615,16524731113133,RV32_ISS,11,0,887666,1428,126488,7f41504546505011b00d9d8be9b00f71ee9544e04207f5a97999028c1999503a,0404615-a7071b3be859.json
405324,16527341111111,RV32_ISS,11,0,1670042,1428,126488,9cb12c5638049020855eaa45c3200481099081e9898751614ba9b57ba90d450b,0405324-0c2d33dacdac.json
406106,16527431123333,RV32_ISS,11,0,967997,1428,126488,bc09bcb5096099c589b5f4cb8f501a80452730f98862891957a547ef5b0841b3,0406106-92b8eb90b21c.json
406172,16527431222132,RV32_ISS,11,0,828337,1428,126488,57955c037e39451ad364dffd5b5bf66fc5347e11971e6e46053d27cead15362a,0406172-20f7cbe787f0.json
406228,16527431312222,RV32_ISS,11,0,1046219,1428,126488,8163c17f947d6a47fb6030c4723b14aa04df71b9479822bc3ebd1ee316c68ea2,0406228-44337465b418.json
406290,16527431333213,RV32_ISS,11,0,877242,1428,126488,93f0019665b41f69b58dc41b25670e4f77c281ba705679dfe8333f8251cc7fe7,0406290-af81abed3bd1.json
406322,16527432113333,RV32_ISS,11,0,852251,1428,126488,41bab99c57a2001191b02a971cc5debfd6b5f4881ceabe974249dc4533fb32cb,0406322-6d786450e84f.json
406384,16527432211322,RV32_ISS,11,0,674753,1428,126488,df32685a2ceb363b6858275e7f9aa28154ac70b5c6607aef985f73919cd40c94,0406384-92746dece8fc.json
406432,16527432231122,RV32_ISS,11,0,517451,1428,126488,84b1ab8027ed7517f71999162fc04ab7f061a5d4bbc091fa72d1b0b4eab469a8,0406432-63777fe015c4.json
406439,16527432231332,RV32_ISS,11,0,446413,1428,126488,f6fe0cecb122fa5de465064eb2f85e2fbb42d400bbc49cc7252e9c8e17fe8d36,0406439-17b063e42c54.json
406519,16527432331322,RV32_ISS,11,0,591217,1428,126488,23af16c3065429d2420e4a5f2f2d615388106a9df7f477a1a9930218699713ef,0406519-70442164a778.json
406530,16527432333113,RV32_ISS,11,0,457495,1428,126488,ccbbafb71c01e65ab20724babf78b61193cbd62e709621b7a55f764ff97739ca,0406530-53ff3ab0022a.json
406712,16527433312133,RV32_ISS,11,0,685557,1428,126488,037b2b7c38fd9dc95300584fbe88b4d807440b1acc00313378c22d71d1bdcaa1,0406712-ec200999480a.json
406786,16532471111222,RV32_ISS,11,0,848375,1428,126488,bb6b9ab775ddea2c6f22f461d624f5fe1058dba69e32abfc72a2be2adad0ef95,0406786-7e90c1f751ee.json
408240,16534271111111,RV32_ISS,11,0,2403930,1428,126488,9ab614a65196c2f1ff2221f40c5ddc5242b21d7cc3b8634c6c508828b162acde,0408240-5971d2a17d45.json
408242,16534271111132,RV32_ISS,11,0,474691,1428,126488,0597b84296429c316182a33459308e0d2a5405d42050d441a4bf69b25a005ef0,0408242-fa9a1543e1c5.json
408807,16534273211111,RV32_ISS,11,0,677503,1428,126488,c9eff4a3b19981b7491aae364095b5ee7f6f764b59f73f83cf70d670f90a0037,0408807-ac803ce85a7b.json
409537,16534723211123,RV32_ISS,11,0,1398351,1428,126488,4c66429aeda052a9b6a0d372f6df9401fe2a72b7f01c40b5cb569dddc73b8570,0409537-dfd101c77b81.json
410431,16537421111222,RV32_ISS,11,0,592336,1428,126488,725938f396b9b8cf633d0c48d9c873d500fa44ff8842e21ac628fda816cb0f57,0410431-3ddedd1e3e54.json
410452,16537421113322,RV32_ISS,11,0,763817,1428,126488,e4f28388df3d1b1def02c70fdf219136569285fd61a81d83931aca64823748d3,0410452-3995937ca4bc.json
410453,16537421113331,RV32_ISS,11,0,905177,1428,126488,aec28c69dc04cc6473ced2dd927beef546ed711d245ee8c3bef16bfb22c33daa,0410453-96f77bfe654c.json
410553,16537421223113,RV32_ISS,11,0,368532,1428,126488,6cc9a98bc829e3f19eb24c7f94a54dd767e56624f4e914de1985768212e182db,0410553-87852797b82e.json
410580,16537421233112,RV32_ISS,11,0,685075,1428,126488,46b1b2e8dbdba35c825a371ff2da8c0358e12751e27e07393b0afa79f3c85ff5,0410580-6062646b92ec.json
410652,16537421332112,RV32_ISS,11,0,357053,1428,126488,d6256c088000f809ece2918a93a22265125951fde6a7e4cecfe60d505562460a,0410652-ce26bbd9a4cd.json
411272,16542371221331,RV32_ISS,11,0,387684,1428,126488,ebe9f14aa12a598f4f89558416c63cc9c27c51b2fc4dd46fa20c535400d11959,0411272-b36cfefef314.json
411376,16542371331221,RV32_ISS,11,0,388524,1428,126488,89a963d7a3071f0b9e92cc51412f6151a02d199787f0e6e0f08c39f2222b6014,0411376-509aaea9861e.json
411416,16542372112331,RV32_ISS,11,0,668978,1428,126488,23762c58a3c33961042f9cd261e63000063e4082b7986f65a43483ea67296fec,0411416-5083ee36b6dc.json
412726,16543271221223,RV32_ISS,11,0,648769,1428,126488,0c80bb6881364616c5c0d85622c4a27ddee21c77eed757a9561ce3b8cb823f1e,0412726-2d623ca2bbaf.json
412744,16543271223221,RV32_ISS,11,0,567932,1428,126488,ca6135bf42aabf76e5a288d244335d66c5f70a18f9a8c942018aac739926dd07,0412744-a5aef10aad48.json
412838,16543271331332,RV32_ISS,11,0,779634,1428,126488,e8a58c4aac9120f025309b26bd450d48ba0d13bb78e2cfacb192a2b106f32149,0412838-a924c5117269.json
412847,16543271332331,RV32_ISS,11,0,599396,1428,126488,a892af807e631b145cbb92f31aa979640ad13c99e893fd5e0dc0f022cf966bcd,0412847-93fa591219f5.json
413081,16543272331331,RV32_ISS,11,0,431899,1428,126488,1499ff956b99a4ec8b135c0f706922c86d883c77e90b9f4ed4b7f99eb1b1181d,0413081-2cc5ed86a310.json
413212,16543273221221,RV32_ISS,11,0,811465,1428,126488,966d3ce1d06359a3447b207111962f23f7f091e6921c567f7439d1cdde7371f5,0413212-d1ecd17aeec9.json
413343,16543721111111,RV32_ISS,11,0,1141515,1428,126488,1c1ba0090c968c8766926bdcdcf740a4eb7858887f9e9dde5708de1d2b7b1921,0413343-db72874852aa.json
413364,16543721113211,RV32_ISS,11,0,688098,1428,126488,c69f6605ff68917f5f9cf891cd7bc1c5ecd956a86e46c2277e7f58d9a8596112,0413364-784ae44bf881.json
414790,16547233332323,RV32_ISS,11,0,579601,1428,126488,af34a434dfbe631006e328efbceb33ad3e3f9cb08e9bfc5db79a74526b9eecd0,0414790-f095edc604c7.json
414827,16547321113331,RV32_ISS,11,0,1033014,1428,126488,019d35009707381e2948f43072b440463b95c3fed4b146d5741c32e05765ca8c,0414827-6126e5544aa5.json
416259,16572431111111,RV32_ISS,11,0,1092251,1428,126488,8dc48d91d73ae241a69beccf0c53b4d10fb6607118274a523eb038600d6b7d4c,0416259-a4e6a7713b1c.json
416848,16572433213223,RV32_ISS,11,0,508046,1428,126488,a2030fe21a7fd20442d46994f292cd022ee3f54da48764da1540d35552f355b2,0416848-91aa309bcc0d.json
417034,16573241123123,RV32_ISS,11,0,616871,1428,126488,87eefeb31b38a727a50cf66533f7fcae1212f794805b4f408a23f3b55c665543,0417034-356b55f4ff0e.json
417165,16573241312312,RV32_ISS,11,0,622034,1428,126488,3d1bdfa1c6fed7485ed26ebf4cf44ee82cd7ab98e06805e7818dd25308664f09,0417165-f18ab4b439cd.json
418466,16574231113133,RV32_ISS,11,0,618658,1428,126488,c8d537291ab3ab45ed424c4c578c325e84e189a3017be46cf91cb8039f59d764,0418466-84e947914555.json
419942,16723451122133,RV32_ISS,11,0,1418643,1428,126488,944d2425e6e2084dbf61334df28b95a495586d82e8085417c69cf7675e3b2eea,0419942-f31099361bf6.json
420108,16723451322311,RV32_ISS,11,0,530797,1428,126488,6a0fa5124fc5620c6d29c0c2c377f73a23bc6541fdf6090f3faa262ea2a38144,0420108-48f5fe000ebe.json
423582,16725431121311,RV32_ISS,11,0,770891,1428,126488,361fcb925ec2ac15a5d7b3e2db3fbb6320009f805ab82e3ec88a0c8fcf7470c6,0423582-2d92fdd2bb96.json
423606,16725431131211,RV32_ISS,11,0,564968,1428,126488,608848cdeb462420ce9ec44dab29c1e193a15c87dcd593cf0f7863de337780c9,0423606-f50cd418e6fb.json
423631,16725431211122,RV32_ISS,11,0,791609,1428,126488,7af56a9e4440d82a478686021004e1b7aad85fdc93d61dc63aa311acb7ed151a,0423631-44824010d8e5.json
423632,16725431211131,RV32_ISS,11,0,822459,1428,126488,3c2700e12101d3190b8fe2f2432185c9fa05250e26a963e34cafe37b6738e87e,0423632-e39ab2402aba.json
423712,16725431311121,RV32_ISS,11,0,692013,1428,126488,7b749264cec201884506721231ee80fb6786063f4d5e6a8efb27e1eab580668d,0423712-d3bc28463612.json
423874,16725432211121,RV32_ISS,11,0,444215,1428,126488,4733baeaa4650923bacd41c6f18ea8b1793f7a0f572b473a098a27001c9a81a7,0423874-818b22489a1d.json
423940,16725432232223,RV32_ISS,11,0,526392,1428,126488,ef3db3930e886d1b9170836f335728d7b9958ae0ceb0830cde63eee10e1b9cb3,0423940-95202b381238.json
424059,16725433113311,RV32_ISS,11,0,558606,1428,126488,b300df786b78372f4404678e9958753459f8ec3ed9255033f973749c97f59389,0424059-4ba0701e6fbf.json
424074,16725433122212,RV32_ISS,11,0,544195,1428,126488,930a292b548b6e4086f17a45ae9aa569dce9929e086663da06252e2e74535250,0424074-9a33529fbcab.json
424274,16725433333232,RV32_ISS,11,0,416852,1428,126488,930e91b06a3914e703d6c4e4f761b08eaa0b0a07896d62ec726ed61a50ae1c65,0424274-a041c794812f.json
427476,16735242122213,RV32_ISS,11,0,1003172,1428,126488,1e34a1a1b6042ebb840568a7d3ce36627dce511d7de15a849aac58a0966c9bdc,0427476-691fec1b78a4.json
429045,16742352232313,RV32_ISS,11,0,599762,1428,126488,2658ca3dfb10361710627c8086641bb19d0d97c44689c1b188f9993be690e779,0429045-5fa6bd44179f.json
430564,16743252323222,RV32_ISS,11,0,664027,1428,126488,d4fa67c689287917fdabbb6b205beccfa854a3f8b32b5c855c98a4b933f28a02,0430564-5c63502e96c1.json
431844,16745232121313,RV32_ISS,11,0,980407,1428,126488,93aaed76fb787684e8c7b325d5ec532ec9f661f01101defade4442ac203d8799,0431844-226d52e27348.json
431851,16745232122222,RV32_ISS,11,0,690108,1428,126488,ba0e0d1db7ada73db5a09f3a4d54df9e0850e784564a6573f010ae3f0cd2aacd,0431851-58f02163cd18.json
432084,16745233121213,RV32_ISS,11,0,679932,1428,126488,985bb0f87277f966d797c01a8da67e3764eb5929453c4953a650e0876fd1b663,0432084-0428ee2abb48.json
432294,16745233333313,RV32_ISS,11,0,1044725,1428,126488,51117d475b535094a0dcf20be1f09d8f6fa189cc4417493e798b9e6ee8dd200d,0432294-1c605d2e63a1.json
434592,16753241221112,RV32_ISS,11,0,749692,1428,126488,8c211fdf659eff1ead7fdd75022b5c5aa7fc408dbfc006bbb373e2de7b1fb4ea,0434592-848bd0fff540.json
444690,17246351111111,RV32_ISS,11,0,1970842,1428,126488,b9ff00e5c77f8e2e29ac276ea1d124c8636e8f7b2170aa6be924a312c63f0e63,0444690-6aaee67778c1.json
454659,17265433111313,RV32_ISS,11,0,800294,1428,126488,0f12c64b515afd542c8f761fa625941d99200603b8e3e42844ad167926ddecee,0454659-946b1d611140.json
454984,17324561211323,RV32_ISS,11,0,760085,1428,126488,2e7c4d1ff0591026ad0564b525352b8ba64302784ed23c02107b8b717f52733c,0454984-777838c16374.json
455048,17324561232332,RV32_ISS,11,0,547378,1428,126488,583fdcd3a0e96f819289bac0e032646ee121edd387054a05ca53eb50ec463f9b,0455048-8ff43672b4d7.json
458145,17326452212111,RV32_ISS,11,0,1279827,1428,126488,d918fd282cbc42ccd1fa156be3fb9c305dbb803e1e4ea024d1c50f4743e30d72,0458145-8bee658fd164.json
466656,17356241212313,RV32_ISS,11,0,587360,1428,126488,8acb0a4adf61ec097182c46aaa38559a7e5a7da2e9ad0b5872a4f316f1cb1a82,0466656-00e6e6cf3f90.json
466892,17356242211331,RV32_ISS,11,0,952222,1428,126488,15d8b6d69a1b542d3e5aec6bcb8f454f3dde22e72481dda717a7794c4184435f,0466892-dc848abe903b.json
468105,17362451211311,RV32_ISS,11,0,633651,1428,126488,7b8b3aa9746d9b71fafa5a57b9f9cb1e742059bf319405c8c86b17bf8b77b793,0468105-65ccd49b1fd2.json
468160,17362451231321,RV32_ISS,11,0,500882,1428,126488,606735d00bc459339cd4d0a6637f9a7861fa369e59b424201b7f36dd8adc5c63,0468160-cca99a39ccde.json
468366,17362452213311,RV32_ISS,11,0,1103569,1428,126488,5f88e1e8006a0b1b33f1928e8544c4be69ad61c0a26a16f7586c5526a0be08cb,0468366-2c1779427f93.json
469616,17364251231231,RV32_ISS,11,0,518116,1428,126488,41986458eda30f16e99589c10312da8cccc1d0147432694c44e0274525f5f651,0469616-300e4d0f45b8.json
473711,17423653213232,RV32_ISS,11,0,461311,1428,126488,bb2d0a0699a2ebfce4566cf43f2cdaa0d7cb0b10942e4ff4cf531e023b31cc39,0473711-21d8fc09419a.json
474615,17425631122112,RV32_ISS,11,0,630117,1428,126488,e5d1c16a2433baf79796e1f07f93bb3164ea009aca9bb449f5b8754de522958b,0474615-bfb8b3657018.json
474705,17425631223113,RV32_ISS,11,0,456411,1428,126488,fac71b955d8f85e09e2e3aa76c5ea98efb059741f77af35d48394a2490ff330f,0474705-766b7188bfa2.json
474759,17425631313113,RV32_ISS,11,0,758004,1428,126488,ec87bdea86e9b3037e830b2eae51b5a2e186b3c24a4dfa39c9374a6f0b9b9315,0474759-06821fd05643.json
474777,17425631322113,RV32_ISS,11,0,655022,1428,126488,2fbbf9afba1af150738fe59fe2bc5c46ad3782fa87aa4e95108bfe0338f11f4c,0474777-768129b49022.json
474785,17425631322332,RV32_ISS,11,0,825186,1428,126488,a6632e884deaef2b83eb0a8ecff192ba1b331c495090fa83c175fdc992c5c590,0474785-32f286513677.json
474786,17425631323112,RV32_ISS,11,0,792291,1428,126488,69464a84da58ce1aab7c7fb7d2ff8d1114d8b6fd33694d5ed9f14c2f7ee95b22,0474786-04aace860141.json
474790,17425631323223,RV32_ISS,11,0,593668,1428,126488,0fa50ae69272e7a931fc69beed7b00cf004347caef033263ab9ef9bdc1249a98,0474790-134c1e9766b2.json
474804,17425631332112,RV32_ISS,11,0,434258,1428,126488,515d90326d8f52eb9f61c4afc8a16ef3a08d3bf13df50f2bc26fd760b6e85716,0474804-73a1b0152585.json
476051,17426531112233,RV32_ISS,11,0,538007,1428,126488,b1fe98482da6819057babc5bd1fe8416cc35ee98501be61369577ad6bdca830b,0476051-9f50288a20f0.json
476067,17426531121212,RV32_ISS,11,0,897402,1428,126488,153af50eaed80ef13da72b74e5cd0269576070f35d30d20898cbc6cebecbbf2e,0476067-c9d3505b8a5a.json
476106,17426531132312,RV32_ISS,11,0,635649,1428,126488,ebef3182382f09d1ed8ad02088daa95bbb71edd5c0d6c604025436108e96815c,0476106-723f7d16fd16.json
476137,17426531213123,RV32_ISS,11,0,774462,1428,126488,2e86334397097a254428b58b8aa962c83346a11d69c5d1267e0844d7638a2c69,0476137-657ef374da0a.json
476167,17426531223221,RV32_ISS,11,0,590618,1428,126488,4d1ae0202513af44a8e4391d6f4116dc17bb0bc4d28577b4edaa4234fa3c7a7f,0476167-316caf969424.json
476186,17426531232233,RV32_ISS,11,0,1496255,1428,126488,8e59b75c0e54a9c80bbcf140ccddda591b29094c64df0999d5a4091908fae1b4,0476186-e6fd2d673a76.json
476219,17426531313131,RV32_ISS,11,0,708594,1428,126488,5ad2bc6a7b0bcc81e4682d744e1c1d44881305f5c05e40bb8033a34995147b8e,0476219-4f48a9eb8149.json
476261,17426531331332,RV32_ISS,11,0,572439,1428,126488,638483230e1b58c6baf9e3b1f68db44c0ec97772b3aaa79c04e6742aa47b14c3,0476261-2c9bf541488f.json
476310,17426532121211,RV32_ISS,11,0,394727,1428,126488,d561f9b9d7b4fbdeacf391bdd7cd602832504dadc4e9e639296a6017b55353f4,0476310-5f8a3445216f.json
476504,17426532331331,RV32_ISS,11,0,449330,1428,126488,47b29e8824a9ff586be898ca183e0552bc5b3df8926b026e1108b7f1c515769f,0476504-54c29f8c2d99.json
479279,17435622211133,RV32_ISS,11,0,1062329,1428,126488,f1c59dc472f3907a8392ccc9ed2aca4f98b57fbb22601d603030b09c68a2a1cf,0479279-66eebd507dc1.json
479521,17435623211123,RV32_ISS,11,0,1150143,1428,126488,b2e6eee066bdf1ef871c4150f3c89ca2454987a910e6421ac7668ec272a6f2a7,0479521-9348cf074d5d.json
480623,17436521323232,RV32_ISS,11,0,686523,1428,126488,de318c2979cb5ec5b231b7bc3e8dcb51c0dc19882fea1f5691d167211aaefdc4,0480623-d3b920b2dbb1.json
481730,17452363213232,RV32_ISS,11,0,483591,1428,126488,850dab128cd26e7e11ec19a2d409515fe0cf0f7bff554db02beac8b3a65781b7,0481730-f35f3426fd65.json
481826,17452363322132,RV32_ISS,11,0,397767,1428,126488,66fb06ccfaad0f25c7cb03143c1f5d544e661ff40bb583cc6009a4edf2d69e61,0481826-232c787abc8d.json
482459,17452633213232,RV32_ISS,11,0,546564,1428,126488,5fa74e7855939c1a00f1675d6c2be406e7ba8cd5fa79539df6942e0c88565a61,0482459-2fc90142d66d.json
482924,17453262211133,RV32_ISS,11,0,749597,1428,126488,a4814e939f34355bdbed7967b5dd581b1d07cb6a12913583f827c62764a4a59f,0482924-8078fb8ecdbe.json
485862,17462352213311,RV32_ISS,11,0,856701,1428,126488,786d0117332a1dba0f5835189f705f50b8447c785e7880948c51d687fcaa4735,0485862-3d05f8e4cf51.json
487008,17463251122112,RV32_ISS,11,0,538540,1428,126488,2ce5970538ee441d007834dd4e05a57167cde86346fd388df21490edeec7e281,0487008-52454335b047.json
487088,17463251221331,RV32_ISS,11,0,383406,1428,126488,ce13ccc5418ce24f02926a2c2d78e461620e7a9357bad5cc16aa2f711082e69b,0487088-f0cd232773bc.json
487152,17463251313113,RV32_ISS,11,0,698824,1428,126488,48dd1984bbcf2d82e982dddf7b9d69c60d2d770eda0267694ca7e978744a40d3,0487152-7db24b912060.json
487166,17463251321231,RV32_ISS,11,0,749724,1428,126488,26979ce9a7d7945a097897b5d5d5fd079ece1704c5812a32c420dd81f815ebc3,0487166-262063b03539.json
487179,17463251323112,RV32_ISS,11,0,857608,1428,126488,f472135d793924f9eb7d03571f33792f70d661430378128c3b7ab53f85e07521,0487179-38ee9c68dd15.json
487192,17463251331221,RV32_ISS,11,0,482263,1428,126488,d120ec84cc855808096448ee55bbbdcf7789659a5f1c26087b3eb2754e9e6b22,0487192-f56628c14bcd.json
493588,17526431131121,RV32_ISS,11,0,568793,1428,126488,27bfe46e6e0a769e12c812b4930d9540fc9e5a381fa868dfb9ee6344a4027c2d,0493588-eb604a97f188.json
493675,17526431231321,RV32_ISS,11,0,1267113,1428,126488,6320f28ee141364ca2643a7b2e1d3d4cba5673518064cdaf9867beb9fc396bfb,0493675-d8f51d5207a9.json
493826,17526432123233,RV32_ISS,11,0,685452,1428,126488,402518382194d937a06399e119e5f4e84dc0ec4ba43f82b475805238f9498c48,0493826-8ce411f03131.json
500094,17543261111111,RV32_ISS,11,0,1556858,1428,126488,a4baba19b40e4e82a15b591457145056206bd200a2961c245aecde4be61902a6,0500094-ed214342835d.json
500157,17543261132111,RV32_ISS,11,0,561339,1428,126488,f56ffb6e647aa99466ddc2d7b2b8d49a0df7c4f95b4eff342edda119fbf3685d,0500157-f7c6c5cba97e.json
516861,17642531111111,RV32_ISS,11,0,891442,1428,126488,a37c3ab5869f5313eb70da99eef21cf17ba6e7a668b43b9de7535d6ea4fbc17d,0516861-5ecf2390db50.json
516875,17642531112233,RV32_ISS,11,0,996913,1428,126488,b7cf89f5910e0e3e4913f53e13c6058fe798e1fac0c9f2edf2c6c74a017145f7,0516875-16d8547c18a3.json
517521,17642533312211,RV32_ISS,11,0,488664,1428,126488,57583a45da13eca8c60d50a434f4a3a8a0bc990f20296764ab8629e2393d19e3,0517521-b8672dd95a07.json
517626,17643251122112,RV32_ISS,11,0,557542,1428,126488,ac06c34cad959a3ec0da7fe16c4b4e7b7684c129f68bcb414373d4802192035c,0517626-5ed6c895eaf7.json
524880,21345671111111,RV32_ISS,11,0,1468209,1428,126488,596f722325a79ba636d7ea64b0d679f81407aaa39a4f439d52909440ae6b39d0,0524880-28f95c69d712.json
525985,21345762223322,RV32_ISS,11,0,1155352,1428,126488,cf646ab05b356d72c8fa55ecd68a5c3b5b9bcb4acb596e203b2d64d274a83e67,0525985-2f8bd3480c05.json
526030,21345762312323,RV32_ISS,11,0,948149,1428,126488,75492d5b5218d386a873745ae5fa7a3d891a78afc1ecddf2b4434291ea5177ef,0526030-d405c3385f8d.json
526036,21345762313223,RV32_ISS,11,0,834952,1428,126488,14793e8532069fa668aa3688aa5cb1989ee8f1e71b9872eec5b2910c040d6e27,0526036-0fd4439bdd81.json
526325,21345763332233,RV32_ISS,11,0,996852,1428,126488,84ed93473a1a2e42f7e7f8a372f7d37092f3fb5220222085090a636faf497701,0526325-e6a529c396ac.json
527497,21346752313322,RV32_ISS,11,0,874002,1428,126488,da7cdaf2d676b4370e0977bb9ff2ce793c82de89587b3fa5fe0cb6e48f5a52e2,0527497-405b758c5318.json
528217,21347562312323,RV32_ISS,11,0,1124466,1428,126488,66b5642d984e935a06a8771ccd1c35f359dbe2a31468ac3ce2c2d63a57f9696c,0528217-bc3028bc9418.json
529290,21354671122112,RV32_ISS,11,0,575582,1428,126488,90fca92853de4fe49129beb2e9ce2b74550f00149c5c155ab755cf087a851f5d,0529290-fa8a01bb59f2.json
529314,21354671131313,RV32_ISS,11,0,727156,1428,126488,046a11cf378b5709babdab34fe25d6e7004ee347deb13a48020515ea6c5f8dc2,0529314-767410c5f978.json
529362,21354671221112,RV32_ISS,11,0,597916,1428,126488,2d3e8d0c42f608299eb935def125544743c27ed1047ebb42b9bf48896aedd01d,0529362-d3a737421aaa.json
529660,21354672311123,RV32_ISS,11,0,747523,1428,126488,3a4735a28fad3ff2988639edac1607816da11ea77d537d2cba6f38b827958ec1,0529660-6bd64ba93ea5.json
529661,21354672311132,RV32_ISS,11,0,995121,1428,126488,67745bfc99b2403634885b41c96a31df563ac99e8b32600a0268293bef68c3e8,0529661-b74bff8fb27c.json
529680,21354672313211,RV32_ISS,11,0,2242520,1428,126488,ec57416375d1ad9e38734b36f4537c4de7dfa2ccd4a0111c23c0d0301a8b082a,0529680-31248a2456b5.json
529794,21354673131113,RV32_ISS,11,0,598560,1428,126488,b01e67e89f19a9997b3b53baf563a760a03d1b8e49cff7db567c3830c5d086ea,0529794-9d4e067e6b8f.json
529997,21354761112233,RV32_ISS,11,0,623314,1428,126488,52a61f5aa89a68f268fd7bb7476dcb87a30e12d2f6fa85253e68f935825adbc0,0529997-ba7857d16441.json
529998,21354761112311,RV32_ISS,11,0,732857,1428,126488,450cc111515b7ebe2698a47428e121cbecf20207552b272f46e7208a3b7515e5,0529998-07758319ac56.json
530004,21354761113211,RV32_ISS,11,0,652488,1428,126488,17d3326ab6a4f3b135360a1612408092a0662fd1da5c83c9ec05ada805fbcff2,0530004-ad80ded03903.json
530008,21354761113322,RV32_ISS,11,0,839322,1428,126488,d7ef9faaffcf615da3ff3a0515a3007f54321912864e15b939d6c373d8187bd0,0530008-ca3a2b4da4aa.json
530022,21354761122211,RV32_ISS,11,0,557799,1428,126488,31e250df7187c9953d8444fa035c4b64d5f31ff4010d33fda80f8d04a6508d03,0530022-68e1c0656d29.json
530061,21354761133311,RV32_ISS,11,0,558097,1428,126488,b1327957ca90fa131b379bb6d4d67694cbeb2ae7c4c9abb306d2419ad8346f52,0530061-c9cddf934908.json
530331,21354762213311,RV32_ISS,11,0,494748,1428,126488,f8d55bcea9f3ea80a635900ab11bf4e04ab9404851404fc60a207233f2486529,0530331-59734e330a83.json
530643,21354763312211,RV32_ISS,11,0,823991,1428,126488,9564d281fc6df168e934b9125ba7ca3d5e28e314e41b5d478239faafa0660cec,0530643-04d41c7a4f48.json
532575,21357462311111,RV32_ISS,11,0,821422,1428,126488,e0a1cfeab23a848ac3472037b8b2c50e9be75921a9e528ff2f65398d4929e1b8,0532575-435311a02183.json
532763,21357463213331,RV32_ISS,11,0,460654,1428,126488,ad01d947d074c56e9f6319d158ddddd50f1eb14bdf8aa78abfaaf4c11f04a562,0532763-f16675910649.json
533252,21357642221132,RV32_ISS,11,0,1128879,1428,126488,5520a1e7cf5bce8299ae376027dc3dfc0a8acc4f4cdd0265c93309b13b12d6b6,0533252-6b468f44d524.json
534762,21364752311111,RV32_ISS,11,0,659585,1428,126488,61013192d5ce254acc7c4fca44dbf564d0c74dd95a3e4b459f94d8e92e4aaa81,0534762-1d601e12f8b2.json
534936,21364753212212,RV32_ISS,11,0,508119,1428,126488,3b5d87d7e593e4d9f0fd6b816056c236e1ec50e642d1eb02c1973d051af4f390,0534936-e503acf57342.json
536172,21365742221312,RV32_ISS,11,0,767367,1428,126488,d46edca93c516c1dd459885b4f16c237c08fd45356376bcf104aee85a6cbf3e3,0536172-981d74376f6f.json
536236,21365742312323,RV32_ISS,11,0,937242,1428,126488,67c9b1f7dd8bf346728d9095076fa4a2d7670b4b0bf927d8a7516e6fe2a51048,0536236-349257ad7868.json
536714,21367451311331,RV32_ISS,11,0,577056,1428,126488,a5d5bef1343665fe29d0b2e303e6aa0c4d16d463c3623305d9ba8d4b337febfc,0536714-0241d5cda1b5.json
536796,21367452112112,RV32_ISS,11,0,576266,1428,126488,5b08318c84959a6eda347eb333c99e6fbad724598ea9aefc178f2f867f11e67b,0536796-f28d7bdf56f3.json
539452,21374653333121,RV32_ISS,11,0,450432,1428,126488,a42171bc8031e6669fe21b600a4103335e8184013a7ada82f791963880e1dc27,0539452-d39ff4b106d2.json
539879,21375462312233,RV32_ISS,11,0,640402,1428,126488,b974de2fc15c6b110b1a34ea21be3280c65aabd129c90acd5501a5bb498405f9,0539879-953c4bb7d09c.json
540183,21375463333211,RV32_ISS,11,0,693423,1428,126488,11b6e383ff40ccb464ea8c5781b2563e1c33d56168271e95bd053739bbb89520,0540183-54750483590a.json
541648,21376541111123,RV32_ISS,11,0,744198,1428,126488,f0e5b002939d959aed8f73638a00ee27cc8557766e183ed00b239a89ffa569a9,0541648-ff91a5224b2c.json
541662,21376541112311,RV32_ISS,11,0,669612,1428,126488,be572043523af5387e7b243497a61876683b1e95888a0e397a71285a2abd4d8e,0541662-37875fe53c4f.json
541686,21376541122211,RV32_ISS,11,0,726037,1428,126488,a0da55e6ba0e77280789560999335c9c37c61cb676610cdebbc6fcf83d9a4800,0541686-a30a576367a8.json
541703,21376541131133,RV32_ISS,11,0,555541,1428,126488,95a48a8e83f2e4ad7d6abee4c3af9cd6ffc5ab891c286458fb7b769586660d2f,0541703-4bdfe15e6aa4.json
550585,21457631321123,RV32_ISS,11,0,882154,1428,126488,f236308cce359c024b8c2f1f6c52a9317a9c25ef8c5a5e8b29609cfb86aa964e,0550585-64e6af6e1b07.json
556206,21473563331312,RV32_ISS,11,0,832647,1428,126488,aee89ec07e7230a992131e02c2c62a11fab1c3577bd2257e522ae4c6f80178f6,0556206-493af779425e.json
562421,21536742222131,RV32_ISS,11,0,655151,1428,126488,bb61e11128284b1783907979199c3f9455e4eeb384cce04c0430036edfd1fb54,0562421-1e23f942cba4.json
587959,21654372231323,RV32_ISS,11,0,583149,1428,126488,89ffe1e695f410fcf74aa0fab255696da7578229907b131c985489de829cac19,0587959-6fc77faefb5e.json
587977,21654372233321,RV32_ISS,11,0,742271,1428,126488,452194a8f81e60ee0dd6d81b3f24aada945b1dcd62735ddebfe7bee939105040,0587977-993cfffd5313.json
588286,21654373332122,RV32_ISS,11,0,540124,1428,126488,87cf41a40bef2f8dca7bbca7550fd00323be27294c790509958e67dfc82047d9,0588286-b4d5699be1df.json
588289,21654373332221,RV32_ISS,11,0,653143,1428,126488,5abc237c914e53ae37e5bebdaab0909c2f127797208195d1defc076e1473ee5e,0588289-42ea3be2a5d6.json
595883,21734652123131,RV32_ISS,11,0,707612,1428,126488,1260144a1e7d62b017c757f030884d2acdfb7e30b0a4e04130e9df215662f802,0595883-1f49b6cae5ed.json
615566,23147562123131,RV32_ISS,11,0,876282,1428,126488,4aac516c0b711b0ab170698a38b0f24be6b87b49b9ad272d54cc3370816e6367,0615566-9c07f3f55aaf.json
616021,23147651112323,RV32_ISS,11,0,687567,1428,126488,6647a8ea856cee3e287ae6b28e06ad006c31505384feb74f87bfc875465a40f3,0616021-c63ad85968f8.json
616426,23147652312323,RV32_ISS,11,0,505914,1428,126488,85be2dd317eec6b6b961559727c2bd6849b3cb7ddfa6a4326fe2dabe0831932f,0616426-1da7754a255d.json
618311,23156471222132,RV32_ISS,11,0,556551,1428,126488,c9e1d55c78e4b2dd08823dd131457ddd367b351e465e3f43d408276c2c9112a9,0618311-1ef960cbacf1.json
618428,23156471333132,RV32_ISS,11,0,483595,1428,126488,4b995049e69bc1469da67f710dd3ec36addc7718b85ab08df4e63e97b30aead5,0618428-8061aaba6c32.json
618893,23156473323332,RV32_ISS,11,0,478217,1428,126488,f0d0f2eb0105375261f3a4ff34d94259a464d49b804bf9fd26d0cf1b28ff6ea7,0618893-999ceffe2cd1.json
619793,23157461231333,RV32_ISS,11,0,788681,1428,126488,b4a754b81b61d753d6703777862f4c87ba17a2544c87248830de89887fe48957,0619793-95b298cf736a.json
619948,23157462131123,RV32_ISS,11,0,826751,1428,126488,1cf0367c240c9280e643083f4869d8312d0cbd5a5e9da39534f7bb80ba886ebb,0619948-a5f6a5fdd53d.json
621695,23164573213133,RV32_ISS,11,0,411329,1428,126488,558d782bf50a286d05225a5a4b5f32c981d4462c512ea70347b6d9508ddaa029,0621695-2c33cb062bc4.json
622140,23164752131312,RV32_ISS,11,0,1383221,1428,126488,0d03d4ebd050a35a404560e49bca809bb746426da2f7d8760ad7b55829da9c6a,0622140-f16158e042c3.json
622563,23164753333313,RV32_ISS,11,0,506529,1428,126488,d4d03fb9cf5c287ea15759707f229cd47fe7851fe4a0c32072af01c052dc3670,0622563-669c69f00996.json
622566,23165471111111,RV32_ISS,11,0,1351138,1428,126488,088a320399dc6c63064059de9e440cbd704b1dc51b417021122005ff0a40d461,0622566-8d2a08ad0fdf.json
622730,23165471311133,RV32_ISS,11,0,522531,1428,126488,39371383afd842555bd99451a98c7a8ce0e87d69de4b85def459a0f9a332c97f,0622730-9b048fa5e4fa.json
622739,23165471312132,RV32_ISS,11,0,425693,1428,126488,9623034bbc387045da3c41db41b00b61f5ce19a382f6d3fa0a046062644c9833,0622739-a6bf9c4b15d7.json
622810,23165472111122,RV32_ISS,11,0,565506,1428,126488,aaf128a61ab5d0cbf468131d6608fd7e08f06b69d087b6325e0f6a764b36b878,0622810-04556b703dc8.json
622817,23165472111332,RV32_ISS,11,0,440521,1428,126488,e41cb8204a0f43e6d54b7c8e53592362a105b516e6ccedece95bf6bf9a240e2e,0622817-4762200add9b.json
622880,23165472132332,RV32_ISS,11,0,749649,1428,126488,bf4b610e0b44cbe6d1ba2f346a06325dac030bf8645daea904f755c9d70c41b0,0622880-a1cccd8b8cef.json
622971,23165472311111,RV32_ISS,11,0,791773,1428,126488,66fdafbebf6da0ad5cedf96ca861f41551c8e9714f202c9bb8c83dfd0b94ed5a,0622971-d4ae8a103806.json
623209,23165473233221,RV32_ISS,11,0,968724,1428,126488,94eee7d73cd6229a42c8c6ba152f8f337a88db459f1750043d74a0779a4e3bd1,0623209-fe52b9403028.json
623311,23165741112323,RV32_ISS,11,0,1392925,1428,126488,3766e89e7171486dd5624c97b44e8cf254ff5b5468e3c726211277ec60210d02,0623311-c6eaa00b70e6.json
623436,23165741231312,RV32_ISS,11,0,709915,1428,126488,75d742c0362db81488a75ec2914262abd18f1f2ae60cb738dc28c5de17a58dd9,0623436-33f20a0a5eb7.json
623585,23165742123131,RV32_ISS,11,0,912120,1428,126488,c8bf47a61f12b64af1f65a683b7dc8f960d633746fa4d3b890fb5642290fdef5,0623585-8491f2b0938d.json
623599,23165742131321,RV32_ISS,11,0,928037,1428,126488,d1d5a7c8579fd5ab9b7b9dec48806545fd8c0ef6084502e4281bbff2dc5b120f,0623599-ae6a14d70c37.json
623600,23165742131333,RV32_ISS,11,0,1321513,1428,126488,1f63f844b5bc3b7f86536abb2421d2e27b2d81a3aa95f215eb788cebd1ea1c0a,0623600-534873da1e2b.json
623716,23165742312323,RV32_ISS,11,0,1016517,1428,126488,eac64e69370b8e3f1cb58449c6a1d008dfb99c441fbe15f52c7f79c2365b7779,0623716-d91267ac1b9b.json
624003,23165743331312,RV32_ISS,11,0,966994,1428,126488,d28c5b021c5b06609a64caea9535ada0d0317db513d2593b0f085cfd890d4244,0624003-686f62e44050.json
624913,23167541233322,RV32_ISS,11,0,555336,1428,126488,065e72177c4fac343cd3647fed85a24c27b3c9234c1e6687788cf232ed4cca02,0624913-f0f51f7b443b.json
625054,23167542131222,RV32_ISS,11,0,717820,1428,126488,6cedeb7667aba05350cde8996c7a9c9b5cfcc538bab87807dc330c05e7274b7a,0625054-1aff896a4c28.json
626501,23174652123131,RV32_ISS,11,0,799908,1428,126488,c151ae0f8f922025874d081a5e103fc8836bb2198d414cf3dc552dbc81fc7bb4,0626501-98253ea00c5d.json
627511,23175463211222,RV32_ISS,11,0,476741,1428,126488,90416f7118c418666d3ab855a26ed8013211bd0e5ae761cc74ac0fd0df1b02db,0627511-cfeb3df9cc58.json
628708,23176452132221,RV32_ISS,11,0,720888,1428,126488,1752630e4d17afd63917f34fecba2d5147b990e67b0e13a7391b2c46f92af330,0628708-32bb828314ff.json
629114,23176453332233,RV32_ISS,11,0,1101704,1428,126488,f2e39b48384345056bffef35760bb2464440b9cd2e637828dcf3a0dbb9088fb9,0629114-2c4147bd9b50.json
632316,23416752121211,RV32_ISS,11,0,904215,1428,126488,2be8fbc298daad2e7890554656190ebeee16cc1bea4f71891bae3c8eee9c2c0e,0632316-d8fc29d77ad6.json
633403,23417563232123,RV32_ISS,11,0,526807,1428,126488,db9b16ed418c46ea2c101db4f9581e02edd1dcea8e703636943d267796a2073a,0633403-32f33624f692.json
636272,23456173212332,RV32_ISS,11,0,427083,1428,126488,d290d5a0f71885864bdd98498f1f52a4dc8526e5ae1863d3ba03b9388d3cae2a,0636272-09fbbd2f2339.json
636328,23456173233122,RV32_ISS,11,0,454688,1428,126488,2f473ee2021f443de5295952135e829d6ccf1d6338f1823be47955e6fda5a6c5,0636328-a3e26ecb29ec.json
637001,23456713212332,RV32_ISS,11,0,400163,1428,126488,15099254cb634f97b9c3d2d74705a3477b9a89250b52e5dc3324e0691ae74f30,0637001-1022bd270cae.json
644706,23475162121112,RV32_ISS,11,0,909986,1428,126488,6ab4946d60a6aeaa8c597c0855a26200d10487e3cbd0e518d6a00d0f86021ad9,0644706-ba17c0340af8.json
650573,23517462131333,RV32_ISS,11,0,720549,1428,126488,5b565bb88f4c7036be96ab0e0c0fce959bc0273144eee9011dd1e2115e5e4b67,0650573-1ad34b375959.json
664522,23576412233321,RV32_ISS,11,0,674432,1428,126488,52ead6b3d3f99609ba7b2e4049deb28abc5c58a3af16ab0b13e9030d2d89028a,0664522-78e68f61bd7f.json
664540,23576412312323,RV32_ISS,11,0,941172,1428,126488,2069392f7dd29dc5ac0315b6e78281bcbf573a394cadac4e7f111f1a204ae0bd,0664540-a68cf15481a8.json
676782,23657142121112,RV32_ISS,11,0,765297,1428,126488,cb4aa5c5278d3aa82a0c767815b715f0181e857125f77a7a99626d976a73cf27,0676782-42d945c80388.json
678257,23671452122333,RV32_ISS,11,0,1180127,1428,126488,7ad8b307babb27f4d1c60ce5145c3a66bd9d248456ce6427873b2df7ecbd54dd,0678257-23c05751659f.json
680065,23674153232321,RV32_ISS,11,0,476688,1428,126488,b8621d8c27c08fdc42f8eb4054d12a4c539036cd254affc68f3487e9e4e59f01,0680065-f69108cdd703.json
691156,23751461132123,RV32_ISS,11,0,571095,1428,126488,fa67140d53a1d20666c9dacb565a70ed2caf1926e9de104ec217276eb8c72be6,0691156-00e838412bb0.json
691594,23751463112321,RV32_ISS,11,0,589005,1428,126488,e77408728feb5e7afcfbbe43b572f169ee7ee8ab0253bf6f560e342c1cd7aa14,0691594-533ac743c307.json
694619,23756143222331,RV32_ISS,11,0,436155,1428,126488,e467f0e397cfe1258d4463606af80d2a9cf59860de0c399d681352a01b32ca15,0694619-8f47846a7de7.json
694860,23756411222312,RV32_ISS,11,0,482483,1428,126488,ac96b846d83178c9800ab15f989449552501a33ef35ea90e60319a7c7ffc3cce,0694860-7297283833c4.json
695340,23756413222112,RV32_ISS,11,0,499296,1428,126488,63b65bf437b189f139232498be1327680eaf2be377768b60bd71ca650b11d9c7,0695340-76032307d2c5.json
695355,23756413223312,RV32_ISS,11,0,445903,1428,126488,a92d80ad48c93ced7d524fc175629f56c369e662652e82cbc43de348314718df,0695355-64f05e4a219e.json
695427,23756413322312,RV32_ISS,11,0,463863,1428,126488,8efdfb5ed2aeec53461cfd3a7ab3e98e58e3895fa0d1647f8e0c89b50464cfeb,0695427-d28420eb280b.json
704651,24153672321233,RV32_ISS,11,0,536550,1428,126488,6d9f6672ceecdc3bfd1c4c7510055ac7e88ff258c11ef3644c30ff347b594003,0704651-94a604228f11.json
707313,24157361313212,RV32_ISS,11,0,610481,1428,126488,b422c242627701212b9c786473e9ba21edebf5215212cdd0eeef789f1b90c17b,0707313-570f52aa61bd.json
707580,24157362323111,RV32_ISS,11,0,584908,1428,126488,f119e04e828639b04ef8c76ba9f4177036d16f98fdfe61dfcde58e3350dbec98,0707580-985ee72e163d.json
712058,24167353132232,RV32_ISS,11,0,689834,1428,126488,70a73db47420ba7ec8a699aaf77e3020166b6917e93067e134f270050981a6cf,0712058-fbe79b38d678.json
714146,24173652323231,RV32_ISS,11,0,490703,1428,126488,b424305bd18ec7ee5c4e1106c1f080bb06ac523fe6ffdcf6132005c463a56771,0714146-9cff9de49e0f.json
717990,24315673311311,RV32_ISS,11,0,1427549,1428,126488,e0a1f74b1073f07b40c6c36c739cb1c429eb125def18f4e83863755c09052e98,0717990-ff92a402dcdc.json
718108,24315761122322,RV32_ISS,11,0,798717,1428,126488,f770413d7218c68f4634b75d52e14f2ce72ae2fc1022f98a58a7e9815c8d93dc,0718108-faeee8d6acab.json
718414,24315762213323,RV32_ISS,11,0,1875667,1428,126488,167d13405584661d1952d23d8b9c7e5c3988e7416b61dcc91ed827a2535d97f2,0718414-bc21944aef82.json
721803,24351671212211,RV32_ISS,11,0,870876,1428,126488,a8440f3cd821167eedaffb2a3c94c38d28fc30d4338cf531592ec12c58d0afae,0721803-5b250ae74d12.json
722198,24351673111133,RV32_ISS,11,0,853206,1428,126488,00a491b9a303886c43b0af6e18f4509fe4dd5cd645e7619d356e5ddb3248c607,0722198-7e008f627d48.json
722364,24351673311311,RV32_ISS,11,0,1148794,1428,126488,f0a33590909162983accb738881c279cc3f3b963f0170b0ffc17cd89a595db15,0722364-597b6be7ebf7.json
722440,24351761111123,RV32_ISS,11,0,1209603,1428,126488,31cb7b0b47f7cef2af86678e2e5e8aa7b6482edd579a62dba338a8dfca920e26,0722440-e320cb8b3790.json
722534,24351761212232,RV32_ISS,11,0,493838,1428,126488,b57c62aec284829a205822bf9da84b29ec07532f159e5d22a0411a906321e6b1,0722534-1320977966f5.json
729936,24367511323112,RV32_ISS,11,0,671890,1428,126488,5ddfa16c78c98b85d799e3b3199ab2693d1afefc78233d0222e1289cef6325ad,0729936-f0c9bb344486.json
730216,24367513111121,RV32_ISS,11,0,452802,1428,126488,6340af7595b01f661347731634e98e28554f64fcc05f4cd04a29776db011f602,0730216-c66d8abbc4d7.json
734464,24376512222122,RV32_ISS,11,0,828826,1428,126488,4e620881bdd82459f46d820fd367fb12613f989660d1710150f3e063ee26e691,0734464-dce52474c44e.json
737415,24516732233111,RV32_ISS,11,0,732991,1428,126488,e69302864f48af6145063d1028ad1f5f51e0ca61e122bc68e319e680a333a0ec,0737415-d6ae96c294a6.json
739738,24531673123121,RV32_ISS,11,0,447077,1428,126488,a07dd02eb1bf6a2eb3801c6db72ff12c5b79741b6491335bec158c6ba7323de6,0739738-6e5b5a5f7bf5.json
742019,24536713231232,RV32_ISS,11,0,575408,1428,126488,9590b49d5976c71d56e840824f598ebaebee21b692ab7b0a77914d0d8991cf13,0742019-a0e7d135fbbb.json
743479,24537613231322,RV32_ISS,11,0,849493,1428,126488,1e4d518956cedec3e1acfb30816769646d2bbb5bcdb7118470c7354eef893419,0743479-22c54b97411c.json
743825,24561372111131,RV32_ISS,11,0,834018,1428,126488,f14d3c3620820524ff19ae2dc944f77476dd8279607ffba7fcb6af78e27014ae,0743825-ac3b1f98817d.json
745797,24563711121212,RV32_ISS,11,0,880455,1428,126488,bc4abe29bdc7b1a1228b57128c1a0a9c53c6579da10190ee55ee5f1a947a8545,0745797-b4cbce556a97.json
746042,24563712121232,RV32_ISS,11,0,985294,1428,126488,09bf1740e21025590179b3a3c1083377e29bfbbc5d0f7acf70cf41e6e61a8093,0746042-328397a18cb1.json
746284,24563713121222,RV32_ISS,11,0,1251818,1428,126488,eb851881111723a264a9a675e73bbbcec513a83b700f1ca8799e7c68dfa30936,0746284-3086a6d4a857.json
748308,24571362221213,RV32_ISS,11,0,1024856,1428,126488,c88bfbcf38800d94f4ac5814530cbf2313ad7e683deabc7eabe881174e8f5add,0748308-6f41a42b663c.json
748713,24571631121212,RV32_ISS,11,0,746072,1428,126488,d8a63b5f44eb7ac1889236d556ac2b5f8413fb48b0f57055e1d586143f05cf51,0748713-530bfc6915e3.json
753803,24615371112332,RV32_ISS,11,0,541462,1428,126488,bd405988cfd34481c9645a130823addc9dd5842fa4131f3b6be99df096f4ad37,0753803-e1ad92729075.json
754134,24615372213311,RV32_ISS,11,0,1208945,1428,126488,0bb096d01539de9459b09c7728dd928efc123d2f80937ba5202405747b61dd82,0754134-c2d0ccaba829.json
754557,24615731122313,RV32_ISS,11,0,581113,1428,126488,3581712432158d1cd0226ffa3afac39a440a1a4439b7e3df42ac6f105e3b4455,0754557-c7d607b4fa1d.json
754586,24615731132333,RV32_ISS,11,0,1041543,1428,126488,87c520bc0c291857f3da989f9dec8716851cf99dd460b07e2daae23104f836b2,0754586-48af918c249b.json
754765,24615732111323,RV32_ISS,11,0,861614,1428,126488,d4e8a367598cba47f1bd9580bcad109ff99e3eefcb9c152a6bf8e251c9c83184,0754765-869156123534.json
754863,24615732213311,RV32_ISS,11,0,969725,1428,126488,a4783d155b3d911df0cf437e1bb3957c6ec5de71c6167e7c35226766ee9190a8,0754863-3cc8c4e047ef.json
754918,24615732233321,RV32_ISS,11,0,827448,1428,126488,b7d0cdc05c831e1ab46a63bf4db11afb563cfd0b22f5da98f6f3369c57265d83,0754918-a540fdd2c147.json
755026,24615733113323,RV32_ISS,11,0,1251233,1428,126488,f43b97feb3e41e1f59a5b2d51b47878ec10b4a678ed49eca48719dd782521ab6,0755026-5fa774a03162.json
755164,24615733311122,RV32_ISS,11,0,947289,1428,126488,34f2f9c347fb31f7149c19ffc4d325b9aaeeb86c8ea6999c07121a66184a3df6,0755164-9463ba95801b.json
756376,24617532233321,RV32_ISS,11,0,1035084,1428,126488,841f1a88912f10ea91b0d6bed4c693ef4083fa0f7d63940b2598630eb82fe6c3,0756376-3ce4e42d5670.json
760754,24637512311132,RV32_ISS,11,0,1335828,1428,126488,2ceec6f2d6556247238268b198885147dd0da01d6a78f631805425d2cb6e3203,0760754-e00ef349d4dd.json
761827,24651731113223,RV32_ISS,11,0,604831,1428,126488,dff8545c89346a55fb317f1236272941b760f11db3f9dfa5c0072ba4fa98d0a3,0761827-fc97beeb407d.json
762047,24651731333333,RV32_ISS,11,0,538763,1428,126488,24ff1b009b9fa07f623e046c21000075ab2abcc727105d871e98d407c425303f,0762047-fdb155134250.json
771938,24715363311332,RV32_ISS,11,0,537705,1428,126488,e39456583fb7a49fc95f402a1bc26e53c0dc39e513d43795ea0439c249395d6b,0771938-d12a22dde1aa.json
772011,24715631111111,RV32_ISS,11,0,912136,1428,126488,f018439c111fc069c126bd435b1b4b94345a50e2e172450bfdde14719aeedb56,0772011-486488e357ce.json
772048,24715631122121,RV32_ISS,11,0,672789,1428,126488,b3d3be650a38e5be7f522332456723e58f6642f490d854f23346913803f163a7,0772048-85aa15b7c8a6.json
772049,24715631122133,RV32_ISS,11,0,1000143,1428,126488,21ca858e8b13bb5df3fe9a67c565c1c39c8a89bf99f09643f53a0c88b4dd3ba4,0772049-82b1ebdfa864.json
772438,24715632313223,RV32_ISS,11,0,767662,1428,126488,f915a4bd8e9bedb195494da1d4a8b39cad5cde75896dff21336850b245fe0240,0772438-153fe3e24529.json
772506,24715633112111,RV32_ISS,11,0,419094,1428,126488,2611a8dc19c7688eb5e5b7004fa60bb971c72bb9322c274b32526b7c20d07c67,0772506-f5378ea93304.json
772553,24715633131131,RV32_ISS,11,0,610354,1428,126488,ebecadd079ae3118f399a0f71a764d9df9b82275e96a54ec5f30b67ea551a85f,0772553-cf898c5ed117.json
773924,24716532323231,RV32_ISS,11,0,888165,1428,126488,101866b28cd693a9f64ed2cd4f97d0af0f1cd1336ceb51dc97cb1117d6f431bd,0773924-73b3cacc6760.json
774198,24731561111111,RV32_ISS,11,0,1484531,1428,126488,eb90cdd3164746e148626589fc91bea6f3e66f0d30dddb1c97e7a66e24f26e03,0774198-e45973c02cdc.json
774608,24731562311231,RV32_ISS,11,0,797142,1428,126488,d32e94697a249f8c3b6267736544921a3c6074d83eedbbebc9506cd3f9fdce5f,0774608-f46c38bff8f8.json
778211,24736512222332,RV32_ISS,11,0,1005525,1428,126488,549cf416ea57b561c530675ea0573d9dbb76597c5580a92b4a2c01ddb4528bd1,0778211-8b885d52530a.json
778928,24751362221231,RV32_ISS,11,0,1092668,1428,126488,abb6b18b71b3da62feeabe4776b77bd5d277ac874ec56e9c531627c80f6d94ed,0778928-0caea6c05689.json
779004,24751362321113,RV32_ISS,11,0,1305990,1428,126488,0e06211fe2f8c2b7daae21f41efb34178936e024143a9c647a1f8310a44be70c,0779004-75ad584c7ded.json
783787,24761531221223,RV32_ISS,11,0,613158,1428,126488,8e3b0892a2d3d514328cb8af08aa5048baf51cbe64e5a6f4adf3ecd362a59b59,0783787-dd67cc76a895.json
784404,24763151111111,RV32_ISS,11,0,998265,1428,126488,ea92589e594c31bc7313dd09331e93a5d969060227bf974af9b6bbaa3b0df6f9,0784404-a387f66a2521.json
787194,24765313222112,RV32_ISS,11,0,468388,1428,126488,5702bc62da427be92dd8479cd0e3ae7e5e01b5f6fe5afc963c6d42fe0d8890f2,0787194-6cf87b733c5b.json
787723,25134672233321,RV32_ISS,11,0,760211,1428,126488,41ae32bb78fe53b91b1bce061542455709ac360b592f3ab2d92ecfaf24081513,0787723-d35366044931.json
787741,25134672312323,RV32_ISS,11,0,409684,1428,126488,531a84d4f4e954b74fe86085315909ac18a21180cc0a646c09623454b6ffb78c,0787741-77283d46df8d.json
787746,25134672313211,RV32_ISS,11,0,1491361,1428,126488,ae14a9587daf5688e85591aa7574636372b95ad31119977eb2a8c3c23c8fd7c5,0787746-693c12d42fe4.json
790236,25137461111111,RV32_ISS,11,0,1134991,1428,126488,259b3e527d2f6e407cf22aa04b440bdf4b8525587fe44691ef11cbaf77b72b43,0790236-fe495a472180.json
790324,25137461211323,RV32_ISS,11,0,691074,1428,126488,b823265f2c2ca5f5ab86a65e1c066baa3c40cd654d1ac474e76c1a50fe2dd23c,0790324-e751d021cb86.json
796813,25163741112323,RV32_ISS,11,0,1037845,1428,126488,060a4709907592d683bef7708f75a17dfa3d84bc029c2543884a932626befe6d,0796813-270a6640c25c.json
805308,25314673111313,RV32_ISS,11,0,1284176,1428,126488,3cc650b2bef020da46143296e304f93f929faf2987e352dc4ad2082019434c39,0805308-d90858f71de6.json
805310,25314673111331,RV32_ISS,11,0,1274473,1428,126488,5ab1afbca9609458bfbf294a7e20fd2ce5438c558325177bfece2ab208c9ae86,0805310-082e7ca11981.json
805362,25314673131311,RV32_ISS,11,0,1527203,1428,126488,84fa9005e588b91f69c9e95c6dd83f9f39e313035e12716c5e6f93b054febb84,0805362-90e9a91ae58e.json
809700,25341673113311,RV32_ISS,11,0,1567452,1428,126488,6fe42651d4ab6cee3ec9ccd159eee8f5182f5e6e2326e4a7b0240479af20b0f8,0809700-f7f857fc1b98.json
810346,25341762313223,RV32_ISS,11,0,976157,1428,126488,7640e012acd149bac86ed63431a39bc5346b068b69a808155a433aedc64e7e24,0810346-70246fb921ac.json
815432,25364172311231,RV32_ISS,11,0,1145822,1428,126488,7ab99cecb8b097de61b4fdd34918243adb841baaf55b6df81283f942f583e79d,0815432-3a6bf0c98578.json
815639,25364173223231,RV32_ISS,11,0,650912,1428,126488,b5de469c826684bc315a75e2495cdb1168f64f320bb98e899c2afa98f2fae8c0,0815639-df3c65a4ec72.json
817291,25367411211122,RV32_ISS,11,0,798542,1428,126488,142b9cc893c88887b4a3d4353b651c31200ce7101d1bf8c6227c9277091a5aa5,0817291-96fbd45dc07b.json
822762,25413672323111,RV32_ISS,11,0,1446967,1428,126488,92fbf466e9fceb3f12450c39aedab7258496865dc5f05d93b2cd82613ac0b63f,0822762-cceb3d962e62.json
823558,25413763121222,RV32_ISS,11,0,777788,1428,126488,42a81df8bf55f68bb75bbe93f44f95d6baf63c13aaaf93ab2ef01b7a58274691,0823558-bd9cfcda8778.json
829041,25436711311313,RV32_ISS,11,0,523519,1428,126488,33ab4fbe6bb0a864d90062acc7d15a5f271ce7104f1fcbd806cec7a0ae8eb0ec,0829041-306304f5492d.json
829162,25436712123122,RV32_ISS,11,0,824411,1428,126488,f23a01c5fe687b2998cf34eb4bf85905537e142b1e9d85667170ca6f757b0082,0829162-9016dd30fa25.json
829169,25436712123332,RV32_ISS,11,0,840332,1428,126488,715d657d81478da48fbb0fcaf1f561a5de6ecf0515764e5f94bf9ac748941560,0829169-ea8867ae475e.json
829180,25436712132122,RV32_ISS,11,0,667227,1428,126488,5480d69bace94ceb49625197619582f6ce1c916958d923dc083c5486bfe01024,0829180-86b36a533c6e.json
829328,25436712323231,RV32_ISS,11,0,482563,1428,126488,341915e8219ceb5746313f869a4cc03dcb53322a4470aaa03c763eee99286d20,0829328-44c3036bab1a.json
829510,25436713232321,RV32_ISS,11,0,566216,1428,126488,1f0472d3ead29a4a851fe67b46cd2b82d34154b3d10d3a53662b4b01e1476e3c,0829510-04a410522421.json
829585,25436713332122,RV32_ISS,11,0,496039,1428,126488,fee1c944be57c516f3b57335e9155ac072b0b83747d3033f622980ef4ffa38cd,0829585-3b8e2f46c901.json
833831,25463713212332,RV32_ISS,11,0,469988,1428,126488,4ee98da09119628e3b755c1d05eddf67bdf50e7d4a287b9b817a98197b9bcb69,0833831-41cc24ce30f1.json
835886,25471362323132,RV32_ISS,11,0,589419,1428,126488,5a0b9179d48535e3bf587d73c6d12232b8c86b8f3a33f6d59b92b7faf181b8c9,0835886-83c257d578f3.json
836337,25471631312213,RV32_ISS,11,0,1161817,1428,126488,73114a2421a09bdecc5cfffab4b77c45748396548fc9d4c8cf9b36b72852fe0f,0836337-4a0214d29cf1.json
845002,25631741212121,RV32_ISS,11,0,856634,1428,126488,3bc397094233125ad86571c816918197640d08ea78aa65a5ce5589306e8936f1,0845002-f66bdbf1d71a.json
847049,25634713321232,RV32_ISS,11,0,876971,1428,126488,2e91bff60da38c423e2900b13afa58217d0e1285b6d08abe4776b51bcd37c2c5,0847049-8f9f769c6a8d.json
848657,25641371213132,RV32_ISS,11,0,639268,1428,126488,0bb49a2839f6a1dbf1af50893b369eeed57babac2bfd52df37bb94e55aa56a28,0848657-9726ad5abac5.json
859781,25714632123131,RV32_ISS,11,0,1183661,1428,126488,ef5d6235ecc26f3959e5ef1e79a0f0f093cd2db77553258f371294b3ff59131b,0859781-5c38a9fecd72.json
859868,25714632223331,RV32_ISS,11,0,866228,1428,126488,07618e0ff3db3b3cae3e881e678d7661628bd18729c0c3b61a7a3ef6b4b43b1b,0859868-3ebee1489b3f.json
859917,25714632313211,RV32_ISS,11,0,1949672,1428,126488,f56bc033fc5f06d2411003acd351676c95d6f1fef8efdf06fe9e987b34d6c2a3,0859917-42c71780ecbc.json
860012,25714633121333,RV32_ISS,11,0,1179333,1428,126488,3267fc3efa4e11195288364e8305ae8c9f161f9ecd9a79ff6a12fbc59d46dfdc,0860012-68e99533940e.json
861043,25716431212223,RV32_ISS,11,0,611363,1428,126488,ab5f0ba20b531cec73a718763bf44372dc459d829e052dc3596d7be301f5d769,0861043-a0ae5b8c17d2.json
861564,25716433223213,RV32_ISS,11,0,506715,1428,126488,374ea33a5e80152152c59e45c2aff5360ebeef99bfd06c3a92c3e78afd69e398,0861564-32e11e5dc8ee.json
862797,25731642232211,RV32_ISS,11,0,1144984,1428,126488,1f161234d26b8d0cdb6749944d8e86e7ef9f842706bc8aa6dc502a903bb7110b,0862797-2032c104e983.json
863487,25734162221111,RV32_ISS,11,0,735052,1428,126488,94e2a3493a879f8f23c3233f51dab13e91573c80bcfa339860f56b17b744e099,0863487-6bd38618415a.json
864376,25734613113323,RV32_ISS,11,0,692207,1428,126488,c34c9b431b185c0742750ec871382106a935f413b0882d0b450bf9be62111ec7,0864376-9f178baedeaf.json
864595,25736141111123,RV32_ISS,11,0,698627,1428,126488,c614a5b158f4a2bc95766963b04ba4afb8a39bc34a80153d829fe0b7430c0390,0864595-910e27d421d1.json
864752,25736141233232,RV32_ISS,11,0,623126,1428,126488,cc92778c57b19dcb93aa04238d8d678ee348f97c1f2dafec288b24a89ef7b41e,0864752-d751c6024f1c.json
865395,25736411133113,RV32_ISS,11,0,676397,1428,126488,732d1499cb0b5cdf2f7de60ca413aeac07b837781feadb37aea57f3fa5eec792,0865395-0918c8e65c42.json
865465,25736411231321,RV32_ISS,11,0,685327,1428,126488,13edd1bd984728a47d1970a91ad389226d4d796a9e1b2885d790024d0867bcdb,0865465-e4b92bf3dde0.json
865518,25736411321312,RV32_ISS,11,0,497082,1428,126488,4c89612bd5d3020d57fb6851785a33630440358550f64b36a8d0f1e719f22b03,0865518-edf9fac1a39d.json
865539,25736411331113,RV32_ISS,11,0,613586,1428,126488,e93eee6bc7ef32f5556c79d40315e2f9bf722a9fd20446db686b7e89b66552fe,0865539-414fe73d92c6.json
865854,25736413123112,RV32_ISS,11,0,517760,1428,126488,a8521d70826d9d9f9d4fe67a8b91b5243bb52b40d351ad9ff41792dd2bb555b5,0865854-da2cc1d5d89e.json
866196,25741361232113,RV32_ISS,11,0,899879,1428,126488,23a93d6d4f6928a174a2ae9225d9d36ff8734deb9525aa5ade6abbc7e42d4890,0866196-8695841a8f20.json
867148,25741632222323,RV32_ISS,11,0,834580,1428,126488,ba9c26d841333ff391f078864f60cd552f850b970a3e8f9c6670462d7fa4ed11,0867148-3220d7238016.json
867202,25741632312323,RV32_ISS,11,0,586271,1428,126488,0bc2eb3e683e1706fe9846eba4b96b27eaad08104ea72028e8558c173e293aba,0867202-a418cf55e21e.json
868397,25743611233232,RV32_ISS,11,0,434079,1428,126488,b7439f52affa90ae4944d5a5cd5cc9e5fdc1543d3426c4b019c4b0b445083029,0868397-f12ed0bdd9a4.json
872255,25763142223133,RV32_ISS,11,0,1024546,1428,126488,a81d2dcd87ed4d6935c381ff8395ef656da1f0ebfc1899bd0fbe85928696c63e,0872255-ca3b347d55f4.json
872845,25763411332322,RV32_ISS,11,0,536347,1428,126488,be963e89257254868ad2d42bd1826682e6e7e2257808731fc3b1e7b6bdc98972,0872845-caf6bb5a4920.json
877297,26135742132221,RV32_ISS,11,0,796539,1428,126488,018bceb7b2a7527a637e02135cfed569bc0f226eb1022bb4bd5e4b07c6217c98,0877297-42e9a0500d0f.json
877336,26135742213323,RV32_ISS,11,0,1146238,1428,126488,9dd4d14daffdfb98772b10f7b93859870764d55f87d973ee38b3ce2b38288977,0877336-807284f4391a.json
877461,26135742332312,RV32_ISS,11,0,611774,1428,126488,4dfb5d23a925e6b12d043e54978ef618f57185dcc5496dc517cd1db93321e809,0877461-950b236d3dae.json
883585,26153471122121,RV32_ISS,11,0,768252,1428,126488,2e521fe9e6c0c8569e6ab20952c8e6a14eb390bd7be6da8c3d535133acd3105b,0883585-a8b4fe850445.json
884090,26153473131131,RV32_ISS,11,0,760919,1428,126488,b86d0c398ac602c72afd86a53e1b3a3a6100636b835f40c718cc26c0b7930cb0,0884090-bd85e0d8709c.json
884098,26153473132121,RV32_ISS,11,0,614869,1428,126488,44e0cb0317b4ed81a062b7738d368b67e633926cbb83c2b377ec640cbc8094c2,0884098-2bf0d67e38a7.json
885477,26154372332213,RV32_ISS,11,0,1510507,1428,126488,941a9a759ce22a837ab51ea5c2a035f6a96ae81b468a834ad2bc13eed5e1403f,0885477-7fef8feefd47.json
892028,26175432331133,RV32_ISS,11,0,683803,1428,126488,a144f1e7c8b073b348f92303d4cd91a945ebaafe09316885f5a071522861850f,0892028-47743c381813.json
895305,26317451212211,RV32_ISS,11,0,895900,1428,126488,4d531207f5aa7650109fa006f787b70cceca3819b7228a017024bc49f2b8cf3c,0895305-b469596c0594.json
898983,26345711223113,RV32_ISS,11,0,351798,1428,126488,0218dee21fc205c4072a3a9659c9d08f6df9b71812dd42a49ff71d55d7acb7aa,0898983-b0fe03a90e24.json
905913,26371453112111,RV32_ISS,11,0,630854,1428,126488,75b70f33f7c0d89987da61d497583f1621d2acc221faac8c45fffdeebb898ef9,0905913-92ee45f03fb2.json
912184,26415731322323,RV32_ISS,11,0,590444,1428,126488,b442bcc3911e9216252a902d966f7e09a821bcd32e4334441334ef0aa7565959,0912184-a197b4547ee9.json
912253,26415732121223,RV32_ISS,11,0,533465,1428,126488,6d36308aa58759bc82ea466742098d62d3693b1f8d9df817499fbb2ed5c38f8b,0912253-d9490520d750.json
912382,26415732233321,RV32_ISS,11,0,791505,1428,126488,edd0896c475945011f6383c2a314bb78cc602953b426f3266219918550bd3dcc,0912382-7a1b58644197.json
916714,26435712222122,RV32_ISS,11,0,1345823,1428,126488,2cd22a73b4a5c45ad9172a3f8b15b2e29a24881b490d9f63feba68fb4409fe5d,0916714-ffab0c1046d9.json
916756,26435712233321,RV32_ISS,11,0,803396,1428,126488,c78b5dab9d88e663bac17888e6e8b75f8b5d29341db1ae59b0df54931ee192b2,0916756-5bdff19a9e05.json
916760,26435712311132,RV32_ISS,11,0,893857,1428,126488,e4377753ee65c61245e5df971ff6794389f5e9680b2034c52f276b4049317263,0916760-b0d53b0c4ef1.json
916801,26435712322322,RV32_ISS,11,0,1048137,1428,126488,6c32d455312385dfaa26fea3a40656d090077ca0cfb6c346bf00ead59d84cf53,0916801-9bba0779d199.json
917002,26435713311122,RV32_ISS,11,0,986966,1428,126488,de0f27812eb1348f0c42555dd57223de9cfdc2886dfcd32820d4b9a3e10bac94,0917002-92129c334b44.json
917075,26435713333133,RV32_ISS,11,0,725681,1428,126488,e279255a0a0add7a0e6e9defe6ca6b749b307566130b20908c86381bf7f7025c,0917075-8b6e6cf2457e.json
918096,26437512122312,RV32_ISS,11,0,774279,1428,126488,c146867727cecb5cce3d547129805da936cd31f03675b2cddda25b034280e17a,0918096-1ce28816e529.json
920324,26453172211133,RV32_ISS,11,0,933094,1428,126488,923b026f84ea7f80f0643293b377f01a406b4e200228ae075caa386511cbdb43,0920324-84fb81748bf4.json
920969,26453711333333,RV32_ISS,11,0,519334,1428,126488,d4ca99fca7eb3e3badf5c2f9c79ca990bbc05f8270ad1edd2028171f0af64773,0920969-3bc8006d9cbb.json
927325,26513471122121,RV32_ISS,11,0,876827,1428,126488,43dc597e1097b27c289d59f2e86ebb5347619c58184083dd4c0bcc3f07747c2b,0927325-c3efb7fed6e6.json
930930,26517343333313,RV32_ISS,11,0,875923,1428,126488,8bbdd7627af849d7a4baae64385f176a7eaf4481ccfdc9f11a1eeb2305fdd94f,0930930-efe4db44b67e.json
934575,26534713333313,RV32_ISS,11,0,646245,1428,126488,94735401bdd03aff141dae3dd757176a5ba2a53440cc77e4e0c60a46285c4657,0934575-aed2807a18ca.json
937494,26543171111111,RV32_ISS,11,0,1129669,1428,126488,9eec29ab5db7f4db7f0d9dc172af872ba344834045f9c700e745c3e4642f1d38,0937494-4a10175e2757.json
937539,26543171123111,RV32_ISS,11,0,568865,1428,126488,3273f3f1f09164f31b139f67ceeab34a847110406ff593b60eb9af15085b9d06,0937539-9ca1fae60227.json
940228,26547313131323,RV32_ISS,11,0,1152449,1428,126488,8bc337f860f283423f544d9099ccb5307cd56d05e152c17790377c91b2475eb2,0940228-6486f52689cb.json
943305,26573413331312,RV32_ISS,11,0,671908,1428,126488,f527ff2d472571a9786bf5bfaaa1455602d0b000c157ccabc97378a8dbc585dd,0943305-8d42a3314a01.json
947063,26714531212133,RV32_ISS,11,0,515809,1428,126488,8c78b307532a52508a5ab363edbb9aa45c677a4b41f4d05bbfe1fcbdb1689db7,0947063-ec7fe6daca57.json
947243,26714532121133,RV32_ISS,11,0,752567,1428,126488,a0f479c637efd47bdb2bdc355abebfe875631babc89b7ac5604b6d12d68d3836,0947243-375210c26f42.json
949057,26715433231322,RV32_ISS,11,0,567790,1428,126488,e693fd0079baba445b315f64cc19a80b11d506d34ffb64e56ff1a285efbc1583,0949057-0fed8cc403f1.json
953676,26741351232113,RV32_ISS,11,0,653670,1428,126488,b0b110f8fe551100d2ca866b21ef9fc8f50128c4d706028eb02dbce864feb1ac,0953676-841381ff69c0.json
955994,26743512121232,RV32_ISS,11,0,1160333,1428,126488,97225a283ea6124a680e085cff2138d7b077b0c1caef06175b93bfdd5569697d,0955994-0c1da7580236.json
962336,27134561131133,RV32_ISS,11,0,751442,1428,126488,05fe16e102a7ae3e10c7899c6c991ff750b8a31af1153be211d285ea79abe680,0962336-9ee1398ee6ba.json
973622,27154632311132,RV32_ISS,11,0,753497,1428,126488,76321cb2f42e842b38cc48ddf0818cffa4bafa62d608f53853782e8543e0275a,0973622-8c56b4df3bbe.json
980931,27314652313211,RV32_ISS,11,0,2055645,1428,126488,e427676f178f6ae45f88bf8b519277f12227a7c536e0834ea757611d9cb2d57e,0980931-ed6e09eb914d.json
996978,27365412321212,RV32_ISS,11,0,1271010,1428,126488,843e045e8b6997899969c7777e0b99d0177d8528b42db36131ce2e3230e1b47f,0996978-40850fc22e8e.json
999270,27415363131113,RV32_ISS,11,0,624914,1428,126488,23d9565b494590ec769a13e8592e03f65c7bb34cd1656e959c8d2d28ead067ac,0999270-5fcafd2786a1.json
999914,27415632323231,RV32_ISS,11,0,840159,1428,126488,26b23095552e4fe42364c26c27dae3a3aec4ee6e9d8aad023c47ddd0b0dfc9c6,0999914-a9a63678875b.json
1000141,27415633321322,RV32_ISS,11,0,550549,1428,126488,df52a513d5bbb4361de8887b326e13523440f4ddd0d3d341a556066795239b99,1000141-a72e8fed22d9.json
1001237,27416532133232,RV32_ISS,11,0,538565,1428,126488,34cbfd505f6630cfcb28b777041d750dd2ba12eb5e6e381cb083406c82ce9eb3,1001237-29f634505f19.json
1001597,27416533321232,RV32_ISS,11,0,660551,1428,126488,ef8fc21d76bac5e818909ef4ea8329b87659c42d294de84fe1ed54650b95c7b1,1001597-35f8d188f1b8.json
1004116,27435612122222,RV32_ISS,11,0,653094,1428,126488,cbc31a5a312a59d8e5bfb88df50c4c70c29b797873805e2639d8702158d80b43,1004116-29fb836368f7.json
1007523,27453161123111,RV32_ISS,11,0,421347,1428,126488,fd711b2c96afc8fb2c0d070660e74e525101c03addbb8f2e0095e2962ac41f5c,1007523-eced2daeec10.json
1007541,27453161132111,RV32_ISS,11,0,554411,1428,126488,068fbbd587265a73e022e0bf83827240012829738b2dcf99af57a6c475df8066,1007541-00d018c7f46c.json
1009489,27456133132223,RV32_ISS,11,0,521777,1428,126488,7266cc5e0087eaabece7b2272e715f6bb002d4cd33d6527b0ef355e65841d513,1009489-3d6e3a523dfa.json
1017684,27516341111111,RV32_ISS,11,0,763551,1428,126488,4e4278274bff9e477ad87b260f43cf5fca22bed4bdd5096a4d9ad60fa668e7ec,1017684-6506c09041c6.json
1020600,27534161111111,RV32_ISS,11,0,840133,1428,126488,7bee897956d54c7ac0fe425eb90040c8dfa94031bca32715d10bb882f50b03b1,1020600-0c94a4205591.json
1020601,27534161111123,RV32_ISS,11,0,724791,1428,126488,6d68e5182206ed81f13728e8fea60ea1d21dbde088954bb892c464144431a8c6,1020601-bc3b47d7609b.json
1021005,27534162311111,RV32_ISS,11,0,554950,1428,126488,3eb55180defd87086bcd1828efe4d103e86b7ec776ebc3937507aeeb9873dbef,1021005-9e247db88a11.json
1021736,27534612311132,RV32_ISS,11,0,1030327,1428,126488,6c949c10bc9fb43ea6fa7866d201946e54cb1be32ecb848527915a7b42a3a263,1021736-f55b9e3b9577.json
1023261,27536412332312,RV32_ISS,11,0,545104,1428,126488,922fa937e941d7c5f98dc46b39e2292407b89d519b3fcbd169705dc1ae449476,1023261-4282e93168cd.json
1025704,27543611111123,RV32_ISS,11,0,531784,1428,126488,1309631cc817d7e63b0ff1aa661e0357e040d38d414080a05c1a85b3cfdd0008,1025704-8dbc59267dc8.json
1025705,27543611111132,RV32_ISS,11,0,575423,1428,126488,6d531a140c93a4ef7f1274bfdb73f17f6f52830b7def5556a6eb95bf25ef246b,1025705-d08e5d4de104.json
1027540,27546312231122,RV32_ISS,11,0,1164026,1428,126488,9abaec4f413eaf40a9f06f0809fb11b521fa03224ccf31100d6d616e9460d92c,1027540-979c93655b7a.json
1033715,27613543333133,RV32_ISS,11,0,732022,1428,126488,6ed2f95c70b32ee7bf255a476bb247076ccf812589020c0cc900175b57f27ea6,1033715-320dd75b735c.json
1034378,27614353311332,RV32_ISS,11,0,705823,1428,126488,b67457343fb0a07d0af500ca6d6af347079d10497a23fdcfc4790c184637536d,1034378-fd255055f7c8.json
1036088,27615431312333,RV32_ISS,11,0,724682,1428,126488,5b3dc1feca81c564e2e758e297a84285a25494f30f0461d20d1740920e06810f,1036088-8cf89f41cced.json
1036177,27615432113321,RV32_ISS,11,0,811157,1428,126488,be5ed011a0a47d749b6665d2342ce5eaea83d12056b6e93b7ab5a46da8f3e3d5,1036177-f66db193f16a.json
1036578,27615433313213,RV32_ISS,11,0,658865,1428,126488,0ffe6a6dba681f67153d1c2d135ef7197c52cd47e8bd8dd9f2b667280f1d3b91,1036578-2fc0766c6d59.json
1038881,27634511131133,RV32_ISS,11,0,523837,1428,126488,91565b86fd5159671828814948464ed31b1dc750f8e5bff311942bb4b797ea33,1038881-43c5b0108616.json
1039228,27634512233321,RV32_ISS,11,0,752306,1428,126488,01caa7d2b81b1283e36d257d3abf4defdb8432249c24b1cc25c00ead49653202,1039228-88821b9d3775.json
1043852,27643513311233,RV32_ISS,11,0,892869,1428,126488,d038bb7cababec49db1272ed45fb7f28ec398c771ca6289c1aa243e3fed7a1b4,1043852-495643535ab1.json
1052607,31246753312211,RV32_ISS,11,0,946052,1428,126488,35e5a9e7675d1b14f0b753e4b6fbf780c112e818a6a207ef131455968cd237e8,1052607-9311462740ef.json
1053428,31247651113232,RV32_ISS,11,0,521679,1428,126488,27e19c959050c54bba9d1c6e921c9cf691f198241a678cd61b44be798000d663,1053428-197166d5758f.json
1053617,31247651323232,RV32_ISS,11,0,592131,1428,126488,418dbc540f7cbf457e943dc1824017fd787bc83a3e0ca2a19f187c27032c104e,1053617-3796e3c71687.json
1055731,31256471231222,RV32_ISS,11,0,712778,1428,126488,c4b57209d393abc7224ac1d0b436c7406ea94314b0c538292a396e307ab72fc6,1055731-c1faa1c71868.json
1057414,31257462222221,RV32_ISS,11,0,678897,1428,126488,a3886870e5c2d44748f3dba901b5803c628ee904168569118a00afc3e1ca3c47,1057414-51a751e408ba.json
1057470,31257462312311,RV32_ISS,11,0,597263,1428,126488,e66834fccd112f9b7ce916b7895de59005c2dc56f8b2e756bf82240c697479dc,1057470-d37c6cdef05c.json
1058428,31257643311122,RV32_ISS,11,0,705594,1428,126488,51fad165e83c32d8722c2d220cbeafee7405e7c1a02492a509f131433abe2d7f,1058428-be3d726a8543.json
1058790,31264572122213,RV32_ISS,11,0,580961,1428,126488,07d57b8dd8c857b81b56030a6b24408e227bc211b93ca58f5c42cfa998ed7f40,1058790-3fc1a42c00c8.json
1059063,31264573132313,RV32_ISS,11,0,644676,1428,126488,1770f2d2e7aeb0df0cfe2a796b5355a060a4133f7b37d7163b278e4650f982ff,1059063-d5d63f0f3094.json
1059115,31264573222223,RV32_ISS,11,0,460049,1428,126488,f3eab278d7230d99b5212da879a3d1902218ba76b537ecc538aea100dd3da1f2,1059115-8be06dd02b7d.json
1059544,31264752132122,RV32_ISS,11,0,483431,1428,126488,47901f58fe086b475155c47093d8ecdd79fe24b7e2536ad572ba640d79ccf620,1059544-2f61e7e3150f.json
1059661,31264752313121,RV32_ISS,11,0,890211,1428,126488,70e3835310e41f629f8b48065815285a5c60747ba7af9edbe215ac7dac14da08,1059661-a71ced28da27.json
1059966,31265471111111,RV32_ISS,11,0,928141,1428,126488,dddb8d153426e054fdace0f667306e2f2d2e329e95d1811297a7472ca5bfd270,1059966-2c0d11af3f07.json
1060002,31265471122112,RV32_ISS,11,0,522544,1428,126488,e02db499e97f87b0fb9fb2ddad0d62a37760fe8c0fb69a8cf9e81051de135b41,1060002-39c3e2c7e0d5.json
1060004,31265471122133,RV32_ISS,11,0,522233,1428,126488,a62bf64c64ff231449d619accc11fc9371cd37fc8ad0d2f656ff004b0c6591be,1060004-e5f46464e81a.json
1060140,31265471312213,RV32_ISS,11,0,655371,1428,126488,dea8596e5d88e7c5dc81ad5fde7dbeeb4a5ee6e56b4c4528bffdb69b8b4a195f,1060140-b289e54e9ea5.json
1060146,31265471313113,RV32_ISS,11,0,525352,1428,126488,89cd528fdc1b3423ce2f6dffbc4cf30413e04df7a8a87ae0194fea0a4ee65ea0,1060146-063ecae658ce.json
1060155,31265471321111,RV32_ISS,11,0,595903,1428,126488,7cf97aa23c79c2ed9d50884fbc460aec99937e105662ed870e9a8bf6ddc9a53f,1060155-3173d54042c2.json
1060369,31265472233321,RV32_ISS,11,0,1013125,1428,126488,16425c76c5cca733cd2d13e0b718f953b99eeca9499a38fd2296af727a7e3ae6,1060369-34ad4c0a3d40.json
1060385,31265472312233,RV32_ISS,11,0,636058,1428,126488,397c3b3f6afbc68ff5471d32fdbffbdfa1569527d430bcaf8b699b0fff01645c,1060385-7dd0a0290cfb.json
1060856,31265741233331,RV32_ISS,11,0,600244,1428,126488,4f83c89524e21b2e669d4c1fcc0d11fb3687be7dd4b915e84b192af7d45820e9,1060856-f60d40a6bfb0.json
1062518,31267542222233,RV32_ISS,11,0,590154,1428,126488,a552125d8acc71832e6530c455d5e8e311802b1d0a8077aca22fc44ff17bd0f0,1062518-ca6464586f92.json
1062578,31267542313133,RV32_ISS,11,0,993656,1428,126488,0f385bad950e295da5cbb0b36bdc4d18584eb50890e8cfe541356f152aab7a53,1062578-8760c25f0b89.json
1064354,31275461112233,RV32_ISS,11,0,923472,1428,126488,13f2b7513a553a0ea8577f827efff44d86ef34ae2687b4e2b8a432c4f63d2384,1064354-d80a466ad365.json
1064543,31275461322233,RV32_ISS,11,0,1041085,1428,126488,187928e8dda8a09f260eaed8e5a38f294a92fedc85549fa6ad7dce8f6c578faf,1064543-5aca34ab76c5.json
1064658,31275462133211,RV32_ISS,11,0,478617,1428,126488,de16c2c91ee2c80b10d4a7b6a5ea87d370104d68fb5b96962f9320bf0854725b,1064658-73a186478a4c.json
1064712,31275462223211,RV32_ISS,11,0,532654,1428,126488,e21b2c0b2526e6c41dcb6dabc201370ee9cd8a5ed064d8393b876423c6faf9b4,1064712-f0f54220b2da.json
1064748,31275462311213,RV32_ISS,11,0,790937,1428,126488,b9312afff4c943242fa69b59a3d42352c372579936a53f8ca998c012291e1d64,1064748-8e31587f2e5e.json
1064757,31275462312212,RV32_ISS,11,0,896902,1428,126488,822de02e61c8089a932f05594f67a9dd322582821c1b3ea9421f94631dd15f7e,1064757-230dfdf63e58.json
1064989,31275463311122,RV32_ISS,11,0,969398,1428,126488,439e5e67240dabd86b2f58f756dfc6d6bf66bcb2485f22d77fb93c9d2b40a219,1064989-e50ebb444291.json
1066120,31276452133322,RV32_ISS,11,0,438063,1428,126488,fc9b3230585a15e56563f20924cc91412ea4aa218d090c99c3e1e29c526b82bd,1066120-fbe16bf47ec1.json
1066227,31276452313313,RV32_ISS,11,0,1059897,1428,126488,e72925b6a94993bd33ccf476c9eb9a94b0eee0c45018a70110f969c4790ae9a3,1066227-a9f59abd2a35.json
1071840,31452671323211,RV32_ISS,11,0,810963,1428,126488,d6639ad80d3ae3d4717d758d2ad9f49ceb7057936b16c7a56d19c24f97d4cbb8,1071840-9172e3067d36.json
1071860,31452671332232,RV32_ISS,11,0,440152,1428,126488,9a675ed92607cbd12e90077d7eb98f5f340def9aa26be5766469363d268bb12d,1071860-e6980bf13c67.json
1072079,31452672322331,RV32_ISS,11,0,507448,1428,126488,4347521dde0c1c4ba67f0c7b47413d82ae66b70afb1aea99a1d162c2ef41956b,1072079-4104f26d1490.json
1074064,31456722111221,RV32_ISS,11,0,500970,1428,126488,b9e321418525ea5074d09165c2b37dcc49385d9d6c4decbdd8dbef193f00f406,1074064-eb2dabff4dcd.json
1076733,31462751111111,RV32_ISS,11,0,1123948,1428,126488,0783fe6e635bc5c9c480f330b90743b935318e64a56eb45259c99bc3d189cec3,1076733-aa2fd1907257.json
1076758,31462751113322,RV32_ISS,11,0,816379,1428,126488,52bae33d240e104de6c05f758fc8a64b8d5b4a4f35fee35c5cab268310f42e0b,1076758-8591bb72c617.json
1082039,31475261322233,RV32_ISS,11,0,782690,1428,126488,ffe983f2e898fa96c5df50e3c364d66d27fa5fb6b57c0e80c5b34b1321535396,1082039-7153636a3e24.json
1082301,31475262331313,RV32_ISS,11,0,720695,1428,126488,3467abae9df95f0cc49826c0979d0e689f192d0fda75725428b66beacf07f532,1082301-aca51e192556.json
1082317,31475262333221,RV32_ISS,11,0,757538,1428,126488,2d2ce05cea79dac900ee436cbc19a268d4a676cd91ea2b87318d458acb1e11cf,1082317-08e5cbfd69fa.json
1085464,31524673332122,RV32_ISS,11,0,804071,1428,126488,ac531eee44e89138c45a3ee271e7c4c82cf7e844eb3b9b4f0897446da4e6e60c,1085464-f2d69e585d37.json
1089109,31527643332122,RV32_ISS,11,0,415241,1428,126488,d22433b2480f911a187f1fe9488642b18e0b734487224e2f914ac0a06134ec5e,1089109-11dd42317cf3.json
1095291,31564272212111,RV32_ISS,11,0,1062712,1428,126488,e281053d1d4ac464ea8221f865c1ce21a5a5fa7fe85905ce0d4566e79e50d81d,1095291-28c68039126d.json
1095306,31564272213311,RV32_ISS,11,0,613248,1428,126488,2dba1cadccbc81ea77af30d7d17aff8c5ebf264c8f43fa65e8f553991302d3a7,1095306-b317eef4b48b.json
1095468,31564273113311,RV32_ISS,11,0,678130,1428,126488,80413f03ea49bd7195f46a0b351b61999978e563815b5e17f6be0af851e41866,1095468-20c31ea73eef.json
1097912,31572461122133,RV32_ISS,11,0,1010896,1428,126488,76752aeac69f2d82aeefce272b3607af63bfbf22bee6ff47233fcb09dcc73ef2,1097912-94feedca24ec.json
1102991,31624751112233,RV32_ISS,11,0,510031,1428,126488,288d7050e4d137486769f2f23220e3226d54c72305b3ec843c878c75468274d0,1102991-e56fabc64ca8.json
1103637,31624753312211,RV32_ISS,11,0,608628,1428,126488,d1d2f9ae02c325cf13679878dc7e1ed1fbe6b34474d6cc818767ba5d52c48c4d,1103637-7f6c16fff9df.json
1105523,31627452221333,RV32_ISS,11,0,812815,1428,126488,d250af218103264db32f86f021d2c94e202357e36941b3991701fb48406301c0,1105523-a19e25b484ee.json
1112884,31654272313322,RV32_ISS,11,0,1082721,1428,126488,72d6b44ef57db76b4079ce11203055fee4a09377735b6995252e6f8c2d91f6fc,1112884-af72b10d0677.json
1130896,31754621331122,RV32_ISS,11,0,832111,1428,126488,2852ed434622fd52cf65b442243f0df2862a48054178461ef776eb51d6402f1d,1130896-1602a7febdc6.json
1136224,31765242322121,RV32_ISS,11,0,495530,1428,126488,f4b3481adff83f11cb1159ac67bc733827a192e1a377e1f4286c755e65527a37,1136224-6563f210b868.json
1137240,32145671111111,RV32_ISS,11,0,2486929,1428,126488,b642af818fe67b02edaa4dddbe0d88fb4227c37841f307e9856790f9ad24aa46,1137240-29c5ed12a79f.json
1137293,32145671123333,RV32_ISS,11,0,404740,1428,126488,405386df58642d6feba182c40b9d00ade25dc43d4b9e76a0a51c23717cbf1c33,1137293-9b3578472228.json
1137307,32145671132222,RV32_ISS,11,0,601947,1428,126488,92574c518075531794786cf5dfa797da68c4f9ef87d521a065789a5b2b0e63b2,1137307-495ddf92f8ad.json
1137348,32145671221112,RV32_ISS,11,0,574504,1428,126488,8a30ad66eb600d11cc318724aac1d940cd71d3de7c5a9285545820ee8503bfae,1137348-c7b63cb8f7fb.json
1137482,32145671333333,RV32_ISS,11,0,667165,1428,126488,1e9fe95f4d044e715303ad0030f7806d8761c0628baee4130568c02e7585a383,1137482-0ab53bdb1ecb.json
1137509,32145672113333,RV32_ISS,11,0,464883,1428,126488,4c42d5afc248d674ff56958fe3bf62e4ec7ea2165739a29809cdaadcd74f4301,1137509-671b4789e295.json
1137577,32145672212222,RV32_ISS,11,0,492851,1428,126488,5d8f725c7361792439386f5a392a9d20b88a8d24daea02c8ec3e0b24421dade9,1137577-b7389093808b.json
1137739,32145673112222,RV32_ISS,11,0,401079,1428,126488,0ec5c2183156bdcfc9e4f2f3694e5ef1b161c7d9a1d8dca4e02da411aebfc018,1137739-739aa09aba4a.json
1137888,32145673311113,RV32_ISS,11,0,624087,1428,126488,558d368fcd70977059ba1874264ecfc3de99d4d00657395e2ecf3eee32d49adb,1137888-d82a40bc419a.json
1139578,32146751232323,RV32_ISS,11,0,870630,1428,126488,6d55cd443f3d68702ab2f0cddfa798add08c082ace5c5a0e964759e328a8f4af,1139578-3d083b2fa4c7.json
1139818,32146752232223,RV32_ISS,11,0,1114628,1428,126488,1cd5bc2c94785c475dc227f71723f26400efcb2356a8019045b21d00d940ceb0,1139818-af88d5d56a3f.json
1140583,32147562313223,RV32_ISS,11,0,628684,1428,126488,78f602428caec9d625e18f09b93a3502b7c5d31f6c9718071ae66ae3e0b82068,1140583-4dd1863a6185.json
1140638,32147562333233,RV32_ISS,11,0,1143085,1428,126488,d7dd3b5f949632faed03bd655aa365ac928ab16f1a17556c8923cbdd2189df2b,1140638-63c70e73f884.json
1140938,32147651123333,RV32_ISS,11,0,575800,1428,126488,d5bfd67da1c29755137d2830ee1d5fc9531e87b08502bf8e85b400bbb825742d,1140938-ee655a3d15aa.json
1140952,32147651132222,RV32_ISS,11,0,623587,1428,126488,b4ff8923a8a347605625c569e4f91e2cae50fafcf71e6b9cccd9246dea135660,1140952-01a083633a94.json
1140992,32147651213333,RV32_ISS,11,0,706580,1428,126488,2786ba4557275ad7b5f6960d90cfc2ab08d7db1ba79f8c87c197c052b4b6d843,1140992-cdf277823519.json
1141060,32147651312222,RV32_ISS,11,0,607918,1428,126488,f5ac83ed61a65742bbfc0976ae2e829351b0b870d9ceb13c3a97315682d7eb03,1141060-dfac8f7b6aaa.json
1141154,32147652113333,RV32_ISS,11,0,609246,1428,126488,fbb97ee21e195e138a49fefa47507d57a3cdd5dd2db920a05bde53ff7fa26b5b,1141154-363fa1983633.json
1141271,32147652231332,RV32_ISS,11,0,550148,1428,126488,880ef491090d25f5c76c8b5a9d778585f21f96cafe2eda1de813a833ae435a60,1141271-92da5ac334b9.json
1141284,32147652233213,RV32_ISS,11,0,1531813,1428,126488,f77650560312fef64ebf65167672e62de3c9f8a7035774766399b6f1324960f5,1141284-acbe29bda560.json
1141351,32147652331322,RV32_ISS,11,0,831902,1428,126488,2d774c0d11d20c4c3a6fd19afa516e6d88918900e129408703ab042a8cd18686,1141351-b29536442f2f.json
1141356,32147652332213,RV32_ISS,11,0,1156286,1428,126488,98cf06a6aa297281d0d8d454669013b809808b266654db1c1f10c86921bcfaad,1141356-10637ea78a3c.json
1141384,32147653112222,RV32_ISS,11,0,502841,1428,126488,c6a94058d949962f8b0993d8481b06fd1f9aeec22080a32946cf15d843c9e5d6,1141384-a895bf463a85.json
1143072,32156471111111,RV32_ISS,11,0,1800985,1428,126488,74716f4b067cfdb31a70d514fe2a1d07a7926b416a4b6e7719954dabece29740,1143072-d72d01c7bf49.json
1143093,32156471113211,RV32_ISS,11,0,604424,1428,126488,0589528e900a85231b2c8129ed94d3e0129923db3608081931971e5d57db1b37,1143093-0b60cd3e4611.json
1143224,32156471232332,RV32_ISS,11,0,407753,1428,126488,6de59bcdaa9dea223c7ce951d1fb3b73a979f9ee14258b7fd95bbb5477f9750f,1143224-a514cd6a302f.json
1143494,32156472312332,RV32_ISS,11,0,527875,1428,126488,d44048c20a4e75eb14294d807b9e25f99244c91757ce3d907eaefedc422e7d93,1143494-d9a67c7df9a5.json
1143542,32156472332132,RV32_ISS,11,0,577247,1428,126488,9f33d2192f04de998c48baffe906fb5b87fe51a9dfa18769395c123270b5a87c,1143542-489360a0eef9.json
1143547,32156472332321,RV32_ISS,11,0,642305,1428,126488,cbef8fd05b949db058822ba6146abd584646cf90caa83f705a5840ddf8383af2,1143547-fd2914897ad6.json
1143557,32156472333332,RV32_ISS,11,0,729056,1428,126488,4e044efda625187ad572d09e6efe9b52aeb7341301785d9745bd199d16461882,1143557-32ae94e3df89.json
1143685,32156473223123,RV32_ISS,11,0,379007,1428,126488,49d9021db7b185435bc8431425f1b02014abb8804678694ec46e76e3fca99b0b,1143685-6556ed0925c5.json
1143817,32156741112323,RV32_ISS,11,0,1968398,1428,126488,d85d32a4697611726f422a31cc09b56113d5341e528a71fd7cc09b5106ea88ee,1143817-9d4b7b555fdd.json
1144207,32156742311123,RV32_ISS,11,0,1041758,1428,126488,2edf8dbfe7c393b95bd2b5216b335cb7de44b0f3c68bb2d7512e92851baf1c3c,1144207-a06d33072c1d.json
1144228,32156742313223,RV32_ISS,11,0,767002,1428,126488,202db825d4e3cb63ca1dc8364601ceba2b539117d79f751b337f2bb73fee44ee,1144228-3964636a450c.json
1144280,32156742333131,RV32_ISS,11,0,570147,1428,126488,dc933048f7efb246b09571d1244ef3433956cd7acf737b1fbef2fd4cda864dc0,1144280-c4d2a02b782a.json
1145410,32157641232323,RV32_ISS,11,0,729428,1428,126488,f4bf5dec04075aea9b23a501fa0a2787ee847ad880148077a86f7598d6247123,1145410-1c5031e34d23.json
1145644,32157642231323,RV32_ISS,11,0,1024241,1428,126488,054bf2c086fef23270c4d3d6686669460215003c0833bfbd9346dce4f8a08a11,1145644-6df55206e6d3.json
1145988,32164571111111,RV32_ISS,11,0,1920646,1428,126488,a8ca01c89225777a821dbd1ef9219459a4116e4a84b85d71d5d06412e1048603,1145988-0dc1cab6eeba.json
1145993,32164571111231,RV32_ISS,11,0,552899,1428,126488,a968f4c0768b79925ac82bf65665d8f1b3114c9d07d076253c9b3158867d8b95,1145993-1f0e1c7fcd61.json
1146139,32164571232323,RV32_ISS,11,0,566252,1428,126488,bf08cdefa4adaa8ebc8f65ce6d71e6735d85ed6bf16ec9e9c54d3e5836f7fd94,1146139-8641d044e90a.json
1146379,32164572232223,RV32_ISS,11,0,661400,1428,126488,57ef8ae64e699dad4d343bf4e71aac53d44b495c166809fdd19dbfa845b9e845,1146379-156a879fc0a3.json
1146381,32164572232313,RV32_ISS,11,0,1101002,1428,126488,91cba91d087036cfd79969a60ac7982b1e16aa01917df407d812ae6fa6d1d290,1146381-4b78cd349cd0.json
1146391,32164572233321,RV32_ISS,11,0,1129342,1428,126488,fbf4a05c563ef1358a4f69fd0d8349fe60d7eb6a2054c2105d098d89b5c3acbd,1146391-e9f780511b4d.json
1146409,32164572312323,RV32_ISS,11,0,550146,1428,126488,91ca72b8dbd093767853cf77721d27febf2d590d437d9b1aefde9630a31cfed9,1146409-8c61612100c2.json
1146684,32164573323212,RV32_ISS,11,0,505315,1428,126488,4c1a8bf1f95ca9ba3c96e48b4ba3fc61ecf696857469a4455dc4236cd97c6bc6,1146684-3b877342d7a1.json
1148175,32165741111111,RV32_ISS,11,0,953616,1428,126488,7e61648c93560958d84e476ac3abdd9b8e61b0ad4bcbe3a123f34277a1cdf41e,1148175-bd9b8e5fdf01.json
1148177,32165741111132,RV32_ISS,11,0,467533,1428,126488,f645fc64deca3be51943c2dc25bd466e7597272e50af44f48d1977d168fc53d1,1148177-5638da9b1603.json
1148332,32165741233223,RV32_ISS,11,0,494719,1428,126488,5341d95724bf5c085e448fd90e96a47a3e4850370e07d047c4c9ce820bc1e65b,1148332-5f69a04dbf62.json
1148499,32165742211112,RV32_ISS,11,0,588316,1428,126488,6612e0d7cd3af988a3da97a75bc9a04db910f9c9b790c06144f6240e398f8dfe,1148499-6f5aae03d973.json
1148634,32165742331112,RV32_ISS,11,0,745794,1428,126488,bffe34958ab71ed0ecf804df6b47cb2eac4da146179ca9b03c7d20a3aa4425f7,1148634-2e5dedebb1d7.json
1148825,32165743311131,RV32_ISS,11,0,612156,1428,126488,7cc297e2f7a2bf8ea58dd554ffd125596494174dd5e2327c1b59060d320406e2,1148825-3eb240944ab5.json
1148904,32167451111111,RV32_ISS,11,0,1627435,1428,126488,b66eace35b780e5d1e5b96c6e1e697cf36b6b20cd520e44066ec8dd74219fe30,1148904-91f9017f46c7.json
1149011,32167451213333,RV32_ISS,11,0,568630,1428,126488,cfa28e4bb6c32a196b94e5746b8286193f556dd1f49f19062184a291e3586c5c,1149011-dbdaa336f7aa.json
1149025,32167451222222,RV32_ISS,11,0,452628,1428,126488,2300ef31b441f01fb5569b7b2cb526b3c5073cc9a43771c97ace20c0e21fe9d3,1149025-0094828a5635.json
1149079,32167451312222,RV32_ISS,11,0,516113,1428,126488,385e6411fa38bed77cd7c5c0051b633c7d4e8c90f36a16dcb28b2dabd338116a,1149079-7bd105f18918.json
1149138,32167451333111,RV32_ISS,11,0,640428,1428,126488,9e5609e471d0a7b7835ef7ecb60299295a5d715743c7972c14d5cabe7ce2bab8,1149138-413b859c156f.json
1149229,32167452211121,RV32_ISS,11,0,618360,1428,126488,7897ad10e7a041c7878b2281cb532fa201ca11c3b095cfd40f10ea7f22cc2584,1149229-4eda624895b9.json
1149513,32167453222313,RV32_ISS,11,0,521363,1428,126488,e2746fe0f9ca57392f2323cef58b0d4a8a8ac1fa829dda91a6a2ba55c06db79d,1149513-4c073239fe08.json
1149578,32167453313333,RV32_ISS,11,0,568444,1428,126488,a80e4a96cc1966bd4862ec9670df0a3c23100ba2ea7c92282d3c04c3a4bdacfe,1149578-fc06e9bde76c.json
1149584,32167453321232,RV32_ISS,11,0,574965,1428,126488,5dc242b265fcb941bc30769b68ae280aa3cbcf35a170b44fe1cc233c7294f111,1149584-73ab33ec241a.json
1150378,32174561112323,RV32_ISS,11,0,1624138,1428,126488,a7d8011b3ef7ea839d34b545b9122b7e03855b68d94e73bcc006456e4b825a67,1150378-dc293095ae5f.json
1150506,32174561232113,RV32_ISS,11,0,1166747,1428,126488,23408390a2cbf15336912d64b28b9d07f4c82019250336690b3a9027d9142ab5,1150506-6a61ac9876b6.json
1150511,32174561232233,RV32_ISS,11,0,1228500,1428,126488,7116d0d4423268196a6d4c525041263ece768e8391cff539d4c8dc5312777db5,1150511-0a3158650615.json
1150743,32174562231212,RV32_ISS,11,0,808359,1428,126488,b0c8016919d921e4ac45947c8b06698d186bd31769863f4c0c61bf5db7762f4d,1150743-cef1370a2c10.json
1151513,32174652312332,RV32_ISS,11,0,530696,1428,126488,28e8a0764e4d79325eb2da6de917673bd722c711ab0890886d7567f7387d861f,1151513-63242daa1493.json
1151561,32174652332132,RV32_ISS,11,0,373731,1428,126488,e443f8ab8d02a5176af2a0eb147462a0b2edf2afb1f0520ce8d617301e6bc2ce,1151561-af14065b54d4.json
1151820,32175461111111,RV32_ISS,11,0,956592,1428,126488,c7a107b2ae63c608b512947250c2ef9f873111f60074646c2270553a2e3175f1,1151820-4323ca077b2d.json
1151838,32175461113112,RV32_ISS,11,0,500033,1428,126488,027926b0799ba0ffc050e8789912695a36924ddd3f412d44c48c6b5f35cba178,1151838-b3e51376887b.json
1151928,32175461221112,RV32_ISS,11,0,485206,1428,126488,fadabe03d78f56d7525e2f6472c90d2652fc8fe867ea718f5d0e00b1e90e80a5,1151928-9bb57482266b.json
1152054,32175461333111,RV32_ISS,11,0,635066,1428,126488,b904eca6228eed14364dc6544f7d433481b151be361134964245aae48bbd8e5e,1152054-9b5695294c45.json
1152216,32175462233111,RV32_ISS,11,0,1309704,1428,126488,3dfd9524567d1de42d04e58cc5db6136cc324773dded21f0170f919e581871c3,1152216-ac08931b4d6e.json
1152241,32175462312323,RV32_ISS,11,0,1193530,1428,126488,1508de6ff6c2b58a097807c2a66ab57d1a459ecaa6cf2d9a71de37795743dc80,1152241-95688d0247b1.json
1157440,32416753121222,RV32_ISS,11,0,883260,1428,126488,934050ef042df7de1e49a44ab658776ab859d745249f44d27280a4f59e5da15d,1157440-1992fcbf4c19.json
1157920,32417562113321,RV32_ISS,11,0,1257371,1428,126488,c93b64c4e9a2963e6cc26834e1ff61f63c44a1d172077d544d69dcccf7430b05,1157920-fa2d7dfe27ab.json
1158689,32417652132131,RV32_ISS,11,0,486194,1428,126488,d3cfa529f816560492974939ec8447d8ee5e487665895d3906dcdc3d0be27e3a,1158689-54cc517bee35.json
1158931,32417653132121,RV32_ISS,11,0,667541,1428,126488,72d430156348a55123cdf99f07d795b9096bc491ecda8571ae23f3b47b15abe7,1158931-b6b1a50e839d.json
1160299,32451762331121,RV32_ISS,11,0,516840,1428,126488,c8b3fe61a76814e37c8628527a0b9f6688c12d640170a16145769634d0d51d01,1160299-c9b47595b9c2.json
1161152,32456173212332,RV32_ISS,11,0,488606,1428,126488,9d168b1bc3798cc1159670970514f3b5607a91a258aed61c19a58f2209f36bc7,1161152-a5cd9fd11695.json
1161452,32456711233133,RV32_ISS,11,0,995427,1428,126488,9215c3859e2d5ce54e3eb6e6c16df2f6e0ea3cf4193e3e590a063e237c78e655,1161452-adebf5809372.json
1165195,32465172112121,RV32_ISS,11,0,671538,1428,126488,d05b466a3a9e27db43a7351b49f32eb097f53782b9f1dad796cbe901b7303ae6,1165195-29924f75c8ae.json
1165250,32465172132131,RV32_ISS,11,0,395650,1428,126488,81f5579d95060d9f36b05461d3bcc40e212670d413fabe8eb323a455cbee6995,1165250-fcb289ce2fb9.json
1165258,32465172133121,RV32_ISS,11,0,541544,1428,126488,9aad5b9195208c94bff2b659e5b22778e768e06a67fedf9e354dd68bf6f6a56e,1165258-5a6feddbec58.json
1165417,32465172332321,RV32_ISS,11,0,670584,1428,126488,5b811c4874080acc26ce7745ffacddc602980fe71606233ae818e0e626d3380b,1165417-2e062aa2e624.json
1165474,32465173123121,RV32_ISS,11,0,433692,1428,126488,e941e57f16757ba4ef2138adaaee5ad2e7401e6bba59fb6ef96dd88af640546f,1165474-1e5c66d5c92e.json
1165492,32465173132121,RV32_ISS,11,0,758748,1428,126488,9735a7930a16d8fbab55b97d8698d5e998650d6e7358b5a5deeee4676265ae7e,1165492-7d3168cfbe1b.json
1165500,32465173133111,RV32_ISS,11,0,573123,1428,126488,8b67572b80c0140cd07e71a0eb1dda6333195f1635e2df49c0b38ab078244f60,1165500-440708426619.json
1165585,32465173233221,RV32_ISS,11,0,716900,1428,126488,20c657a2fd12ec375cee3ede7541fae765b095741edd104fdbc0439128f64aa2,1165585-68a063dd3533.json
1169467,32475161232323,RV32_ISS,11,0,684886,1428,126488,4e8bbb10646a678cd581df9260bc2fe9111638b344fd7227931585af6eb7088c,1169467-7c1016e09ad4.json
1170022,32475163331222,RV32_ISS,11,0,566523,1428,126488,5b898bd4cce86fd666de5ab020a3f0b5f4176c89fad28d36d52a7da90dd7bcaa,1170022-e2d25cc4e88b.json
1172138,32476513232231,RV32_ISS,11,0,568675,1428,126488,8351f08cb6249db95d4e8862bd5b6114d780cf0d665fab0bfd3e0c8cd9de48ea,1172138-91df31ece65b.json
1175694,32517463131311,RV32_ISS,11,0,785352,1428,126488,3b659176d55b4411a39146289e7abe3cd1bdd0f9d76f2bb216352b93e542c491,1175694-9c0adb839080.json
1179489,32546713323212,RV32_ISS,11,0,582052,1428,126488,f6189086ed657d6ed470f7bef7f335ce091e186f75ace751bbc9b99be32068b3,1179489-37c39bef1311.json
1180278,32547611121113,RV32_ISS,11,0,613623,1428,126488,45c9a8ffc27e0c04027a0a80e8ecf7d295c57118022727fe00bc8b4ee922f7c5,1180278-a6e66f0c7443.json
1180305,32547611131112,RV32_ISS,11,0,883470,1428,126488,8c67cccb8c09d5823e4155e74c6793963c095bbdfa91fc62b83206e3b7dca8f9,1180305-78228c8f3203.json
1180350,32547611213111,RV32_ISS,11,0,641529,1428,126488,88cdee4c9d4154765695690e4adabad8fff73429efa019eb2b8daed591bb3286,1180350-d6d3d1246fbb.json
1180422,32547611312111,RV32_ISS,11,0,829404,1428,126488,cb14983024e3dd86424a34b21bfae60473d865d453cf23de43c111ddd8e359ee,1180422-7533345ba94c.json
1180500,32547612111311,RV32_ISS,11,0,616408,1428,126488,d948ba78129495e9c5c38a74078ea0cd81b6ff224328f6f79d683fbfb8e17e60,1180500-12e50fbc00e0.json
1180740,32547613111211,RV32_ISS,11,0,634654,1428,126488,da31da4eebd6c4006580355ba6febbbe6d7e0d80d0c7b01e7c6c25edf3a55a9f,1180740-c39fcdeaa242.json
1181000,32561471113133,RV32_ISS,11,0,901546,1428,126488,7fe3b9babac40563c788ba78515d7e6cc385bcdac60395917c4f5e16abe3ad8c,1181000-647f130d85cd.json
1181013,32561471121311,RV32_ISS,11,0,856030,1428,126488,4020cf035e51d75289f8118a77134b8b473f13b17faaeb229274197f83ca1dbd,1181013-575ee1dc2198.json
1181019,32561471122211,RV32_ISS,11,0,702495,1428,126488,0afc20e61cda6a85449d11d06ce6c47fb8ed30a263cba1d290251054d1be60af,1181019-a60cabc3c015.json
1181037,32561471131211,RV32_ISS,11,0,881823,1428,126488,8ffb100071192fdbdc4c1e5257b3dc0d97f6e726a2b68f13da8c2ed18361626c,1181037-98f0a3632e0c.json
1181063,32561471211131,RV32_ISS,11,0,1090167,1428,126488,7e6e1a56e699dbf8b42f5dff0494fed18ba4a3eb6e1e7f6132168bc775488e66,1181063-40d542cf42be.json
1181143,32561471311121,RV32_ISS,11,0,956735,1428,126488,f1fbc3a8f72b5a412c0405a4c1038d8b2eb3b1d820c7b20e203ed3ae422902ab,1181143-43284381f6f9.json
1181301,32561472133313,RV32_ISS,11,0,794406,1428,126488,896a3ea88902dcb1c83c18499264a2dd2392b515cb4b176426b401639f4ee25f,1181301-b451a7ea2519.json
1181323,32561472213122,RV32_ISS,11,0,530536,1428,126488,743338abed4b4d19a35809bb21852300d13a3ba20f4cc39f888219dd7377d42f,1181323-d0e15f3e0efc.json
1181587,32561473222223,RV32_ISS,11,0,437762,1428,126488,cd032392589a2053f7db69b175ff4d0c701e98b2ccfea912f6be509d0670c05e,1181587-5e0010d89a8c.json
1181676,32561473323212,RV32_ISS,11,0,568136,1428,126488,d205c3b2067ba614a98c474f63918c82b0b2a2fbec657f61bf85dd03d2435226,1181676-cbe2ecad0675.json
1184908,32567412122222,RV32_ISS,11,0,602531,1428,126488,70833bf071eb95c2a27dfbad316575ca460c5b28d7dd6f962962cbc8094003f5,1184908-134e156babf2.json
1184928,32567412131312,RV32_ISS,11,0,1019525,1428,126488,e23c9f194485ac33efddb2bd984ed992600d5e9d2e77ebf2d49a60f539ff7202,1184928-e526231652c7.json
1184988,32567412222212,RV32_ISS,11,0,1348152,1428,126488,5ad9293261060ac86d96dd2afd62e375800ff9bd3708931fb59dd0224f8ce921,1184988-006dfcc39180.json
1185168,32567413131212,RV32_ISS,11,0,681057,1428,126488,358d6a006b879e28ca87c93d5a6e3495d3f742f66cb7be6a228fa92feb978239,1185168-362eb5824bb0.json
1185191,32567413133333,RV32_ISS,11,0,535015,1428,126488,b98b6036788490577c6f506f9734a886245f0f157c172b8cc464b5a873ebfb09,1185191-044a6aae8bc1.json
1188697,32576142313223,RV32_ISS,11,0,565907,1428,126488,87954e42f82d6162f4a9dd399a4b3c6157efe2e219a4b0d06439eb771fc5a2b3,1188697-21489396a5ee.json
1191898,32615473332122,RV32_ISS,11,0,538409,1428,126488,f04d7bd8ff8a854501611130014254cbbc5f8e3ba24e8b617da84a0530ab48c4,1191898-ba66e8f2c8ba.json
1197334,32647152133121,RV32_ISS,11,0,564686,1428,126488,f00f158176cac2a9a2893018f27081f2a3c3fa595e598aa7a28a77eb5511094f,1197334-d4aa03682e25.json
1197568,32647153132121,RV32_ISS,11,0,641552,1428,126488,896f442c12285b0583482d21f34548effb9be307873244acb9d248849bbe7e3e,1197568-551441f60832.json
1198229,32647512333233,RV32_ISS,11,0,860075,1428,126488,472a69954192bad5e92a1a038a72ab48e96feea5bb45e324025a3345c61aad3e,1198229-614c141cfc5b.json
1201908,32657143121213,RV32_ISS,11,0,907881,1428,126488,bba639d027d83aee395e20eb478d9411be380438f4de823c337584a797fdd221,1201908-7c82e5decb99.json
1202367,32657412111212,RV32_ISS,11,0,726207,1428,126488,222a5e711852794004573aa227788bce1a77c16f86d6c43c322f9041ee254d35,1202367-53775884114c.json
1203387,32671453123313,RV32_ISS,11,0,865175,1428,126488,ffec88934976abd374a2b1cf23c044794cb868b8320715c2b171abc10a2d8a00,1203387-c76cc3f7befc.json
1204577,32674152113333,RV32_ISS,11,0,919112,1428,126488,f1d36f5df25f0fe2a854cfeb2f087989fe3224fc6d424f3ed2f4bb4fcc1e8d05,1204577-c2038d30309d.json
1208423,32714652332132,RV32_ISS,11,0,391622,1428,126488,1b88e2a5b8a82ceab49d8f7d77aaf6ed3367fb773d7bc69333a95352b1cd3069,1208423-a15499f413a3.json
1210431,32716452123212,RV32_ISS,11,0,1147350,1428,126488,f50988cf55b78e054fa1fa50a5b633a8636ed6ad29df6f8fcf764c710a3f2603,1210431-ff65ad8c748d.json
1212360,32741651121311,RV32_ISS,11,0,948935,1428,126488,c8e11d1c52488e574493c927a2be496e0b843ceb31f6df54a820179832cf85ee,1212360-49485f2ef4f9.json
1212384,32741651131211,RV32_ISS,11,0,821717,1428,126488,169f3393f7233955fc5fdcac913c12c2b3bf52abe85999ded8d2d16ab2cf41f1,1212384-5f4d43e9ace8.json
1212410,32741651211131,RV32_ISS,11,0,611991,1428,126488,789e7c39424cf13cca2b67ebd05eeed783171d1f09160a8be17305483a317c76,1212410-f024101c230e.json
1212490,32741651311121,RV32_ISS,11,0,558399,1428,126488,d21209aa0daec2cd15f95454d0f7372acd86bbee880178d169ef3abcf5755096,1212490-0206d907bd94.json
1212570,32741652111113,RV32_ISS,11,0,699780,1428,126488,23baa94e9abdbb225acbee4bf970034baab4eb39c9f965f10c261d8811339d16,1212570-a14d15a7b70b.json
1212813,32741653111112,RV32_ISS,11,0,700442,1428,126488,f65167928050a39047967fdd294b13315bf7133829aee1928e3eb445ddbd9fb7,1212813-164e7ac2f4a5.json
1213919,32745611223332,RV32_ISS,11,0,505883,1428,126488,f619213edc135b0b9334ca1ec9dfa71c50a3e3cfb063a7c70fb0cfd328dd29f0,1213919-2c8857f6e8bb.json
1214215,32745612313322,RV32_ISS,11,0,785006,1428,126488,ac3ad3b6231451be2d6e7cd3a25145e45545a11086f5a2ccb0cff833211f850e,1214215-d8d2dd7bd2e2.json
1214234,32745612322331,RV32_ISS,11,0,502737,1428,126488,7eb5e3b6b16a915c9cddb2b1db7ee1ce12c21fa0e4682ee9a405e3366e7fbebd,1214234-d9138a7d41e0.json
1217381,32751643321232,RV32_ISS,11,0,834004,1428,126488,40629f0f1639523c314febcace55742a1e6192cc3c9bfc2193b3ff112242a35f,1217381-516e2f80be15.json
1217998,32754163211123,RV32_ISS,11,0,584762,1428,126488,2280371c3a16499269063e9edbbd5a96d120c1a44affc046ecfbcd82306b9f97,1217998-f2a0ce369a5a.json
1219042,32756141233121,RV32_ISS,11,0,447195,1428,126488,b665104e5ff2ed21bf6f6080a63f8a459808a06c5940158862b6e8d7ef9cc3dd,1219042-763c3bbe48ec.json
1220622,32761452121313,RV32_ISS,11,0,1050312,1428,126488,84fb9a40fe9e17da247e7c742665e93bfafe1a6eb6836c98bd35da680e7197e9,1220622-ad679738e694.json
1220629,32761452122222,RV32_ISS,11,0,888169,1428,126488,5e2084051bf2d6d8f2316a9398bfcd22ffb3011d0aae805ca335ddc7b11d17e5,1220629-622503fd5f94.json
1220709,32761452222212,RV32_ISS,11,0,626185,1428,126488,380c893332599cd282a2750b4c787f351b17815cd720b718eb18a60a3ffa47c4,1220709-16a7f3c136a1.json
1220865,32761453121312,RV32_ISS,11,0,1069950,1428,126488,971575fcb0ce5ccad092bb214c59594974823d7329aa0daf203f5ac9fadee88d,1220865-67d92a3373ee.json
1220912,32761453133333,RV32_ISS,11,0,814837,1428,126488,e78e2c14fddafbf8f218d4b8cc3e3d7810fea0235c1b17d34793afe230bb89a2,1220912-dec4eb873518.json
1224004,32765411112221,RV32_ISS,11,0,776903,1428,126488,bcf1322165667a55bf26abcad43639340f02dec476cf1aae09fe0456a5c0219b,1224004-ac8dda3c50d2.json
1224018,32765411121113,RV32_ISS,11,0,533826,1428,126488,fbe3ed361cd1292f6b14fbdb55f0c936fe27437628d64754ec9971a8f3d0b538,1224018-adf8e24ff1bf.json
1224045,32765411131112,RV32_ISS,11,0,987928,1428,126488,c6de12db44d890528811d623cc846031aee3f682fc18f9c78dc99a77bfc9680e,1224045-c049a1ab6a8e.json
1224063,32765411133113,RV32_ISS,11,0,505520,1428,126488,3c5c2cc0da936bbae9f9f6ff87050f0012077d0ac4bd0dfd23dcbde0070fd8b4,1224063-51b33f9c2b04.json
1224207,32765411331113,RV32_ISS,11,0,670519,1428,126488,bead28ffac6bd0345a4fb55317cf9e44c43d1c097e86b244de42cd0f62185a67,1224207-a7583be04c49.json
1224348,32765412221312,RV32_ISS,11,0,799930,1428,126488,539d1c7f651b6e9f78ea02235bf22a9a6ec1cc1c9f34302bda742cd130970b6a,1224348-feeae9576a5d.json
1224445,32765412323222,RV32_ISS,11,0,862694,1428,126488,e1560aea4493ce8cad062b071baf3ae9ec8aff63872c92f47d3f3f943c44fb2e,1224445-30073a0c5fde.json
1224516,32765413122212,RV32_ISS,11,0,783229,1428,126488,1404002b609a8791dcd067abbbb7eec050e443a1624395babc3184b41e816ed5,1224516-6449e780451a.json
1224609,32765413223312,RV32_ISS,11,0,425162,1428,126488,fd3deb448f8ed23f5bc1ce5d8a758c978db1c4254056fb4b782be5760096fbd4,1224609-08be3e1ca189.json
1224616,32765413231223,RV32_ISS,11,0,633678,1428,126488,a7562fde432cce2c42922b185239545543a3eea8f2c7955d08131366bba09b8b,1224616-8bab491e3dec.json
1224681,32765413322312,RV32_ISS,11,0,442642,1428,126488,8942548fde1b820047e03c3dc9ff23978950ded8afda18efc201ae96f2937e18,1224681-adc9d44fd5c3.json
1225020,34125672131213,RV32_ISS,11,0,963128,1428,126488,ca40b4c0c2e6a7f6d34ff3bca512a6bcba9c2a8bfd4d5a6f92c648d92ffb6c5c,1225020-4549fecc04d5.json
1225023,34125672131312,RV32_ISS,11,0,888590,1428,126488,f878c648b4779f3861f42783a2659f6e8afee744cabd498c613c8a041bc4a521,1225023-a6ded6b2241b.json
1225075,34125672221222,RV32_ISS,11,0,713051,1428,126488,ece818e16123b55657b6cd39c33e590e6ea0d96ab8a5f182deafb496cd2340a4,1225075-6e1575af19d7.json
1225286,34125673133333,RV32_ISS,11,0,653690,1428,126488,bdc22ab883c95d413553b3b3ac356a5b8fe33f5754265681caa8f470e4ea2c2a,1225286-5d46e2e9e56e.json
1228392,34127651121113,RV32_ISS,11,0,672524,1428,126488,efc47ada9adf400bbcae1c9dfce15ad358dda0f1e8a6acab214f7891984130a8,1228392-b7ea503fca07.json
1228419,34127651131112,RV32_ISS,11,0,709653,1428,126488,ea38e0f1f3f7bd5b835789c1a2cad8728c4f1d356300eadcbc25e9aa3ac9e21b,1228419-245141ce3f14.json
1228464,34127651213111,RV32_ISS,11,0,676560,1428,126488,8b94f6507912312f23be0dda13028ef78bf6a15958ed8cfc42b70601c3256cca,1228464-46f32f52313b.json
1228536,34127651312111,RV32_ISS,11,0,615081,1428,126488,6e6176a2bf8c264f9bb1c7b2d2edab9f2ce0c039a840b17b30786a8cd440c1f7,1228536-dad76983a499.json
1228614,34127652111311,RV32_ISS,11,0,560909,1428,126488,3af6cecfcf6f20a3b9cbb7d7482600efff61a8b109b9ac86d2eba7845ffcb69d,1228614-9e9823ef5490.json
1228854,34127653111211,RV32_ISS,11,0,538742,1428,126488,d3a8e016c45bd1e846efafcf7a5bd503bdaa46cd455dbceaf2b31323f229342e,1228854-aae61d13618d.json
1234506,34162752132212,RV32_ISS,11,0,1345680,1428,126488,b09ff275c467cfd2a776f81fe86a60160a9a1d87d7817ce14f555667dd9470f6,1234506-5ae683652107.json
1234938,34165271112212,RV32_ISS,11,0,611825,1428,126488,aedc3914c5a34ea88421e1494a1858f802b4009d2a3a639dbf07f793f3b6ecd8,1234938-06d7ff976de5.json
1234959,34165271121311,RV32_ISS,11,0,780045,1428,126488,bf8b9cdf6931ab8398d7b33b26d076d5b6c6e635c55878c033a3e4130f02dc94,1234959-0c93cd902b3a.json
1234983,34165271131211,RV32_ISS,11,0,1018153,1428,126488,87f1af75f5da0912d6bd0db8a66d4ef73790e9c3e65281b44a25ed1b97e52cfa,1234983-88320bdcfde0.json
1235009,34165271211131,RV32_ISS,11,0,883359,1428,126488,33f8caecc3324c3fac168fdf54649aadb14afdbc14e818667375aa3a40be0013,1235009-fca84e44158e.json
1235089,34165271311121,RV32_ISS,11,0,793848,1428,126488,23be8d6ea9a276b8d93929738e9bdecabf8c700154b55c6c5c963ccb06d87cb9,1235089-d83a35814d00.json
1235090,34165271311133,RV32_ISS,11,0,479334,1428,126488,c01f0fca131bd7d6b3dd4ac28db53ed639b748997ae55cc041a87d8fea15cecf,1235090-5bc182e4969c.json
1235384,34165272323333,RV32_ISS,11,0,467679,1428,126488,0c19d7e9f30fb621d3de0f5a45e4a62e74115d6fc84c6ac41eba5ccd5ce38f71,1235384-05ebb3bca7d2.json
1235490,34165273133312,RV32_ISS,11,0,927019,1428,126488,1c68fd3a6295a6e61fe7d5f74146ee8e1ab4d021fc3276f0fc022b56d67dc818,1235490-1301574f94de.json
1235536,34165273222322,RV32_ISS,11,0,383368,1428,126488,03c509b23dd744909c969073780d846e9d36994de181a4be8353581b9565b7dd,1235536-e61d10510b36.json
1235576,34165273311131,RV32_ISS,11,0,768202,1428,126488,6776932b2463d15ef105f3ebc808384b8c41856fa23f8e888b1231b6afc80c83,1235576-797245d16146.json
1236733,34167252213323,RV32_ISS,11,0,888720,1428,126488,c35389b05a5cfdab3429d538a0b58e3b5ac2c870e20a5daf7f0a13bd91e0bc86,1236733-57d42a019037.json
1238156,34172562132332,RV32_ISS,11,0,441363,1428,126488,5845d7ab17dddc2e30423f8a7cf5c72eb71de25a8ee61d3a54295b8da798d67e,1238156-58b8ab6d88e9.json
1238273,34172562313331,RV32_ISS,11,0,533339,1428,126488,da2ae7c4f5d77ade8ae22eb3f3ab81d909479ecb456ab1b7439346bc54c0e886,1238273-aabf2d062984.json
1239980,34175263321232,RV32_ISS,11,0,580666,1428,126488,c92e419b2020c03a69bec362d77fbff7a3f3149df5bf3aa826dcedc46de18cbe,1239980-45220aa1430a.json
1244017,34216572213122,RV32_ISS,11,0,853778,1428,126488,a8bd34f5818d19b18d55eb634cb5e380e6558327546b1f33608b93ff3dc67db6,1244017-dbc298424ab5.json
1251272,34261572132131,RV32_ISS,11,0,431903,1428,126488,b7523ace77367dac14747864e243789e5cc7b5191ce155482450285f1ec3d64a,1251272-2a70f5852838.json
1251280,34261572133121,RV32_ISS,11,0,509761,1428,126488,bd837c74c79d5a8c2f03fd209a550a775cfa3fad0e7fc1e99325a95787146355,1251280-f1f262787c7b.json
1251496,34261573123121,RV32_ISS,11,0,371701,1428,126488,7c1ca55486445841dd9dd45dbb6d956428a5bb7e7e01bc3c40d52e042f8b3f51,1251496-855dc4a32fab.json
1253486,34265712212132,RV32_ISS,11,0,703250,1428,126488,b2e9d23b458341660680c1fc1673160c548e045ea1c660de1fd8efb1c9c23d26,1253486-f0fd5a837610.json
1256970,34275161312213,RV32_ISS,11,0,1073655,1428,126488,be034f87229d8e3f4abb496176222c54ad308e684366f4f14f3f2b3e1d721313,1256970-658924894155.json
1257055,34275162112322,RV32_ISS,11,0,836831,1428,126488,c4f06c843ed530e7e77630088980ecafca267e14d7565a198fce9e5a37de1f21,1257055-f2a32764c1bd.json
1257142,34275162213221,RV32_ISS,11,0,589590,1428,126488,36977185508f7dde6fb2a3dd8e7229affd5a81080c6cbbb5275b47ac72c44439,1257142-a2e51f57a9e9.json
1261170,34516271111111,RV32_ISS,11,0,1124692,1428,126488,b8b972dc2dfd184a7842d8d9d5e663ecf6991ad992df9662ce873d8ff52c6e32,1261170-0c1dbfaf15b9.json
1261592,34516272312332,RV32_ISS,11,0,732062,1428,126488,a49557275a88c935dae5b4a5352e5cb14265c7885c53daf4114619734f93980c,1261592-f9326791beb5.json
1262326,34516722313223,RV32_ISS,11,0,902457,1428,126488,58805ea21dad2147faa87851b86ee0584e2a61c3864317ef8089cb140db5f9a4,1262326-ae9a78fa95ae.json
1263742,34517622231323,RV32_ISS,11,0,742762,1428,126488,90b9490a81347f9dc234e6102978adfd9021579f1614e9f1b16a773d8b288580,1263742-4fb304cb5fc0.json
1264460,34521672223232,RV32_ISS,11,0,646430,1428,126488,9bd310e62906d73ccaa05cd3f57889b86409df23978934819efdb1bce41248bd,1264460-c73486197513.json
1266909,34526713232312,RV32_ISS,11,0,484385,1428,126488,0156bdf7e058daeca554853af44cf4f227afd9e4efd718ce967a80d10bc6fa3d,1266909-2b846fc4f357.json
1268062,34527612211322,RV32_ISS,11,0,1060938,1428,126488,612d21eb445567af69fe3fee16d147bc97af44db5f85f97ee4c700bdef348129,1268062-6cd46ce14ac3.json
1268110,34527612231122,RV32_ISS,11,0,851112,1428,126488,47a29db586246e25c88c75c45dd54db642742c73cbd4cb8b5ae4548c7801c85a,1268110-997470fc44f1.json
1268117,34527612231332,RV32_ISS,11,0,737988,1428,126488,ec64d90daf1bfad5bb0721a18ecb37a2764989aab94fe86375084625ee42c072,1268117-a80ecc4d6df6.json
1268197,34527612331322,RV32_ISS,11,0,728657,1428,126488,805c3112890274fe9b8542c9fe7c31facad019476bfe6161a13579dbcd044158,1268197-f11a43a1fa95.json
1268390,34527613312133,RV32_ISS,11,0,846904,1428,126488,4be29e65a6b255df321bd9b2239448c8d8d35a539e4ff3f4c584d14b92bbc06d,1268390-9d707ee5d433.json
1268740,34561272122123,RV32_ISS,11,0,457509,1428,126488,bbe5ad462c4af9109fe4cd0a812f6006f91f1cbf8c162177224dc72d65dd856a,1268740-253c0b08d824.json
1268746,34561272122321,RV32_ISS,11,0,1044509,1428,126488,dd234bdcc51a8e4bc2849ede204cc0f0bdf65a75c4445d786b6960a222dbddc3,1268746-a10ca6d2a2ba.json
1268796,34561272212213,RV32_ISS,11,0,926296,1428,126488,b970fc3c010308c53416b0544fb7f0ac35d3d3b4dc93f898511b859c013a6760,1268796-8875b092d720.json
1268803,34561272213122,RV32_ISS,11,0,600540,1428,126488,131162504c08284f253e7a12706edd45f8cceced7d9f7ab4079cb2d4bb2b5a68,1268803-78e40c4b04db.json
1268850,34561272232211,RV32_ISS,11,0,1053521,1428,126488,0dd4e4859d89c6b29903d0934e4f3ab49a7355381dc3fb823a0c0ed8cfcdeee6,1268850-cb7f387ba280.json
1269059,34561273221233,RV32_ISS,11,0,484758,1428,126488,d96088965caa7054c1d331b087c44441255e38a8287817a49dc8adbfd5a2f481,1269059-80302fe86f0e.json
1269101,34561273233131,RV32_ISS,11,0,712453,1428,126488,5b84c12131357e83815e8a5f9fd0c377bbbca888af9584b6dd4f46145ce65bfb,1269101-411d40608175.json
1269113,34561273311233,RV32_ISS,11,0,632118,1428,126488,bb299945dc5ab9babc70877edea42c2121df5438139991e256a780902778874b,1269113-f906ff0b4243.json
1269133,34561273313321,RV32_ISS,11,0,1128925,1428,126488,90e0e13f102639cc44b3141869915e11ff014652b1a34a9200404a68dfaaed5b,1269133-4f8bd3776afd.json
1269137,34561273321133,RV32_ISS,11,0,680518,1428,126488,9499558e739af2cc2d3fccac22ed79d99d94a01b6636454337d6b9e8e902930e,1269137-3b8a1e6471d4.json
1269139,34561273321223,RV32_ISS,11,0,554063,1428,126488,c018957724cef27075efde162678d8d32426c799f5446106951088c02937ef54,1269139-56e7151cabec.json
1269189,34561721111111,RV32_ISS,11,0,964828,1428,126488,3c49ce4d23cb12949a70d344c49f6f1a84cc2c71a6e2223aff9efe58da71ea74,1269189-1d3d758eed52.json
1270107,34562171321111,RV32_ISS,11,0,530077,1428,126488,7e05cbd874da171ebcaa11ac1fc383e5e794bfdb99c01d6ef6272661360467b9,1270107-2b9f54e68548.json
1270112,34562171321231,RV32_ISS,11,0,523393,1428,126488,e185b56092234afebb4ca92e3e5018f22018f2801796e68040e04a44088d7f5b,1270112-3b16f8e50fab.json
1270311,34562172232313,RV32_ISS,11,0,637433,1428,126488,6543041adaa2cf920e3475a710d045e8d5bc1895757bb29e4f8dee34d7fd2230,1270311-099cfe8baf03.json
1272479,34567212223232,RV32_ISS,11,0,870865,1428,126488,8bcd1734f8f16b22ae20e5c1dd8b22ca1a322e8886c4f6e669e736d62682383c,1272479-cc098b74ffa9.json
1280370,34617252111212,RV32_ISS,11,0,993861,1428,126488,37dcd6fc622482217fc526b8c2f348f6fae3ad932398c50f8a93d209feefefbb,1280370-fae568be662f.json
1280415,34617252123212,RV32_ISS,11,0,774074,1428,126488,9857df8ec006cfddd67e1df4699d6cb08f757486907562e5b25cdc575298f60a,1280415-97cca9642795.json
1280433,34617252132212,RV32_ISS,11,0,952385,1428,126488,96449014f0c1b7418d6b7a1c7f5723700fb81e6ba3fd36846f078bcc827547d9,1280433-4add37ecdd24.json
1281212,34617522221333,RV32_ISS,11,0,501731,1428,126488,defafe003c044c0d4565e46946dca32bd69809ea3559a8ac3104b234d4b95757,1281212-3b0fa6c02035.json
1281890,34621572132131,RV32_ISS,11,0,411582,1428,126488,52d7b3520c743d5762cabdc1b37e527cc40474988ccd3b88626dad2cce0d3b89,1281890-eb3404fe83ff.json
1283286,34625172111212,RV32_ISS,11,0,929777,1428,126488,34f28a77dbb55be8f76bc902d586baa092a24e5d716bcf9e705feed2524829a7,1283286-5f47c3704ebd.json
1285620,34627512232313,RV32_ISS,11,0,600556,1428,126488,ffaa90ac13a2632153232e25e2bbed1de82ad5ed90fea03f57b60f8f4f5e58f9,1285620-e042281b5cee.json
1286001,34651271123111,RV32_ISS,11,0,674762,1428,126488,6bb011d4d99aabec066922fb043365545aa03b0ec712efaad469868e5f54ec83,1286001-921007557365.json
1286426,34651272332132,RV32_ISS,11,0,592753,1428,126488,cb4c3a42e5e2f25301b57d7ee58a914c56a01c4d62b58a421d0720a74b774532,1286426-a48c59d20a82.json
1294336,34675212222122,RV32_ISS,11,0,1031675,1428,126488,177db355889d2f12b50bca919b85d9e80ecb35743b84cdf5e3b6ee6197f76cf7,1294336-773f8c3b67fa.json
1296514,34715262221123,RV32_ISS,11,0,778710,1428,126488,c9824087d68ab12ed062d63cb7092ec50eac6857893fc9df895f9bcd19265818,1296514-446f40dc6c7d.json
1298721,34716522223211,RV32_ISS,11,0,1254371,1428,126488,0c55ee8c78d5b4ff93dc82648b0ea8bbc6268aa1ec2b2c5cadac22c64dc0dab3,1298721-d3fde7972cab.json
1300083,34721652121313,RV32_ISS,11,0,1286951,1428,126488,b2792f8ef8bb16f77a3ab76c64f0337c61438f5de4666533591bae64086ef218,1300083-72252c024e3d.json
1300107,34721652131213,RV32_ISS,11,0,748518,1428,126488,a95f72eb0f020a4921c7fb283a4acb24b2a374d9ca58fdb796ca64ee234ce812,1300107-58fae245a4af.json
1300162,34721652221222,RV32_ISS,11,0,869385,1428,126488,b93979d5c7b98ec7839129da484043e2b9528f242bdbcbc0b6cd46ab646b63a9,1300162-afa622ec18da.json
1300170,34721652222212,RV32_ISS,11,0,1321906,1428,126488,fdb0ac1c75c59ffc3e4adfc5bc0cb323083e4cc328f3145e128ef37a48aa14c7,1300170-823be403e951.json
1300533,34721653333313,RV32_ISS,11,0,1074369,1428,126488,8bbe19e647092a14a2c719c55506d6fc6c82eafdc11e066ed66403560a3fbf7a,1300533-616d179e1515.json
1301358,34725611212211,RV32_ISS,11,0,652802,1428,126488,b6f20fc8cbf40cd5c2c0990d4fdfe4daebe048e67a811edc44a8d0a5dadd3507,1301358-889618517094.json
1301508,34725612111113,RV32_ISS,11,0,457458,1428,126488,2a7f6ccc64bf92111c14753be50ba4779753fcf2cb313bb43c9a6c5277d92c0a,1301508-b2adfa5ce92c.json
1301542,34725612121322,RV32_ISS,11,0,1456614,1428,126488,20fffb001628335012ba14d44e25dcd4407c1cdfa6a58c0bc0fe69cb6ca2ff7d,1301542-88285200b0d2.json
1301646,34725612231212,RV32_ISS,11,0,892103,1428,126488,33c00c864480b5f6624463cdf76403bb7954549f3394c06a1e371d3bd5d4322f,1301646-aecc44d6366e.json
1301651,34725612231332,RV32_ISS,11,0,576128,1428,126488,b35793e8248eebc0bdcae888aeaeb0e4fd721fc2916d589d8aa312976a91df55,1301651-16c501108da1.json
1301711,34725612322232,RV32_ISS,11,0,935050,1428,126488,a28d1cd01ad49f174adfa327aafa5236d29f7bd0e066f9121241d2f11472fa9b,1301711-3abd506736d7.json
1301731,34725612331322,RV32_ISS,11,0,621606,1428,126488,319c21d669405627056cc24efc3b6eac582ee97376ef3bb9bd2b692b4242cb3d,1301731-7fd71f2633f5.json
1301751,34725613111112,RV32_ISS,11,0,744318,1428,126488,a17328749d4f0f2ab43b5697d54f730bed3d88f4c6cfb7f6c55f707ad43ff132,1301751-2117a3d9d932.json
1301753,34725613111133,RV32_ISS,11,0,548032,1428,126488,188a9929f3853257f65f8c9dc81521713ff948d0901e1c378901abde0e0eba1d,1301753-c9a51c5862f9.json
1301818,34725613132223,RV32_ISS,11,0,516596,1428,126488,83bcdf2357201850de0da9fc840ea1ecc88152ff50ed2cc9faf9993f56530d94,1301818-d9efbe85eda1.json
1301913,34725613311113,RV32_ISS,11,0,512770,1428,126488,539d1b29faa1a917a0c4c5e9fe76dffc0631e21530e69e3297ecb698a6bc5caf,1301913-9f12d3133097.json
1308280,34761252323222,RV32_ISS,11,0,723502,1428,126488,88f4da0f654cbdf1ced6756a1e2925dd1d720d97b90c7a10f3ca3c458e606aa6,1308280-e6996ed2fe11.json
1314534,35126741232212,RV32_ISS,11,0,590005,1428,126488,2cb02b925a92751278cc03d45fae92e86b67c8a5fd490737b35a28b45865c21c,1314534-0f27cf03a6ff.json
1314770,35126742231233,RV32_ISS,11,0,887612,1428,126488,73a251c764fafc529570dc3c97bba16fb885e412d6969a265d88255fdbc07f10,1314770-e4c6407d6660.json
1315583,35127462331331,RV32_ISS,11,0,514815,1428,126488,8dd33a9659d54545473142e58ca3cb42e6af4fbf75333961adc48cc95318264b,1315583-fe20a20e0260.json
1321232,35162472122231,RV32_ISS,11,0,629938,1428,126488,766d8ab1064434986a3feb1c0858725d8b5b07357e7b0ae2feff36df3ce5e535,1321232-01238b272e1e.json
1321241,35162472123233,RV32_ISS,11,0,689400,1428,126488,eea864e307ac00b683df5877fa3339cfb38755ab15c00f067f3df47b512baedb,1321241-4cd3230864db.json
1321474,35162473122221,RV32_ISS,11,0,667425,1428,126488,f04859a62e611bbb5d869e780289a86fca61f1ad352a5661a3d09fb2527bb2d0,1321474-347ce1d49830.json
1321643,35162473323131,RV32_ISS,11,0,522030,1428,126488,c2d7f443e63222346f272606df676736c49e6e3fbdb8010574c71d2220a73b7d,1321643-f105c55c55a4.json
1321660,35162473332122,RV32_ISS,11,0,609031,1428,126488,f75c80df186bdc19d8a637d59e36301fc92645172973a65928704ce9919ff577,1321660-a9dcc04fe880.json
1321661,35162473332131,RV32_ISS,11,0,539552,1428,126488,8b1c4dc20cc1cfaabac70c48abd8ac633dde3fb45eba8c25a91873ad3cdce0ea,1321661-0cb6d7ffed28.json
1322026,35162742213323,RV32_ISS,11,0,826252,1428,126488,40dbb9a8acc0a66f0205b7115b2c1a6e426f1dbc4671988afa6aee6faeb1afb2,1322026-162ae6e3fdb3.json
1324173,35167242132212,RV32_ISS,11,0,1106659,1428,126488,9d5cede0d39163389a86881b30b9c941f20b4ef682d85f3fa14a8c5191e7ace5,1324173-851d05d28504.json
1325473,35172461232323,RV32_ISS,11,0,754996,1428,126488,533e74a5ac21449407b83b74bd6832863afbeac8c2bae8f83e055b2a41f239ac,1325473-26741c8a203a.json
1327124,35174262213131,RV32_ISS,11,0,673314,1428,126488,6b8481da2d57bfb7323d73637e0e4941f270d312f29829ed1d6e13b3f797bb9b,1327124-87c446869c84.json
1327158,35174262231113,RV32_ISS,11,0,939101,1428,126488,130875b08f4a41c2115050b87a29fec98db3a093676d33d22990c03a3e087ac9,1327158-4f84d1778096.json
1335528,35246171111111,RV32_ISS,11,0,1455134,1428,126488,e224415b441cf009d921e3b40ea1f6eddee687f0ff5141abf9bd0c71046081a4,1335528-dd3538c3abb8.json
1335553,35246171113322,RV32_ISS,11,0,601880,1428,126488,10517756d89de3d24fc728bc39b731d0f5de41b4a47aae5864c80b052e212800,1335553-ef96d33846f3.json
1335876,35246172213311,RV32_ISS,11,0,817730,1428,126488,1e8804942e305da350ad722d3033180997a46fc4fc951c2818d9c216d9db5c8b,1335876-c7382923ddc6.json
1341491,35267141223233,RV32_ISS,11,0,489026,1428,126488,262e3c6b6795184a5c7683f762d412a97aac45d76123958f6c838393f5916e4f,1341491-05d14689ae58.json
1341551,35267141321132,RV32_ISS,11,0,992202,1428,126488,3b32784a0d73fff6e9c5656cbe59f0b0bef4dfb10c2f1f2aec4a23943f85e267,1341551-9605ce218ac1.json
1343021,35271461322233,RV32_ISS,11,0,595197,1428,126488,01b1abaa7e47f88c6d8526482f6c30ae045310ea75cd1353c47d96cbc9ba1cc2,1343021-b2f32d9c4952.json
1349397,35416721113112,RV32_ISS,11,0,488338,1428,126488,7ed1c8a9cdc49e99374775011b7fad2e434b221e37bb3f63943905be4d08b58a,1349397-1729071fceaa.json
1350012,35416723232213,RV32_ISS,11,0,758353,1428,126488,39880296a9d6e3bd8c615113ae1d79423c17765aef189dcdf948cb4467e1deb9,1350012-b676c9d26475.json
1351208,35417622223133,RV32_ISS,11,0,979449,1428,126488,235a5033d70e3ab6e97e3bcf2cddb0e8eb93129bcf6005a0d6018bf86b684172,1351208-2892f29ba548.json
1354052,35426712131132,RV32_ISS,11,0,731440,1428,126488,b9d005d1271656a367d208bb3def7e32e6a8524baef8babf9445496d88e8bc56,1354052-8007b9151e85.json
1354164,35426712311312,RV32_ISS,11,0,562342,1428,126488,80d7c208ef1462b75b27b2aa2a81265f6c4989124de4867b4597a1232ce3922b,1354164-227162920e4e.json
1354245,35426713111313,RV32_ISS,11,0,688822,1428,126488,ace75079cdeac163d48d8fc7b2cbf5f619def0ab4166e6172bd93a42cc92efe3,1354245-73504fa676cc.json
1354293,35426713131113,RV32_ISS,11,0,549117,1428,126488,57a9779bbda98df6f6df0af2c8708c229d537374757d595ca8a8dd7adeaf894f,1354293-1552610d4cb5.json
1354413,35426713312211,RV32_ISS,11,0,659529,1428,126488,ae814e41230b7fd9351e52767974e7535d2283cc16e0c68b9173c814c067692c,1354413-5270537462ff.json
1355945,35461271111231,RV32_ISS,11,0,676638,1428,126488,3a94cf734a128259df585e1e39070b5c8382073854ad4ee63f0c8826797e4994,1355945-96f201e69df4.json
1356134,35461271321231,RV32_ISS,11,0,664162,1428,126488,feea9571a299f1ae90667a38022d502cfbba64a86379df2aea9d050ae52d92b5,1356134-5a454ef705ff.json
1356307,35461272222323,RV32_ISS,11,0,482982,1428,126488,1416292a3456711aa4b3c648244a6c041817dc6807e6bb2173b0db8a59de5227,1356307-66ffea72eaa1.json
1357458,35462171131313,RV32_ISS,11,0,566320,1428,126488,391787b2e245bbdd1c985b411f8ad9665814a0ee4d318faf24b3f6d4a2d578f9,1357458-cda0f2c7b19f.json
1357489,35462171212121,RV32_ISS,11,0,689939,1428,126488,6b6b89b09b2af7abaf179cfc17811f64d83c02cc2784d8c05f93882df7e17702,1357489-89426d3405d6.json
1357510,35462171221223,RV32_ISS,11,0,442837,1428,126488,862f0328f62dc9f9e40cb9b099ca4bbdfa22a0df8ac546b42cef93ea4a9bd6c2,1357510-4e2e2522e578.json
1357631,35462171332331,RV32_ISS,11,0,687153,1428,126488,27c336f2b416864a94be384a7dd7f92df73a20a103dc996a5196124dd540bab3,1357631-86f62409a190.json
1357746,35462172213311,RV32_ISS,11,0,798325,1428,126488,b488a59c16f2a14a588b58b904937eb89092140da38341d11efe30e0cbe9fcb8,1357746-9ddd7fc86308.json
1357775,35462172223331,RV32_ISS,11,0,842204,1428,126488,72e7954f56282ce7e14cf74c52731991b53ef7f132e3633cc68374a366c60e61,1357775-b62d2490a510.json
1357814,35462172312131,RV32_ISS,11,0,696057,1428,126488,455449a4d6c48638f7de12dde44c1aed7c3016433e4eea69ef97bc4f83258a86,1357814-428577d25c34.json
1357932,35462173123211,RV32_ISS,11,0,703197,1428,126488,308199f449fe633dbfd756a53f599e2f12c8677b4ef6d560a54ae9b0af9294a5,1357932-0680f59e1fa4.json
1357944,35462173131311,RV32_ISS,11,0,834893,1428,126488,49a2a0512857a68d84e9d9b745a229af59e5cb80cc602c0876c553eb55ab7a2d,1357944-ef6e52772505.json
1357996,35462173221221,RV32_ISS,11,0,588091,1428,126488,e3f64f0cae46e5c3d36a64f844b281beb89a3517ab83c937f15c70829a056526,1357996-c38cc689bca9.json
1358575,35462712322322,RV32_ISS,11,0,777972,1428,126488,e34535b7486d44b30f982082677e1173ddf8fd98c6361cf5770be132c97dcc68,1358575-be0d9ba7221f.json
1362381,35472163222313,RV32_ISS,11,0,441157,1428,126488,7dd994cb76674ea144860c36cd523f2764c3cbe162fcc532b6f6848c3210b7c8,1362381-73f27cfee061.json
1362400,35472163231322,RV32_ISS,11,0,588855,1428,126488,5996d2a09211741e9475a6070bac10835a0a683e0542dd2e4aaf1ca16f848e62,1362400-d49457156e7d.json
1363581,35476122221111,RV32_ISS,11,0,492437,1428,126488,1f929369097f5f17992ddd5d6f849f021aeaec296eecc30269a7244d6f5c2311,1363581-43c88f5b7823.json
1367312,35614722321233,RV32_ISS,11,0,702828,1428,126488,a4d56f61537eb182f4c22f1476c4ef1ca9c0b793073684550ed65b2a27d86596,1367312-fa5d47dc44c5.json
1368881,35617423131332,RV32_ISS,11,0,792502,1428,126488,0bbec96464f0259788de926769d23e2688a29cc33a092a86d64c5c3249129bc7,1368881-b5c1f534c8fb.json
1371524,35624712121232,RV32_ISS,11,0,907113,1428,126488,262cb014db3be473593b8411a7285fc00b247bc1e16124c738e534cb89a7143a,1371524-1bc33993526f.json
1371684,35624712321212,RV32_ISS,11,0,844183,1428,126488,979f1b6070f5e52e6bdfbdd6b1cb44b989af4d994644696804887586bb741d6f,1371684-530066a78cba.json
1371689,35624712321332,RV32_ISS,11,0,803940,1428,126488,61b9b1ad0f5ec6227db26350651347f3b73fb234d6a138907aec21c04f87fbcf,1371689-ede37f938aee.json
1371713,35624712331232,RV32_ISS,11,0,697786,1428,126488,0ba437db1c07b69df4aea689bcf6f89e2b3a83378ec027fc6bd15587867547b8,1371713-2e076c5ab732.json
1384864,35714623111322,RV32_ISS,11,0,546299,1428,126488,d23783b2f018bad3d56efd0d73ca9942e454631ed0c00d9d0cdfbe80dac8a73a,1384864-85723ed1b3b2.json
1387641,35721642221213,RV32_ISS,11,0,1552515,1428,126488,aef646e61f5e1587b4a2ec1b2d01e95e56a0e19bcaba89c576b46a7f936c1005,1387641-a3adc62d10ef.json
1397124,35762142222113,RV32_ISS,11,0,608048,1428,126488,1c7bf81ccd8c335b9cbfb687d45c34973e35b6dcf1e8cfeedbd3c6db6f7de5ad,1397124-1855ad26d7ba.json
1401146,36125471111333,RV32_ISS,11,0,443944,1428,126488,432b63b487e8b26926741e2cc66717c563144935ed65bdfde04c29818cd2048a,1401146-414e5803f5b1.json
1401228,36125471212112,RV32_ISS,11,0,719728,1428,126488,49effb9f3befab1d90f32a226f91256a8ed4d06d93df1c40a401e747928cca8f,1401228-31dd5d5ff858.json
1401237,36125471213111,RV32_ISS,11,0,651910,1428,126488,b5877e377ac0a910dbfb2213a427e1568298e5f35650b122ee69d6474dfdce19,1401237-7d0af60eae00.json
1401255,36125471222111,RV32_ISS,11,0,845356,1428,126488,59e4d9d5d4750f9878c022ab734d53700510ff5ad169221b63b27e149752ae3a,1401255-d46c3e441c5c.json
1401309,36125471312111,RV32_ISS,11,0,616729,1428,126488,48230fbd05faed018243cf560f9b9322380bb019d0d64b7fea797abf6aa2fe48,1401309-359d4459db84.json
1401387,36125472111311,RV32_ISS,11,0,758430,1428,126488,c6c580ad0c9b705298fe6841f69b78eca99d2b9bf764f558b736aea83669c6ac,1401387-0b42a7c4f300.json
1401412,36125472121223,RV32_ISS,11,0,460328,1428,126488,eb3748c3580d30686d01bd6c2ae560ff15a4123115360752a14f1ffad2856769,1401412-fadb34469f38.json
1401627,36125473111211,RV32_ISS,11,0,754742,1428,126488,4315650c01ee7193214605033d0fb9871a9ed4dfaa6496e65c5a2923ea8b3b0e,1401627-dc0c8ae6d96d.json
1401772,36125473232222,RV32_ISS,11,0,754277,1428,126488,76558a13de5db61dac4fe60115683d6deda0b9380473b0e319189e69d5f67f13,1401772-6b0ebc10e398.json
1401836,36125473323233,RV32_ISS,11,0,584842,1428,126488,fcfd6c23e34611e872234cafa159f81a757563129646f13226e2e322a86ecd11,1401836-3c4fb1c576a9.json
1402478,36125743222331,RV32_ISS,11,0,682318,1428,126488,14d91fbe1fe822db52c29dc837fb52ab49077c1f6a40d57634fe6c1269cf65ea,1402478-fa4b9defe9a8.json
1402834,36127451333222,RV32_ISS,11,0,494350,1428,126488,a7604d69536b945bb2bed87179a1d2f66871162ce6dca18d4b7b90ef2ca67e1b,1402834-e09aaac41d39.json
1405795,36145272122222,RV32_ISS,11,0,875468,1428,126488,0425259e84e1d77bb505cd32db01d75369a230a21672fe1f20a8a340f8f72018,1405795-078f783962be.json
1405812,36145272131213,RV32_ISS,11,0,847865,1428,126488,bf362e6d69d7f36e399f6d4788ecdd079c4b70deade3a0aa09539b38c9072100,1405812-b9d3d57972df.json
1405815,36145272131312,RV32_ISS,11,0,1218027,1428,126488,3af3b7b67b63eb4f8b6e333891ac5cec373aae4eae6667fc223dc9ec79aed84c,1405815-f15dbb7a5f93.json
1406238,36145273333313,RV32_ISS,11,0,703838,1428,126488,259a894ab60af0eae82175a1a1784e22ae1b7cb4792eeed2ec77daa741b6d9f8,1406238-87e3dfc56182.json
1407003,36147251121311,RV32_ISS,11,0,763206,1428,126488,955a454e58cd0664f8ed9b9ef27cee2a4f4d448f5bdbf7d8bfbb7f8a5d148e56,1407003-77e0c1e09c74.json
1407027,36147251131211,RV32_ISS,11,0,723862,1428,126488,e63d1b97c7c803c3853083331a2affb294f4ee936029b1341b753ca00786041c,1407027-664566505313.json
1407053,36147251211131,RV32_ISS,11,0,646404,1428,126488,27135a0c650fa5df06e9db7d0cde12949a7c8a45725ba321fa5c3632d71f2e47,1407053-a2adab8d909e.json
1407133,36147251311121,RV32_ISS,11,0,608623,1428,126488,2da32e87f8153be4b79d3a97782a7981c0a64299f94d05ba831ff7cff4c312ff,1407133-bce5e9c6c3c0.json
1407213,36147252111113,RV32_ISS,11,0,778998,1428,126488,90a1957f0c518c605063f9f363dfba7746c373420460ae87d110eb6b125df7d4,1407213-7f5105fc811e.json
1407456,36147253111112,RV32_ISS,11,0,708150,1428,126488,467fcc4521159bd854787e552dfa8441f0a1a50951644b67cb4fe920a4ccf172,1407456-59cf364883f9.json
1409298,36152741231312,RV32_ISS,11,0,729960,1428,126488,ba8bb31c15b20e412ebe5f290d3f833c85c342b82f633fe36408bfe943feda0e,1409298-3a1a916f2e8b.json
1409461,36152742131321,RV32_ISS,11,0,673463,1428,126488,64f136d4b3805f4d8e6ec6e9f99f123ae345e5972865c4726f95ab66c9d3164b,1409461-dea0ea5f46d6.json
1413119,36172452133133,RV32_ISS,11,0,885685,1428,126488,a30dd1b9d09e3e35182d3367563b612837ed8e862557215d7cf7caedebfa227d,1413119-2c68cb131325.json
1420397,36217452131333,RV32_ISS,11,0,839099,1428,126488,1a60abc048fbaadf858f5d93e4d2dd87d4d050dfc49438b2bf7609542a923bd8,1420397-a8f76725ea43.json
1420953,36217541223311,RV32_ISS,11,0,424876,1428,126488,1e12f9b530d29ccae2159ed7b90fe44722829e55eebe07d9cd65c2583eda0a19,1420953-50efed30768a.json
1421406,36217543213112,RV32_ISS,11,0,501582,1428,126488,1ed0b026a933afeafc3d3f108d0e12068354d5d50c305841b50998fc610da227,1421406-c922dd70f2e2.json
1422134,36241573212332,RV32_ISS,11,0,448137,1428,126488,a634cf6dc28e207297b1639844c98c385b3298df73235a2d8d4b482b3a6ceb26,1422134-93ab6e085b46.json
1422861,36241753212311,RV32_ISS,11,0,543443,1428,126488,45ce1f82a1369a10b5eb22ad383a48b51cf713e0778a89f4a79f34ddd9892578,1422861-203b85a4f04e.json
1436421,36415272123212,RV32_ISS,11,0,851157,1428,126488,09c282f1be68c150fd3c91b6880839aa2de1d9c8a839f0bfdfe4be7ce96f618b,1436421-d6228925a8e9.json
1438611,36417522123311,RV32_ISS,11,0,668568,1428,126488,e48970ebe05d9d61b23f15c2eb0f8a7609f414f7f3282b8ac4bfdcfef53e549e,1438611-3b3adc67a442.json
1453959,36514272212111,RV32_ISS,11,0,903233,1428,126488,b7fdf06cc408ed9ebd5187ac74fe642b1d003bb698ffdf4a0996b032e7ff6246,1453959-d90d1a915ccd.json
1456810,36521472113321,RV32_ISS,11,0,1180457,1428,126488,575987a16e82baadc098ff674da8568eb33ce69b7fa958311fc2426e1020df2b,1456810-7f57f482ba70.json
1457002,36521472331121,RV32_ISS,11,0,497769,1428,126488,07c229c9324bda66a201fae0e05c0b75f033d489252e5b2832488a5e37e8bc8e,1457002-dcc4bde9400c.json
1460243,36527411131133,RV32_ISS,11,0,477649,1428,126488,e613c7b52f7a438d2873b12970f2e1bce651cd14703e376eb6256b460a2d999d,1460243-780d7431ebc9.json
1460430,36527412111113,RV32_ISS,11,0,480423,1428,126488,50a23bb0df9f618cd5775fd4ae706b2a93c1263efc1fdbccfcdfc89535597946,1460430-8041663a98ec.json
1460488,36527412131222,RV32_ISS,11,0,778098,1428,126488,bd05a6f3ac04ae1c7233cad0a9a265236f7037c982235132101a4fee445a74cb,1460488-22d08f02ffe3.json
1460518,36527412211322,RV32_ISS,11,0,1005835,1428,126488,59fbae458d3ca492c202807b6b00dab5058eb2601dd86c6ba9c7e55bde80d1d8,1460518-da5a3c745b2a.json
1460544,36527412221312,RV32_ISS,11,0,615970,1428,126488,c7c9f3025616cf781c64de7abd7d61bb522c5c593888b23be29fac0df91a1148,1460544-08906680cd2f.json
1460566,36527412231122,RV32_ISS,11,0,693123,1428,126488,999ea50f9d13f8a525ed62b0594695cd6e2640c5c614e8c775671bb2c43afe5b,1460566-bbfc6fcbfae2.json
1460633,36527412322232,RV32_ISS,11,0,723880,1428,126488,14f70bc16553e35eed1b1551c373f82086f67714368927648c445b0f7d387168,1460633-5d5bc4ea85e5.json
1460673,36527413111112,RV32_ISS,11,0,800254,1428,126488,f953569465ea8e111d55c2d1195f4b07b72d92087288a1c65b1c1444f7afdee2,1460673-c5bb98e2593a.json
1460841,36527413311311,RV32_ISS,11,0,558227,1428,126488,00d9a600a40424ca7c34b4bb5dbe2272530e26784ce94ead614cd68131bfe7f1,1460841-6e765bbbab34.json
1461370,36541272323222,RV32_ISS,11,0,546169,1428,126488,41c0a902d7d3e9895c8535104622c622a91aa6ce7b5e58dc30d6b5035ff5f5f9,1461370-a38c5a293a20.json
1463380,36542712121322,RV32_ISS,11,0,1118618,1428,126488,ce54e02bd507b15ffaa85ac3457a0b9b4245140c285590d55e773ce8d83f83da,1463380-365cb3501bae.json
1464837,36547212121313,RV32_ISS,11,0,771357,1428,126488,19db4c51612b42f9e8c6f24e7195e18eefe93d3ff7e96b46633a02e006ab8ab2,1464837-759b5e9b4bb5.json
1464844,36547212122222,RV32_ISS,11,0,1252523,1428,126488,0d3bd4e259111590bf2ae202959f4293ffc459d8271509cf7b7301f4b0185e7f,1464844-a2385cbfe4a5.json
1464864,36547212131312,RV32_ISS,11,0,808729,1428,126488,db333d6df66fa1a9c65c3f77ddb26f5a0851152177d22a371d5460c854d03772,1464864-21fbb9ecb52a.json
1464916,36547212221222,RV32_ISS,11,0,705827,1428,126488,367921632b72f9daf70bdfcd7967efd669c22e90b155be98557b70f4b7d439d4,1464916-5082730f9c28.json
1465271,36547213331333,RV32_ISS,11,0,684845,1428,126488,027454ac41b25e5489155e67294cba8ffbace75cce65c12feace45db5ec62b3d,1465271-846e7e2fe269.json
1470663,36712542121112,RV32_ISS,11,0,1294905,1428,126488,aee15e254a8e2daab018b843f48047406343690e4b99309099dbd1ab910dd2be,1470663-70063bdf06bf.json
1470664,36712542121121,RV32_ISS,11,0,626614,1428,126488,505e496108bdadfd67b49d59678fa15c4b3020f5b3093667a3b4fff5b60b4389,1470664-116aa3f14d4e.json
1470666,36712542121211,RV32_ISS,11,0,1139509,1428,126488,0fbe65476ec35d65fa4e65e936561d6b278a4ca1852aa117f5c03fa7629e9fd5,1470666-43b3d8312adb.json
1470672,36712542122111,RV32_ISS,11,0,659935,1428,126488,4ea76297a567df13f7c01b68b48d3630913ab891764547d8745c7563d58ad865,1470672-33b2ef30bc0f.json
1471513,36714252232223,RV32_ISS,11,0,791393,1428,126488,18ed5b4799de0a52d380f79bd5ac45d222aebd0313e79a10d61cd5de8570e9a9,1471513-3373e24ad8d5.json
1471995,36714521232113,RV32_ISS,11,0,1154967,1428,126488,d735817e93d77bef2ad791940b432328ff730b15735b3a28cbef63194f05f3f9,1471995-e53264cbf3ab.json
1472128,36714522121322,RV32_ISS,11,0,1185457,1428,126488,ef5672625729f7b8380eea33a52e4e14fd50d5fb4a4a41137b4217fde54134db,1472128-eb24705d9801.json
1472133,36714522122213,RV32_ISS,11,0,1310186,1428,126488,e1963aefc8c4c115cc540c3ee6f4b78884d35c579dbe93aeb4511ee4b96c51d5,1472133-b538f6ae2fee.json
1472404,36714523132223,RV32_ISS,11,0,770084,1428,126488,c8014c245c0254214aba973f703bf2a65850c10182340bf9e818416197256694,1472404-25af4d952836.json
1472407,36714523132322,RV32_ISS,11,0,587288,1428,126488,952a774db45322090735a5be26a3eec30fde027913b5e68e9dd44145d2411d2a,1472407-44509862543d.json
1474100,36721451131331,RV32_ISS,11,0,453578,1428,126488,b39ccb6cc5cc09a78a2600ec31beba1342a60bf6970b3cb6dfeba6bcea6b23d7,1474100-59682dca6888.json
1474315,36721452121322,RV32_ISS,11,0,882155,1428,126488,0706bbdd85b2e1eb0202b3a541ca0eea7e98c425d6f24bb6d4b036bd5a743d7a,1474315-4946be17380e.json
1474318,36721452122123,RV32_ISS,11,0,437508,1428,126488,90ae7083e75fdff064bcc2c1abb9bccc8d6e431f20c4b252b8f33d81184220ef,1474318-f48d8d6a3f01.json
1474320,36721452122213,RV32_ISS,11,0,1221043,1428,126488,8468e04e5996f5217d3096b8cded5883b23e65cfe01a3c5161337e04c25b46c6,1474320-83fe829e762c.json
1474324,36721452122321,RV32_ISS,11,0,626496,1428,126488,6e3eaa0b0dca7697a124f624057e5e07e81af8bf11c8ba1b9f1fe27905c90043,1474324-52f7756c949a.json
1474335,36721452131111,RV32_ISS,11,0,719756,1428,126488,dd7b73b2a264b14e5b8cbb2fa4022f9a701eee536655b8f92aecc5a96768abe2,1474335-d275fa2245f7.json
1474412,36721452223232,RV32_ISS,11,0,749777,1428,126488,f4d9f8fd02b6c405535f76435ed4fba1b86e44a06b3786634aba16ff326174c1,1474412-34dff429d59f.json
1474542,36721453113113,RV32_ISS,11,0,788880,1428,126488,302e0d004b17a48831d6b381042e9e8a1e2bccafd882206402297ac9865ed91b,1474542-f7fd06e96514.json
1474551,36721453121111,RV32_ISS,11,0,1037092,1428,126488,0a032a82745f8dda8c9a61f4d43b6efc865edbf6e6f5a53992717efc10148d12,1474551-02dc81e05023.json
1477713,36725411121212,RV32_ISS,11,0,1653627,1428,126488,56501c2d18537a6dadb7ea36464febb0247001d2ab03fe9080305bd5912fe2ca,1477713-5b2f266f067f.json
1477743,36725411131313,RV32_ISS,11,0,856495,1428,126488,7ecf374f67a22da6973c28b0d28876141c50c854b137d7a2b06637f8968571db,1477743-9c848b09e70c.json
1477774,36725411212121,RV32_ISS,11,0,592471,1428,126488,a0c029e309221e236b3703a7ed05279b46b302bb6fb7a0b05dc1f526ccb3db3f,1477774-d2968e03ddba.json
1477865,36725411313131,RV32_ISS,11,0,795921,1428,126488,adf868949c170b780cc23194f8b6237f585df31a075a0979a02de62d921adc5c,1477865-31ec81c7ee28.json
1477929,36725412111212,RV32_ISS,11,0,948588,1428,126488,78379dae4ff027f6a6ef2879d19ac9b3f43ae13867d2826fb2002101ddf9f949,1477929-0bc81ac0cb13.json
1477953,36725412121112,RV32_ISS,11,0,1519334,1428,126488,b9da5480098b9d7c44b14d20c69366c1f94d16eb075adc9329979c2f7fd9ed2e,1477953-47ef76d4582d.json
1477956,36725412121211,RV32_ISS,11,0,952775,1428,126488,1ca7e7505cb11bf53f47bca50da3ac11c3b1e22ab1e8486feab6d12b11f29064,1477956-4d593804d24a.json
1477958,36725412121232,RV32_ISS,11,0,1450052,1428,126488,0a7008117f4cca1ce9873495c8982d2bd31fcd00ca2862bd7da8c57bca96436c,1477958-150f384ab5fc.json
1477974,36725412123212,RV32_ISS,11,0,1368700,1428,126488,8e0723223011571eb4bd0ed29553dcc4d4209af8b5ebecd0d3f3679cf48617d6,1477974-17d7e233b2ef.json
1478118,36725412321212,RV32_ISS,11,0,1628061,1428,126488,6f8fc5324779934ccafbe56395362748ecb371979260f3e417c560ec4b7438be,1478118-99621cc2bf93.json
1478175,36725413111313,RV32_ISS,11,0,697396,1428,126488,f8f36d4665aca21963a96df4f3ddf24fa316ac5dbb2bbacecee2a9ca5038dcae,1478175-531cd5381246.json
1478223,36725413131113,RV32_ISS,11,0,815398,1428,126488,cc65644174701b2529df436bf73e6f803632d456f32505eb899745a02c844cd9,1478223-e877416f67a8.json
1478229,36725413131311,RV32_ISS,11,0,835619,1428,126488,0ea3b23652100cdc98acd0e7feed29327c1848b182a5e9d1c0d0bdf57ec9c7bf,1478229-6fa393175a68.json
1478692,36741252122123,RV32_ISS,11,0,606174,1428,126488,5f0674b11821be5e720e7b5872a3e5968617f18496a5d864a0a2f29b0b1183a5,1478692-68036fa5039f.json
1478698,36741252122321,RV32_ISS,11,0,838105,1428,126488,1903dae42c7c022e2afb67efd400f27585f35c86d3c25f035e7783b7f40c35fd,1478698-024561f368d0.json
1478699,36741252122333,RV32_ISS,11,0,959919,1428,126488,2ea0fac4dd01980ce5d8b72f0c2ea59841d86b15e2718bd80cc1eb1b48c6791d,1478699-5bd3bd3d5c03.json
1478707,36741252123323,RV32_ISS,11,0,1310318,1428,126488,98943e825cd099576efe54e55590d8f47991f340c0e3a4e2377dd2077660a232,1478707-a911a8684868.json
1479053,36741253233131,RV32_ISS,11,0,638855,1428,126488,787cf1436777262a443f78b410bc92ad44d1661cfe5bca525a25bb8c7ae5a03f,1479053-2d954340e415.json
1482142,36745211211221,RV32_ISS,11,0,491990,1428,126488,ff37e288a012e5508621ccf69512fd203d42bbfdd85c464d025bf33fa1f879a6,1482142-1ca049ac4288.json
1482331,36745212121223,RV32_ISS,11,0,527290,1428,126488,4811299f3df6733e228b5a75414ca78d8544ffc52a9fd3140401445e8da623e1,1482331-0493f4c0903e.json
1482342,36745212122312,RV32_ISS,11,0,991518,1428,126488,4bbe70e88272a5113ff32a3eb6663ef290a137bd07473734847b0c2484b1102b,1482342-e836bf99b5c7.json
1482344,36745212122333,RV32_ISS,11,0,814248,1428,126488,4c0e16403dc240f7e345015613d9d9c8080f42c486543357194ebb0246a6b15c,1482344-651603c98ddf.json
1482352,36745212123323,RV32_ISS,11,0,577296,1428,126488,408d4e7f55a9923667c4088b9857ea153b67dcad3052ad6c98948156322f91be,1482352-460c498ac478.json
1482354,36745212131111,RV32_ISS,11,0,570056,1428,126488,d2f6b88635814eb224bb69e5bcfa53308468be1c7aca56cd607d29eadcf45f89,1482354-c4df3bf6cbf3.json
1482431,36745212223232,RV32_ISS,11,0,908417,1428,126488,5ca5631251d1c53c9e302f42c983b57c88a0ab883c50c0c9883bc22a31ba1b3a,1482431-e15de730188e.json
1482570,36745213121111,RV32_ISS,11,0,1076710,1428,126488,360b18eafb691f6428f42f58aa38d56d4ea3c24dc91250e5d77391b558b45d1f,1482570-87ed39f5f77e.json
1482599,36745213131131,RV32_ISS,11,0,593737,1428,126488,945173b97f25c5c8b93c6d524769d49070006e7c08210b90a7591b78157a68e5,1482599-b358e201c233.json
1482615,36745213133111,RV32_ISS,11,0,611518,1428,126488,9bcf122b760933df3a755ec4ce475082fe4231a1737a48ecf729575b45c13e94,1482615-0787b3fc99bb.json
1482690,36745213232213,RV32_ISS,11,0,393664,1428,126488,cd60cd7277da47dde54d5ae09729d8c22136041f5c86d403a70759eda4e3082f,1482690-e81a82ac6f3c.json
1483396,36751243222322,RV32_ISS,11,0,717723,1428,126488,4a2d2e5b1654fb987496fdee6c2b4b76a42cb6d4a7c2e865629d0439b5a2be6b,1483396-fa8ad2afb8b6.json
1484525,36752142122132,RV32_ISS,11,0,973801,1428,126488,97144f7ffe277d82a9d9dbe34e5b1b696ece463151706bb663aaab2e9cefaad1,1484525-89a294b1f840.json
1484536,36752142123221,RV32_ISS,11,0,497036,1428,126488,e5f2c0c65452ea037793bc5cf8c14ee89dcf2c62bbacb54aef8e212e05b57cf3,1484536-5db7a56dcd6d.json
1484798,36752143132232,RV32_ISS,11,0,535658,1428,126488,f6901eb582f4029791c2826a59f051bdd26e531554440e41b5e918eb8b8f8ecf,1484798-124de3b6de01.json
1484806,36752143133222,RV32_ISS,11,0,485704,1428,126488,652d9e9a23890de8d792ec924e31de7745909430987578716d4421e3905ca288,1484806-dfdddb882257.json
1484813,36752143211132,RV32_ISS,11,0,507446,1428,126488,a1a236d4283e866c45d805af9c01d2947d2fa7cee46c2855fd613781a2e386da,1484813-db4a55d2f935.json
1486336,36754123232222,RV32_ISS,11,0,948018,1428,126488,bb25ee2031100407bec126fc1955846442ecc1b62363e76f5013d41cb846b5bb,1486336-d4ce8593a08a.json
1512689,37246511112233,RV32_ISS,11,0,535418,1428,126488,ba63a64813cde7566d0f8729d3874462cf454424b2d579f16b37ab102f7d5696,1512689-20c3daa442b9.json
1516757,37256142321233,RV32_ISS,11,0,1053043,1428,126488,77a79b40cd7a1db042c0715298cc088dd045389a3c481052f2864b01be955101,1516757-70acc0c14454.json
1524820,37415622333221,RV32_ISS,11,0,718319,1428,126488,4a3d164c43fc323fd7ba3eaa30a8b548e9e5df17a280ab6a7a218f8d1ebbfed9,1524820-c66aa414632c.json
1530726,37426513132313,RV32_ISS,11,0,751213,1428,126488,2795e79972f2bdfdddee9177c9fa5a4f5f5f0f6ca2e54efed104f2d23f291919,1530726-fff6d4cd8e18.json
1532814,37452162323312,RV32_ISS,11,0,553074,1428,126488,1aa63a0e787eed5c7bdd20a42ee08a9b25d850f8b8f3da489a7735578a39c936,1532814-fa31ca2164bb.json
1543776,37516422333311,RV32_ISS,11,0,579394,1428,126488,e08835bfce2f124dda37849188537c8f9550c9890f3607a9d97eb76ba9ba64b4,1543776-5ed3ed5e5f02.json
1552932,37561241311112,RV32_ISS,11,0,552022,1428,126488,ea340996c494f4861f06ab87a5791907a6518dea54dd93549369a50ecba45216,1552932-9dab9e43445b.json
1557671,37612453122233,RV32_ISS,11,0,485666,1428,126488,2a0788fa8c5d95ddf593e018e43ade9130549f9ba5fbcd05c5165f898775cdaf,1557671-056f0d30abab.json
1558224,37612542221111,RV32_ISS,11,0,654340,1428,126488,617645a78fd60319ac0c34664f90b4499bb8684e61b1d6601c44e090b4b3dd5f,1558224-8c8f1c043246.json
1558954,37614252221123,RV32_ISS,11,0,570867,1428,126488,a3ca3420b18fdf641ec2580c3e57f26a70f4def8ee34e1956e4ba2e2ba157509,1558954-999add04cd0d.json
1559331,37614521111111,RV32_ISS,11,0,961702,1428,126488,962ff9da62cc9a168f677b1cfa28dbc4f441baede2a504b053e3e707a838d7d3,1559331-358c1ea33ced.json
1559543,37614521323232,RV32_ISS,11,0,571472,1428,126488,7468130cfbbf3e62f64496dc06a21829e7722b4348b033e2bdcb03b24f2c5de2,1559543-70fd883b0422.json
1559578,37614522111221,RV32_ISS,11,0,544946,1428,126488,07b15269db260e2ea5a8f4cf560f11f8b67cba8f8b2254aa830ac36df892e282,1559578-757605329799.json
1559599,37614522113321,RV32_ISS,11,0,877596,1428,126488,11b0ad77dbb25243125912ed18264bbafc66cce839741c81f3dc827a38b65efc,1559599-0aa2b13d0ef2.json
1559761,37614522313322,RV32_ISS,11,0,758147,1428,126488,8a589639cb829b57d83be27902edf723b8e99d6b60374d4f528b484ba9d74209,1559761-4960e938747f.json
1559787,37614522323312,RV32_ISS,11,0,674625,1428,126488,9552414075cfebb9191caa789e3348687157bc896e6845c9193770d0104bada3,1559787-05d599d6d754.json
1559964,37614523232213,RV32_ISS,11,0,1040566,1428,126488,f662968369989be4bfa6c9e15ed51415f53a297ebfb0c5f3f442f9770aba740d,1559964-eff38a286460.json
1560814,37615421113322,RV32_ISS,11,0,855933,1428,126488,966f2670186b1d75e72a567886cb8512ce64e673e7cd12b0fb1d9f6ee80e3a68,1560814-58e6d3a02e4f.json
1561115,37615422211133,RV32_ISS,11,0,1027977,1428,126488,850bf723ddddee166d0b10cb0bc40055bb28cf89fa40c98758a377ef1363897d,1561115-cf7399bbd373.json
1561160,37615422223133,RV32_ISS,11,0,864802,1428,126488,9350ebde64947de949819afb47030c0452bf3c874394dab568d0ce998c75d438,1561160-2a6be10d1489.json
1561213,37615422313121,RV32_ISS,11,0,626283,1428,126488,07c48f34ee4f810afecd830b6274914280053ff04a294b6a235e9cd45a56a849,1561213-920b2ced25ab.json
1561220,37615422313331,RV32_ISS,11,0,990758,1428,126488,79e6a5443f46ba0de09af38851472d7519f7d017fb30999c66244c85c850cb0a,1561220-89d37335b645.json
1561304,37615423121132,RV32_ISS,11,0,540938,1428,126488,b1c7997adae20d7ac3a85867aade0c7d56a4d6e3a13f6948ff6cba86a2865308,1561304-a51147156dde.json
1563384,37624152311213,RV32_ISS,11,0,1034490,1428,126488,9e87c7166ed54e6356700d128f125046be34cb9814471441f6e12f9f77b99b72,1563384-360a1e0f9417.json
1563854,37624511232233,RV32_ISS,11,0,759804,1428,126488,32cc1396219b9c5b30af2c13e2f47f88e81747a57fe159b67557a219ab79beed,1563854-d69978295639.json
1563982,37624512121322,RV32_ISS,11,0,1097606,1428,126488,d013a429d8519f699943aca2cd4a8867e3b517c01161fa3cf963c936a2614dd9,1563982-7aa24c86d6fc.json
1564086,37624512231212,RV32_ISS,11,0,1253888,1428,126488,8cfcdd8d3fee738761a9153565baa5a4ca96a172c2a8975371ef1cd108d67a11,1564086-101dcfcf1a1b.json
1564252,37624513131323,RV32_ISS,11,0,598109,1428,126488,77e4ff066fcee9a7ef404353c8e15c83c9daa183267d472a4c81c4d8bfa40c73,1564252-0596704005b5.json
1564332,37624513231313,RV32_ISS,11,0,609361,1428,126488,c2da9de2a24dab5f386065f0e1975b9f0189aab543844ed6a33af648f4cc59da,1564332-30328cb75fdf.json
1566259,37641252222323,RV32_ISS,11,0,715861,1428,126488,4a584f6eff35920587b25e86c5f4bed1c7818bdb4ca6aa9dcdf707b6864c0591,1566259-e46d81a23f16.json
1567698,37642152213311,RV32_ISS,11,0,1016135,1428,126488,2ba418d24c29a7f1cabd56377920bcb3fb64ec17486a3c53b96c761f4ad605be,1567698-b694e58fbe01.json
1568605,37642513122221,RV32_ISS,11,0,384429,1428,126488,aa28085e7eceac7350e6e19e5903d141ad71bbac5d9bcccb9ca7069bb1302fa4,1568605-16b1eeddd94f.json
1569226,37645122312221,RV32_ISS,11,0,441354,1428,126488,f8e604f337d69be44956cbf8f666a7ee46cbf01bceff38fa17e2968a54c1c75b,1569226-d03272351529.json
1570592,37651242211133,RV32_ISS,11,0,1229794,1428,126488,c01bcc6a63e6f5dffe20679eb0118facc6025bd1bf5e3b5858a441cc6f8e4101,1570592-8d1fba0a93fd.json
1571415,37651422312311,RV32_ISS,11,0,775658,1428,126488,79f52bc4c4876817edf43ff5c513930945086ef81b042f13469f473ad38ef69e,1571415-ad32846f110d.json
1571747,37652141113232,RV32_ISS,11,0,679057,1428,126488,d6460777016b1e1a07f3661532c1940cde4db27107a524ca655e52dbc20d7487,1571747-903f88b7bb55.json
1572352,37652143231322,RV32_ISS,11,0,769138,1428,126488,258c0d09aabf5bd54a7e577f658e80985bc508db18500f8c0dcc960779f594c8,1572352-54410d72f3d9.json
1574320,37654212311222,RV32_ISS,11,0,1173923,1428,126488,c4a9dfe28cfe7fc881a309f1cf08b3e2df2e617e0386ba48495fdd55d3147bf8,1574320-05a22797f8f0.json
1577464,41236753232321,RV32_ISS,11,0,563153,1428,126488,dfa2f5e0afbc0858cb2ad594899c76990669b30588e771161a3c1e3dfbb762f3,1577464-29eb8c0a0465.json
1577738,41237561313131,RV32_ISS,11,0,870144,1428,126488,97298785c563cb023079ef54bc4ed577f233e27da5f7a4fdbf6d3c60ce109f59,1577738-21a778313b70.json
1584292,41263751312222,RV32_ISS,11,0,1091500,1428,126488,3e5f858de9cd06344d62c0f2c5063cff30cacb605f01225a3e214b161782e0d4,1584292-23993b92e175.json
1592229,41325671212211,RV32_ISS,11,0,779499,1428,126488,42a530ea6be1fa3799370f757f45a9b4ce6d00893f9184127e44106d93f96b1f,1592229-894a3ce2ebf5.json
1593292,41325762313223,RV32_ISS,11,0,786895,1428,126488,36e038a1acf8f5f20a95b40fcdd0f7fc49eae3c5ad18860b3ef3b17c635894ae,1593292-c8bb2a63d0e4.json
1593410,41325763131233,RV32_ISS,11,0,690321,1428,126488,cd5b302c2690dded286d4b851d16388de13e8c00b3dea764b4fb0492854eaad4,1593410-6ef6750d02ad.json
1596600,41352671212112,RV32_ISS,11,0,722822,1428,126488,60d4548bb3cb195e1ddbbe9d72db569ffea65d0a9e268a700d7fc870bc41eda8,1596600-85e39850835e.json
1596601,41352671212121,RV32_ISS,11,0,863785,1428,126488,830dfa731a2f05e6fb4ed1d4b3496b328d627f809bdad9a4dab7b85b49a7df17,1596601-45777b9645eb.json
1596627,41352671222111,RV32_ISS,11,0,884222,1428,126488,20d6e57ec8f86005c7a65323e3c9730d45ff73790c890d19326f16d37c0613d9,1596627-b97da9de6438.json
1600578,41357622313112,RV32_ISS,11,0,734687,1428,126488,73861a3e23c09d311a9f3fa920cf0e2f039a0436883bc933287db75aef57bb90,1600578-5bbf61bfbb59.json
1604288,41367253111133,RV32_ISS,11,0,771178,1428,126488,a8a88e8c373b831ec3bd03f3ff4ad997184facbc0e2ba1004ed8f3bff755a481,1604288-d51a324d632e.json
1614432,41532672313211,RV32_ISS,11,0,4391914,1428,126488,8d1a9ad40d22ccf0ebb4441bbdc4b4f833dbd1713cbec61e90945436a6a84347,1614432-2615a1ee01b5.json
1614890,41532761233133,RV32_ISS,11,0,540706,1428,126488,bf9dc710a234565c95ee3efd01f17bb221b9e5e0ba91cdcf5dfd6a7899ac59e7,1614890-24fbc6c0ce03.json
1620348,41563273113311,RV32_ISS,11,0,676131,1428,126488,4f9c40200055ce00e9baa0756261efa2a457999dec4f4ad444694d272c10c534,1620348-a6365f5ca60d.json
1626736,41576322212222,RV32_ISS,11,0,837696,1428,126488,059270b5d1ba0689c8858ad6c850d5e71238f609e97983c8a19d7c85ed392856,1626736-cbce1c660ca6.json
1629012,41625372313211,RV32_ISS,11,0,4300261,1428,126488,949ea8fedcc59a5753834ec5615208a2453d1586fc0bc313d6240985fab34f53,1629012-812f91db94ec.json
1629102,41625373121213,RV32_ISS,11,0,575801,1428,126488,5daee696c76bc982f538b2c27d51d903e857ec8db5001922bcb1dfcdae986102,1629102-3c31009c48bb.json
1629437,41625731222231,RV32_ISS,11,0,605534,1428,126488,353095e24637f4589f4c1a6911f24957f150918500e1634f25bffb6aa046145b,1629437-6e574683e384.json
1633780,41635721212121,RV32_ISS,11,0,864352,1428,126488,d50043a7b6ef23a04d31c6d799f5860760169cb8877681cf989a5b85eaf6abe7,1633780-96c5849832d6.json
1639644,41657321222312,RV32_ISS,11,0,470526,1428,126488,591f22c3c23195069dfd0e4f9b423dae0c9fe69f22fa5e6004f690ce5f38205e,1639644-64ef9115ed08.json
1642045,41673252212222,RV32_ISS,11,0,857053,1428,126488,998340f53f63da30b2a9e3764f6b6ff2e0f01d7905e872aa02871e76507a6468,1642045-e2a97e287b75.json
1642437,41673521111111,RV32_ISS,11,0,878660,1428,126488,d7a9621c2bdc05c78a8e4345541a742e6ceeaa187551e30b720ca171392ca270,1642437-05c8c957fc66.json
1645050,41723562313211,RV32_ISS,11,0,1010633,1428,126488,36e1c27c37059c3fd9977ba3851e20becb2c2c4c6120fcbdb6bdff2d31b5f603,1645050-64d7aa02af27.json
1646226,41725361232113,RV32_ISS,11,0,707437,1428,126488,066ea9e15e8dd2a86c3eb71694a4793e5467418ddb56bfffb32c16021070cbb4,1646226-adeae37a8d14.json
1646274,41725361321213,RV32_ISS,11,0,1021560,1428,126488,09377a5a39f65e54a53a832503d4c12eab550e143b8c1d67a88885dcf5a0c686,1646274-d62ec3bba9c6.json
1646436,41725362221213,RV32_ISS,11,0,857384,1428,126488,3e5135845564d6aa45d241616d4d043d286a0387d2606a24a793be13e53380b7,1646436-3f79e1d975c7.json
1646508,41725362313211,RV32_ISS,11,0,1352240,1428,126488,1bbcb3e10b060b7d05f7f8f62f62593ef5bdba2b95f6877c9d4af4727e7af51f,1646508-304a399a3152.json
1646509,41725362313223,RV32_ISS,11,0,1227666,1428,126488,12af440d6a454415ae18bf2aae59dba5be25e14f23ea60de04723cf45210fe1e,1646509-41ca76be5ce6.json
1646599,41725363121222,RV32_ISS,11,0,832941,1428,126488,13cb3112ea5dc5c7f15d0b65849979b758a658dec65a5cacf7062c5378e8735f,1646599-eb7ccf2b6ab4.json
1646600,41725363121231,RV32_ISS,11,0,658116,1428,126488,6c265d6092067d1357f622d19c4aa0ee154680cdaa21a01062fec4dc9fbcef45,1646600-5dfe25dcfdfd.json
1646811,41725631111111,RV32_ISS,11,0,990481,1428,126488,4b4087ee99d3bf61aeb4b6e1d3e0aa224b6e683db452b622f02e26a374e6a344,1646811-daf8f62f5434.json
1646893,41725631211122,RV32_ISS,11,0,535423,1428,126488,cb41fd6beeb2244b7f95e0442059cf39d45c44cb7e42297bae6e77c4643638f8,1646893-06ab45eb18cf.json
1647260,41725632322331,RV32_ISS,11,0,473601,1428,126488,ec0f03c81368452bec614470601efcaabaa17d22b250ca15a26d9eb2ec9ba22d,1647260-d82c0034eab6.json
1647299,41725633111133,RV32_ISS,11,0,531057,1428,126488,30e3ad12a9f281986e93bf0fb696d0ac670a9819a53a00d0b87fd88743d3d6af,1647299-346e00669b18.json
1647325,41725633121123,RV32_ISS,11,0,635105,1428,126488,a1af08e49a4a39699e07f89c39b5cbe96c693266742644d9d913d488a4c569cd,1647325-cd4a37db5501.json
1647378,41725633211111,RV32_ISS,11,0,595570,1428,126488,5b487aee5e4f8dc3c974448b259b5b91886f75cb8c851cbab9d9e6e36487085f,1647378-0244f0626726.json
1647970,41726352313322,RV32_ISS,11,0,682630,1428,126488,775d8b975ba37e9292497db9aa5535ef1da8251ad4ae5fdd89e0d89c9810c48c,1647970-58a5fd07e197.json
1648688,41726532312233,RV32_ISS,11,0,829779,1428,126488,9fe2d837fe1c511cb013b07739735bb5149bd6c4d63e4ce79ce3a984d4a05a15,1648688-b71ee246a443.json
1650669,41735261323313,RV32_ISS,11,0,653140,1428,126488,536e504f05492b24ecf1f15fe3afead5c4bf4fd09cfd6d301fc42169d546de01,1650669-567a291db85b.json
1650875,41735262312233,RV32_ISS,11,0,806667,1428,126488,f1995474caae80c0998e349869bdb801692283bb3a81610335cf888a128c42c6,1650875-ef27a927fa14.json
1650991,41735263123223,RV32_ISS,11,0,516596,1428,126488,82b2018503398dc33909f7ecfb5e463807deaf14ad37c7e9249372a4260ac90b,1650991-8c889df8fb11.json
1651343,41735621233232,RV32_ISS,11,0,434551,1428,126488,f34e4ba21b400a4d5e42243b7686b2dd7a9d2afd49aca643230f1d27809545d1,1651343-f18ba16c4885.json
1651615,41735622313322,RV32_ISS,11,0,803154,1428,126488,39ecc2f73f9ed49d47528519898ad9263d5574ed0532bd19e222656429e1d5bc,1651615-763b0f21b433.json
1652801,41736521233232,RV32_ISS,11,0,544761,1428,126488,beafd814365ea1225bb376752d845569ab21710ee99a57620971a1bbda6f8bfc,1652801-5c9bf439bc5c.json
1653116,41736522332231,RV32_ISS,11,0,480147,1428,126488,cd13c3e72d116240da03a10c2613ebe0a99c28770a1665ab8b584cc9bdeccf4c,1653116-6aad76d063ee.json
1654219,41752631222123,RV32_ISS,11,0,620901,1428,126488,733b6a09e30ee5b5135097167ace192484770811b45997f21eac4ec828ffe999,1654219-70096710ce54.json
1654507,41752632311123,RV32_ISS,11,0,749350,1428,126488,1c32fb0fec5426b1e0206306106e3c9e27d12092c8fbdc8e1eae95f3677d952e,1654507-fbc597b11921.json
1654522,41752632312323,RV32_ISS,11,0,823245,1428,126488,fa81fc9df9d1aedb61b3c9345c6051e1e120568cc33361d07da38ddb92318abe,1654522-66c20d223bff.json
1654527,41752632313211,RV32_ISS,11,0,2258192,1428,126488,4bf09185dcca62ed1100574dcd9dbb8aa257d8c0ef23225826de8fb3957564c5,1654527-af41c7f960b8.json
1656480,41756231321213,RV32_ISS,11,0,1007770,1428,126488,c2577943e8d56a02ebe0b3f3ca0be7f7d3dd081d7a9348eda9fdbaa1cb18a660,1656480-6fc481fe7216.json
1656806,41756233121231,RV32_ISS,11,0,595047,1428,126488,b8a3ac731fbd711358495a798af5823a621aabf5c23cf559bea44771f1535dc4,1656806-08afd42a559e.json
1658834,41762532221333,RV32_ISS,11,0,867444,1428,126488,abb678deb2d683334eb87e1bb2818b59b2a8e2155a279267902edcef70be76e8,1658834-845cb0fdfac9.json
1659014,41762533123331,RV32_ISS,11,0,645459,1428,126488,cf8375b97cb1b174c696250f7b67ae5ac9b8b5716814f28166652416a495bb50,1659014-102ca6b37fc4.json
1660820,41765231233232,RV32_ISS,11,0,447512,1428,126488,e3ab8799aa405f3e2e53896e68a8e8983b09c0a6fcd3ad1d5ec94bb5d5120214,1660820-590c186cd00f.json
1661748,41765322221312,RV32_ISS,11,0,786395,1428,126488,35f820e9b39c3b9ab94ad4848e5f80193c3533ca822eed941232ff2494365dfd,1661748-864d036f3487.json
1661817,41765322313211,RV32_ISS,11,0,1852660,1428,126488,f1cb3d848e4b98265bdb29577cb7e92a13e0bdd5d269e7327fc63095ad7f25be,1661817-2f4f01277b68.json
1661916,41765323122212,RV32_ISS,11,0,674173,1428,126488,5f1431e98cef02b3f0b4574208977ebb0899b1365b013d70363e21df300f4e0d,1661916-8da83aae375e.json
1664610,42136752131312,RV32_ISS,11,0,1020855,1428,126488,7350d85fb4aa114115ca52ec15a5aad417bcb48c4201652d37c25bb44c675faf,1664610-c2bdb10b0558.json
1665089,42137561123333,RV32_ISS,11,0,526615,1428,126488,a4c0d4b7dc4fbda5c35c7ded65720d09692c50cadd9e2c0e5a116a2f87c1dcaa,1665089-78e09f605614.json
1666289,42137653122131,RV32_ISS,11,0,563799,1428,126488,235fb7c05dcaaaab2d55415c3d92263ecbb2faaa0386bb81b58eda0bd294b02e,1666289-bc23bb7e18d0.json
1666315,42137653132121,RV32_ISS,11,0,545627,1428,126488,951fa164acddcee0f94fbf97c6f3fd4f54c62e4f09ea150392a19079f2a8bb32,1666315-50859bc4397f.json
1670767,42157633231322,RV32_ISS,11,0,840683,1428,126488,3636b6e4cf498789a3ac04d190a3fdabddcc580f30859ef5b1c6082c3d1921c8,1670767-d9cdd9d176ae.json
1671627,42163751121212,RV32_ISS,11,0,680845,1428,126488,add192ffeefa7aad4cc2eb5b2350625e63b683b85496acab41b63496508491e6,1671627-91f85c6aebf5.json
1672939,42165373223123,RV32_ISS,11,0,389250,1428,126488,d357c097e6e6fd2850a48d34ad691e3c21549e5396d734dd2594f34ba92b2e4e,1672939-9292f88b5fcd.json
1674818,42167532131333,RV32_ISS,11,0,1031545,1428,126488,60a6eeba7e2b50216ba0090983cbd01bb9f750dd0b97dc0819ad004c379925c8,1674818-eb027abc2bd2.json
1680111,42315673112111,RV32_ISS,11,0,576189,1428,126488,7410ef056e9f1ef43d9f9f5860199933de3ba928b3b22f93da34a97b56502c09,1680111-543de3a06527.json
1684083,42351671212211,RV32_ISS,11,0,797916,1428,126488,ee6e2663c256e6a106cd4cacc78c79ae4b6cca586c847f51a81d3272975ea7a4,1684083-5c0a3db7a6cf.json
1685342,42351763231133,RV32_ISS,11,0,1447564,1428,126488,a32667f624d01241c03db9c72f4f5775fa9dce948f2031a1596c79aba7722673,1685342-4da7297edaf8.json
1691767,42367153111121,RV32_ISS,11,0,574240,1428,126488,4e4dc8c16d435862b519e676892e3509afa0d3ecfcf11133a6321a09cd873c0e,1691767-b638f3a6e175.json
1691848,42367153211123,RV32_ISS,11,0,640816,1428,126488,30fd2de1e702c7623d89a444dadc59513956b102ea4769e7e7adebbfb8e389e6,1691848-c45feaff7a5f.json
1698966,42516372233111,RV32_ISS,11,0,766896,1428,126488,61051cf5fed8ddc70ddade6484bec0a006ba9837b6a9bd80d081daa6a98fd35f,1698966-590022476ac7.json
1707283,42561733323122,RV32_ISS,11,0,395510,1428,126488,0f8e4e559bba2ef7d30182a98929bf22aefd20e82105915904fee6ab9135ba1e,1707283-a62407b204f4.json
1712876,42573612323231,RV32_ISS,11,0,536552,1428,126488,1b723a551717406612eeb46ee0825cba7889cebe00ad526301d69a46a533132a,1712876-d90788d900fb.json
1713110,42573613322231,RV32_ISS,11,0,499143,1428,126488,c6356f2d1239465f994307426aaa251e651555947cef566d49ef68ef5367a7b2,1713110-0e33e3ab010a.json
1715034,42613572313211,RV32_ISS,11,0,1643130,1428,126488,8f87196ae5b772b91775a7d7d35a3d455de06253c27b0d407e76684936d24b42,1715034-73232e9a37d5.json
1716254,42615371313332,RV32_ISS,11,0,955404,1428,126488,2a20371836fd7b51e97a344b1e156d2e71820b051abc96120d5927cc6d728dcf,1716254-fe31f51c71f4.json
1716414,42615372213311,RV32_ISS,11,0,1120899,1428,126488,ac2985bf3d2fa9c775db3a86e460c9490a52d14d2b092b0797e2d15beb905549,1716414-50c26c278d06.json
1716420,42615372221213,RV32_ISS,11,0,605101,1428,126488,e09396aa44a21f9adaa138fdfc899221bc3fb8db60c0da1b1be4af6687100940,1716420-b9a6dd9227c9.json
1716492,42615372313211,RV32_ISS,11,0,2121643,1428,126488,13d2991f81271586a287845b1e704a8a68f3c7fce02f6c28caf8251c7f4c1abc,1716492-36225dd27f5b.json
1723704,42651372213311,RV32_ISS,11,0,585391,1428,126488,316c51d86344f7a113ed80d1fbd27789221c9332a6acc62fbeeed1f9457bc1ff,1723704-27a4c4aee474.json
1724734,42651733311122,RV32_ISS,11,0,805619,1428,126488,4610f7b763789f64dae8ac13f4969699fcd99327dd21dc0c7fe55f89e875bf43,1724734-638b5b091ff3.json
1730306,42673512232133,RV32_ISS,11,0,754926,1428,126488,e0d00114e67d88d4e50bca9166d49fe8ae973684e3e5dfaa6724c633780bee89,1730306-7a83bc7d7e65.json
1742018,42751632321233,RV32_ISS,11,0,1282248,1428,126488,8596c84b28648dbff12a4a4ea4404fa2dbbad142c0df17f7efdc4544804f6a87,1742018-32ae24ec1e1e.json
1742036,42751632323231,RV32_ISS,11,0,830670,1428,126488,67e6cb7ccc8c489c30d0f3259461ef5bfe579a532c37413a0a5e24cae139fbb3,1742036-6b5cfa9309b4.json
1751379,43126572133313,RV32_ISS,11,0,771141,1428,126488,67cc6e523bc05a78ab118f2afbb0f646db0ba8f9a7233f0acac88b4d994f1419,1751379-cfe184fb6a75.json
1761411,43167251232212,RV32_ISS,11,0,629061,1428,126488,5c3341676a4b90bd6a5ab630304421b6856d551ad2de58c10157dadbc7cd38e7,1761411-91733f07daa3.json
1765928,43176252123131,RV32_ISS,11,0,849998,1428,126488,4754aa69f628a34376fbe6f2e93107c06a31fd2191aa37df82bec1c227f47f60,1765928-b2e70a3c6b28.json
1766045,43176252311132,RV32_ISS,11,0,499997,1428,126488,e347be7e5a113b18038753f198657774cc6cebd0e4951cbab0ec1b68c5b9ce9c,1766045-58d08546cb31.json
1769104,43216573132121,RV32_ISS,11,0,552048,1428,126488,66aa61dcf863be3e87a2921c57db82be423e7a33650ab68a24d7b32562977354,1769104-ff9ae375ba3e.json
1769107,43216573132223,RV32_ISS,11,0,538934,1428,126488,9e4e654dbc7a57a478f0390aa216f46105974a23859e42cdce80d0c69408c6f1,1769107-32c5ad259278.json
1769136,43216573212311,RV32_ISS,11,0,543288,1428,126488,ee0b2cf1c2e95e01a27f086eb650186527a629e23b296b43b9a3afae68d10097,1769136-683f01771ded.json
1769138,43216573212332,RV32_ISS,11,0,689337,1428,126488,1dedae947d08474004e81e44c98342c5c35f086730c7aff774a5952bf50cded3,1769138-a52cc91d5334.json
1784780,43512671313332,RV32_ISS,11,0,535015,1428,126488,fcb50e2fbc871437667fed09daa89fc4ff4d1190b5e0a0d09702b0c830816f1d,1784780-318996747549.json
1793032,43527612312323,RV32_ISS,11,0,541747,1428,126488,b32c0c008d6b8928859de3e82cbb3ffe3bb158152982087e52608697b135342f,1793032-a806bf0c8357.json
1793340,43561271111111,RV32_ISS,11,0,1666768,1428,126488,2724bfcf533fa2c13b80846090ed7aaad4e06a3bb1f2f2cadffd86cf6905ca7f,1793340-2115b58545a6.json
1797997,43571262122222,RV32_ISS,11,0,874525,1428,126488,d262e7e95abcb8fc0699152734c01fe164c372d3e1e3c6b5b14f31f42dcae7ee,1797997-779ffe8b7acd.json
1799172,43572161111111,RV32_ISS,11,0,836099,1428,126488,6d74c2611b007afb3bc12aa81cd9bc7bc819eb4f7460921db3e1b3dd2ad848d0,1799172-f78aeac084ed.json
1800322,43572612312323,RV32_ISS,11,0,907903,1428,126488,c354d7b320e4636546f777f56db71a074edaba77a38bde9ad3e15e6a80d78c8c,1800322-8825eda81a0d.json
1801408,43576211123222,RV32_ISS,11,0,625923,1428,126488,a04aacae8c7832d90ed90c293335abf3471ac6dd74f8b98a4e039034316aaa46,1801408-9fa880f3f8da.json
1801616,43576212112232,RV32_ISS,11,0,831881,1428,126488,90e7dea3ee46c56628f418e885557c7668e47cba0a3274f8721ec3a30d833334,1801616-4bfd3ff45447.json
1803786,43615271333312,RV32_ISS,11,0,448003,1428,126488,7f87a99fd9dd627d71462270ed0d9286327ada701a5bca25a69e81375ca0e00a,1803786-e28f1fa32aed.json
1803814,43615272113321,RV32_ISS,11,0,704770,1428,126488,1791c06d9626ab00929b089c9de5b3332fe0f5117e48e5a364580757c1d882e8,1803814-ab11f5b5504b.json
1805863,43617521223221,RV32_ISS,11,0,579163,1428,126488,aeade0b552e0e6f70fed18f4bb87528428e2a554d8e3721eebb3dc09b47bfd48,1805863-df989d358060.json
1807540,43621752213323,RV32_ISS,11,0,1358322,1428,126488,c9def90a7c2b86b77d4a73e46aa095fa9c1abc81ca7f27bc05e076af875f737b,1807540-2435c18c73f3.json
1812017,43651722323132,RV32_ISS,11,0,711892,1428,126488,d2acd83f6a331a8dbcb417ab073e9cb6b76488ffa07a937699d7492e130b0ef9,1812017-78da6a6a6323.json
1818487,43675122222122,RV32_ISS,11,0,989269,1428,126488,91841217d8bd24f82d12b47451357b34562908ee567a3bcf177e1ee37b2a3eee,1818487-08e92e4c4dfa.json
1818971,43675211221331,RV32_ISS,11,0,603884,1428,126488,d8ebea42879584b1ca4f0802989ba0bd420f993f3a15af63f5927cfa99be7257,1818971-f7eb6eb96299.json
1825314,43721653231313,RV32_ISS,11,0,620606,1428,126488,f7d5ebb04ae711babe24c98f6c0899af17b92b152ff5e723c1a6484685991a31,1825314-09b7150313d8.json
1829598,43751623123313,RV32_ISS,11,0,1199690,1428,126488,213c3cf522fea228300ccb3cbb9e5720a90b98448b804b4ea9c1b9f69bc55df4,1829598-90757dc258fd.json
1836712,43765212222122,RV32_ISS,11,0,1384731,1428,126488,07993d8e41909218953490904fb51837f32a814d826167b755ef8057fd34177c,1836712-67e5f07df8ae.json
1850162,45167323322231,RV32_ISS,11,0,448271,1428,126488,804efd712c711dc15aa4be89ab8566dcadbf86126168f942250d55af5ece8465,1850162-153c04d43c0a.json
1853178,45176231131313,RV32_ISS,11,0,1436312,1428,126488,3a50ad4bee7b23eb79599d104b03d60e242cfd54a6404c0904aa6ca1b0f9dabf,1853178-ae50e02f32bd.json
1853190,45176231133113,RV32_ISS,11,0,979667,1428,126488,caf644a94fb27e7039ff8d7882ea6d87cd829a36b3435b906f4ac9e6cf8f7634,1853190-bcf3580827f1.json
1853334,45176231331113,RV32_ISS,11,0,1047819,1428,126488,501917d3efe20a78723e49b8a96e20fffcabe1125f83f7b80c9a050add793166,1853334-b504a95a35c3.json
1853658,45176233131113,RV32_ISS,11,0,1884599,1428,126488,0215cc9423ca84d04604e3512c3daf45ec10b17c96e51444963796eef0ab5714,1853658-77d2d1a00097.json
1853903,45176321131133,RV32_ISS,11,0,1606365,1428,126488,f068a41f8cf4f34e130e09148dce68dccf051ef1ccca7f82ae7ac0732a97223a,1853903-edf0d02083ff.json
1854928,45213672221123,RV32_ISS,11,0,514912,1428,126488,717dc7d57ae79880e23f1af7d798d385ec290d5f3ba3c66248575a2ac21c9822,1854928-f1f83211b39a.json
1869517,45273162222122,RV32_ISS,11,0,819147,1428,126488,763ba48c8f744b859aae5031c9b4a410e393fd82502f22ce2182a40f2678bc3c,1869517-1acd3ff2d65b.json
1870670,45276131131133,RV32_ISS,11,0,993205,1428,126488,29939b2c2a9ef07ec26a4b67cdba31109e0adc9c2fd1f5fa2f337f01047380cf,1870670-a9667270f381.json
1872195,45312671222312,RV32_ISS,11,0,451254,1428,126488,fbbacdb5f7b3891b59d1be6b7fafe5c06ccd0542c37d75d3563a2ecee7319d2e,1872195-92b9a2655e8a.json
1872449,45312672223331,RV32_ISS,11,0,1086029,1428,126488,6a662349f210cd96c02c9c6d4a9ae88d28f3eddf098e360b13aa4f72bc0ff749,1872449-825949bf6215.json
1872475,45312672233321,RV32_ISS,11,0,922891,1428,126488,1632c6bf4850ab128e2a8c9c7a922313c010a2419ce41f757855dfbfa0bf3cae,1872475-d99ae284a098.json
1872498,45312672313211,RV32_ISS,11,0,1899372,1428,126488,7b5c6c03a0201b8cdf8f7c9336252b69b631fad3e72f99d1840e590ed0ea3dc4,1872498-a7061a9750fb.json
1872627,45312673132313,RV32_ISS,11,0,1002098,1428,126488,68f6cea16e06adb01428926f91e2da99355aa0a55aa7a8846c94ea45a860b89c,1872627-f7dc65e08f2f.json
1872675,45312673222112,RV32_ISS,11,0,528425,1428,126488,fa40474d06ebb64da7b0dd91212005a9493ccdc1f030dadc6ef660a5fd4b2807,1872675-3b8f00dd64db.json
1872699,45312673231313,RV32_ISS,11,0,831090,1428,126488,a9a8182786bb2d1204891e8dae59ad9eefd8dc3845072cc9f9da5dcfc4587acf,1872699-c5dd970d5c20.json
1872822,45312761113211,RV32_ISS,11,0,642499,1428,126488,0987684023cfb9037cf8a365c2417be64410e0a8d23f3bb44a0dd6a9db42ec7f,1872822-6e24fa65bde2.json
1872879,45312761133311,RV32_ISS,11,0,681202,1428,126488,20ee7ed5cbc433e9666b21d55525749fb2d9e7fa0dd943df8e1c9b78bad6aef6,1872879-eeab1e43be0d.json
1873152,45312762221111,RV32_ISS,11,0,628429,1428,126488,374ac3d7e60fade49096054a086553128edb1ebc37269a2be7196b1f1aa4e5f0,1873152-32b15568ad3a.json
1873206,45312762311111,RV32_ISS,11,0,667520,1428,126488,dcb2c014c1ea31015f5e96a5da5ffe2d29aa47ec6038fe0c110e079e7ef97fa7,1873206-7e1c6158ee41.json
1876539,45321671212211,RV32_ISS,11,0,1010473,1428,126488,eea79f30e76381ef1a62869c6b9ce9131152488bcfc905e1c545ab3a3185e346,1876539-b10371fe25b6.json
1876555,45321671221121,RV32_ISS,11,0,881653,1428,126488,f335cd20b4d272c0726cdb4b20523a9db5da2a5e008a2b3a5ef00a0dae42aa66,1876555-5926f0b64f4c.json
1876956,45321673113311,RV32_ISS,11,0,1457609,1428,126488,ce18637f4c0b97c3663ef43b05128abc93f7ec690177dfcac4d26bbfc7cd4ad9,1876956-39c4615df828.json
1880458,45327612222323,RV32_ISS,11,0,681310,1428,126488,90d4ffb3c581e3e4de31a0a05acd45a90c9ff620e942f258c3127fe88e05f6a2,1880458-d81bb295c583.json
1883290,45362712122222,RV32_ISS,11,0,1134998,1428,126488,e60cecbb7e9ef20330b0193e46cef69f32f9e9630cd65345dfa3f87155a40522,1883290-c43728934f4b.json
1884107,45367122223133,RV32_ISS,11,0,1094912,1428,126488,ca3f9bb8db8daf9ee30594713c3e96321fe21df383337724989726de8dae0768,1884107-a402be982cf9.json
1884467,45367211111132,RV32_ISS,11,0,796061,1428,126488,102b1353553879dcbbc488b9aaa262983e033b3c3eb58f2e70d14d34f6ce462d,1884467-855aa3141ae0.json
1884547,45367211211122,RV32_ISS,11,0,1096039,1428,126488,5d4b4c161267b5aba6ba3de561a4fdde184cf8ebe12b3537ca8e60a43fc92ec8,1884547-02b89a4fee5f.json
1884953,45367213111133,RV32_ISS,11,0,735522,1428,126488,dadf1af0375a2ccd880844c9bf9b45888a6082d8c2cdc5731b1841c5f8695af6,1884953-02c7fb839875.json
1888166,45376121131133,RV32_ISS,11,0,1047858,1428,126488,f848e8651fab017fa79319b6f88f1f1aca67701810cfba3d0b0ee6fc05ad0d52,1888166-f033a94a9acb.json
1888332,45376121331311,RV32_ISS,11,0,660815,1428,126488,e794e0321177c185af007d7f768ea534e21f78e1fd1543078c05be4dd5030b17,1888332-17426287dab9.json
1889074,45376211333123,RV32_ISS,11,0,553054,1428,126488,526ff321c5f76de6f5b6e4f1cad2fb218c93eeb7e5888c6eeb90b40f932d6ac9,1889074-1eda16ffd54e.json
1889386,45376213131323,RV32_ISS,11,0,942101,1428,126488,b1193faa55ff349c7e075c269c40de1804e0ea43756fed3bebe042199743a4d6,1889386-8b0ed131c576.json
1889566,45376213333322,RV32_ISS,11,0,625708,1428,126488,91ea59cc5adc8767587caaa76af3f768dc508be273cdb4bca81ab617f1823728,1889566-75b5d5b59942.json
1889644,45612371133221,RV32_ISS,11,0,708064,1428,126488,0f2920a5410a236dd4847dd4bc7cd13e287f1bc94e5f586ee1b47809b32e8bd6,1889644-b85663fedcfd.json
1890028,45612372331121,RV32_ISS,11,0,517659,1428,126488,ecff3b3a4cedfdb70f5312d1096707d4a60d6db0364885018d6918eb578eb3b5,1890028-b7632c00a259.json
1890068,45612373112231,RV32_ISS,11,0,617139,1428,126488,7b0a43db948be3ee3575878129ac698126700053d54d7ac3f0b8e83b0f8b6b26,1890068-0741fa266fbb.json
1890118,45612373132121,RV32_ISS,11,0,576955,1428,126488,6d0cf93c3e9301b9fa1ccc678d007c1a394ac4c5e0116b015ff71e2e812c9619,1890118-1093c39cdeb0.json
1890121,45612373132223,RV32_ISS,11,0,570272,1428,126488,ae27e255c1784be7205da3002731ce0781cf9bb07e675ea81b59bf39d48936d0,1890121-3150a1da3fa0.json
1890252,45612373322111,RV32_ISS,11,0,550622,1428,126488,f8235d650c6d4807e63ab290ecc3c930f950c4d2fb91a173bc97131f42f7c145,1890252-b10463ff6ed0.json
1890280,45612373332122,RV32_ISS,11,0,440863,1428,126488,496b34b4d41fe056616d6daac31ead7829c709f4f67b6ae71bf31466b5951220,1890280-7d0abf741196.json
1890283,45612373332221,RV32_ISS,11,0,559634,1428,126488,3cc330b70b1f039909fff15985fbf368d2367fba0803741bb51413ccc14d0922,1890283-a5aeacf513ae.json
1891246,45613271331221,RV32_ISS,11,0,500694,1428,126488,dbabe8edfb70c53e3e4533a9f4eca8e0df36678a352c1dbe8631466c10784ef7,1891246-5269753c2cd2.json
1891422,45613272233111,RV32_ISS,11,0,1349264,1428,126488,2ada4f8518a081e0f062c17ae3f9ea8cd9ad5d80b84cda7d8fd73f0466dcd52a,1891422-44138c755901.json
1894481,45621373123331,RV32_ISS,11,0,799222,1428,126488,f0331fbef87bf46bfc9dd5992547754475b07e1ac66262cb93b0471602170835,1894481-60d9c063d35f.json
1894509,45621373211111,RV32_ISS,11,0,859662,1428,126488,bb1a7002844ec089495809d4c8d1d5591fa5b4842f0512ba8fbd8d48fda5ea1f,1894509-a962eb877c00.json
1895005,45621732212123,RV32_ISS,11,0,818059,1428,126488,ac81619725f1b55d11dab41174781e503fc44663e049e464341ddd85292902b1,1895005-a9e679bd197a.json
1895075,45621732233333,RV32_ISS,11,0,710363,1428,126488,a7fcfdd7cff90d0e222be0028f1e9b318f720087ff02e1e5197f7ccb8fe12a2a,1895075-4567e8d2fafd.json
1896598,45623712332123,RV32_ISS,11,0,614852,1428,126488,786888a5a0ada4d6a04b02be9f2e2f42f20fe6cef82d529d217d60db54a17f50,1896598-3b2851f95a8e.json
1896820,45623713322321,RV32_ISS,11,0,447947,1428,126488,47817081505b673b4f480c281a3582253bbba44a545d63be9e6e1bbac37297f1,1896820-0084a389b1ca.json
1901782,45637123132121,RV32_ISS,11,0,568206,1428,126488,73e7074fbf9e02a78ab8052aa1ca9aeaf53c35d1778c92885ae78fffbc2dbc6c,1901782-f0f4e897b7fe.json
1901944,45637123332122,RV32_ISS,11,0,425080,1428,126488,b2605a90686ee59899015422345f3e6d7839eacdf0f2968a6181fb98c33a300f,1901944-5e3ba49019fa.json
1902758,45671231132231,RV32_ISS,11,0,508642,1428,126488,2a3dd9e36b80da40f41741470ebb2f259765301148e0c7a2c12f8987bd2c2b81,1902758-5a07a6b14d46.json
1903187,45671233112132,RV32_ISS,11,0,483614,1428,126488,ba92c67182099d4615ecc8a499d9134d521efc1c3a0e5f008ea6ef379d668929,1903187-0807cb8f50b2.json
1906670,45673212212132,RV32_ISS,11,0,530680,1428,126488,f78e48187c843c1dd909737e556938a2cddcd7c955aa22c05965851b87d1e146,1906670-bffbd10d7e3f.json
1906906,45673213211222,RV32_ISS,11,0,722789,1428,126488,e06a23856a1fbe7bc3f78b1be2361fca8bfd75f961cf4e6afb6ec1b9f07a66b0,1906906-b62aa6035e62.json
1909865,45713623223132,RV32_ISS,11,0,506941,1428,126488,dfff1743b1de13043c33882874c24d36984602b959fa407f72b2e696dd6f8be3,1909865-273da0f9e8c4.json
1912119,45721363321313,RV32_ISS,11,0,704064,1428,126488,54516a103b917b27081a28dd05781f4e43922ec3556ca6479d42968e6c22b493,1912119-d17fad99c2d4.json
1912127,45721363322231,RV32_ISS,11,0,627394,1428,126488,2502e5fd707bb8564e68e2d1aa6f0d9680c840c45c71a39244a80f6de7541060,1912127-50bc97f56a45.json
1918402,45732612233321,RV32_ISS,11,0,421427,1428,126488,06ceb91719b92d4948833c78295f5030bca227c22b851223447cda8b1d62fb53,1918402-2aed77b32fd7.json
1918767,45736121122211,RV32_ISS,11,0,1243293,1428,126488,1d05b8d0e2bda16b4d6c12e52c33c97a9c9e5659f6d9211132b8b6072ef31fd3,1918767-ca9635d13028.json
1924560,46123571111111,RV32_ISS,11,0,1826895,1428,126488,ba6875a59c8e1e40402a7d15a42eb494964f9cadabbcbc7e645a351ec67beaf8,1924560-400a51d2a5ed.json
1925191,46123573232123,RV32_ISS,11,0,879725,1428,126488,e3e445f5b14913252583eac23a785402e839adaa5f7e1644f53390d3e49bac9c,1925191-358bbc0b744a.json
1926982,46125731333123,RV32_ISS,11,0,483049,1428,126488,3e8bacf25d9649533e3a812aa8bc663bdf04eed1e21ca3c63db3fe6a4fc00faa,1926982-00ff85e02e8a.json
1927536,46127351131313,RV32_ISS,11,0,812720,1428,126488,71f3fce51b9ddbb20b7390d1ff93be63f09e35b05f93d002762dc1ecb84822c2,1927536-9fae342cbf35.json
1927781,46127352131333,RV32_ISS,11,0,1362480,1428,126488,da87690778cfe8cba5c0004b6211e94641379ce0237555c36504f8ca0a2cf785,1927781-a3495cfc17a0.json
1928023,46127353131323,RV32_ISS,11,0,910705,1428,126488,02907a652de294131ddddc566cccc7f8ba4c9433dc9bf8d644afe882578f23b0,1928023-4876e248b255.json
1930713,46135272133313,RV32_ISS,11,0,994094,1428,126488,51e165b0cddfa77730d7e4dd26e441e3a0d0e32ee7bb73bea2542d7beb01be4f,1930713-59d7e9feb659.json
1935308,46153273131131,RV32_ISS,11,0,897165,1428,126488,c9f2ceb444971509a79837659a1921b6cadad4de7ab2ed0b3c43cfaf8a48306a,1935308-c1940cd2a53d.json
1936949,46157233333232,RV32_ISS,11,0,670230,1428,126488,5f08c5690823008c12e0bc2d02fcaf553e24ae1466c2d36467aa76bcfd8869b6,1936949-7537d5a3cdbb.json
1937174,46157321331233,RV32_ISS,11,0,727293,1428,126488,1c2bbeb19d9ff1f699ee6d9a0989be345708fc82cc43e9f963bbc0fdd3561651,1937174-a0c1a00021fe.json
1943788,46215372121223,RV32_ISS,11,0,437519,1428,126488,307642c9efa0b2f69c5ad6aec53ff9d6dd01dea1ff48a1265971640466de6fb7,1943788-86561a0252c9.json
1943940,46215372313211,RV32_ISS,11,0,2511675,1428,126488,0e7f9bfbed6af7ad9600827dd683b77f5b546965b7c8b0114a65109951e6ef15,1943940-6e091f296241.json
1954046,46257132211133,RV32_ISS,11,0,956315,1428,126488,e5e475fa1fe802b13e69da3947038bd84dd35d9c258e16984c51d766897fea80,1954046-ddb9fb84c31e.json
1955109,46257313312211,RV32_ISS,11,0,1152033,1428,126488,ffb85f62c9fce924bf239cf6788270313c399f48913ea24eb49c5f528b6b1c7f,1955109-92e2925f7c5a.json
1957650,46273512122312,RV32_ISS,11,0,665562,1428,126488,0edfc7897c65f8d50c7eba8afa4de022ad080dd95a7fa45adbca6bf2068e5a86,1957650-19e97d55244c.json
1957962,46273513221212,RV32_ISS,11,0,602481,1428,126488,512c6e0db164fe0830b5a5c55a8c74f8a25b2558ce71e0019e81fcac73540706,1957962-85bac9d3c8be.json
1958872,46275311123222,RV32_ISS,11,0,480378,1428,126488,48400fa0d82641a04519bd87cc415a0d78d60432c16bb4c1a3e2246894b4f397,1958872-f3e369967e89.json
1959080,46275312112232,RV32_ISS,11,0,650025,1428,126488,a68b35dce50f4b31d9813fdcf6620b6dfcc0d7d7e8723accd4fac4820a77f376,1959080-069b56fcf57f.json
1959132,46275312132212,RV32_ISS,11,0,798604,1428,126488,21fa47873836bbde6f79eca76874efd60749834f4ed1a406b0cb0295fa784c0b,1959132-8856d3797cc7.json
1959212,46275312232133,RV32_ISS,11,0,836569,1428,126488,797d7f53e4187e61164d6869e04dc4f1756c140d934e47b5d9cae71e3935e14a,1959212-5a90840db4c4.json
1959249,46275312313211,RV32_ISS,11,0,1267334,1428,126488,7eafe224d40d89f65754a0493a4f7cdfe0651f0b4b99c8b0922394d186f19db1,1959249-9bde35ae72cf.json
1959340,46275313121222,RV32_ISS,11,0,928492,1428,126488,4d0ed09b5d2616c3ce946ea6665bbdd61beab207b177e593532c7d818b8536a8,1959340-88ea8abcc5eb.json
1959483,46275313312211,RV32_ISS,11,0,804707,1428,126488,73c96096e20131be7b2f29710555ef117d69458ae37b8c1115f0a1e9cd62b361,1959483-ed4c5a042e4e.json
1964900,46321752111131,RV32_ISS,11,0,926667,1428,126488,cd65323177f54f172b73648c47ca5c682ceb2bf8b6961c9a4b350581e44aca5f,1964900-6a2d1274966f.json
1969844,46352171211233,RV32_ISS,11,0,703016,1428,126488,1589602f9d85f00d627535f306bf109824f43687192898efe6c1171d64b906a6,1969844-e1234b7113dc.json
1970024,46352172113231,RV32_ISS,11,0,556865,1428,126488,29d2c634eb6fd97c234d12090bd85aaab1f10c2129d24fd093c0accad8c0be89,1970024-5f183edb13fb.json
1974977,46372511221331,RV32_ISS,11,0,489367,1428,126488,086bca098c25ff6de3a98f9a7ab0c896f80176d98275dc64356c89f9bde06890,1974977-99ff4056e740.json
1976408,46375211211332,RV32_ISS,11,0,510979,1428,126488,d1c0791965aabc2c5015d129cb7156f10c669ca7e6a59c35f140bd71c3f5d428,1976408-f6aec3f277d0.json
1976580,46375212113111,RV32_ISS,11,0,778143,1428,126488,2f0b22f4c334bbe86f1ca24d73be2940bad64120b0e722afaed58bdd1c50b385,1976580-349f36d0d375.json
1976627,46375212132131,RV32_ISS,11,0,615617,1428,126488,b645769406252ab13762e27447c6c635e6e245d3ffdca8e5630dbd4b8b2edee6,1976627-8cce39d7cab8.json
1976629,46375212132221,RV32_ISS,11,0,513322,1428,126488,2f28b1f2cd6353d2edd64b262e56110c3a81fa9f0e5ee8037bf250c717d2f2a0,1976629-28474ca98308.json
1976791,46375212332222,RV32_ISS,11,0,777711,1428,126488,b42ee541542502419b1236ae26645d5f076bdb252692160bba28cfa7290042cc,1976791-307bdb80e406.json
1976814,46375213112111,RV32_ISS,11,0,676427,1428,126488,d90f5503188f039ff0efec03f7686bdbb2b0819c812981c63a216ea929d3fbed,1976814-b4aeaea83af4.json
1976851,46375213123121,RV32_ISS,11,0,534396,1428,126488,68279bdd2ee5b2c569670fed31e7927438097c5c868a2ce6ceb6904f36336e96,1976851-6af30d6d4a1a.json
1977040,46375213333121,RV32_ISS,11,0,402265,1428,126488,8589aaa01aac00d1ff1917a21b9f8ac92bd6958365157b1e04080f557ffe8653,1977040-38cdc4de7176.json
1977268,46512371331221,RV32_ISS,11,0,457276,1428,126488,9eff758c20d1a0b9e92a58c169462c001f7c64ed1cf0e33f13038d9b0eec1524,1977268-b795c72290cf.json
1977316,46512372113321,RV32_ISS,11,0,1336503,1428,126488,e305e1f6ef0c44475071e56bda6980e918452ae0d05487c3adbadee130e29469,1977316-1ffcf31a4883.json
1978974,46513272332111,RV32_ISS,11,0,498886,1428,126488,437f6f69bc5bd0b3756e8a835c0faf6ab95f8a8017644031ce45a37919f9a8b5,1978974-59e1e887576a.json
1979014,46513273113221,RV32_ISS,11,0,568171,1428,126488,aeb323271f8eda12413d15fe6f29bdc715513a7f166eec98437070dee29d8a64,1979014-3f99a3887a80.json
1983833,46523711331332,RV32_ISS,11,0,435891,1428,126488,79f7b0c235af16a0ce6178f650e77895441312a2a19b058331aa59a8bd1e33e3,1983833-a4052cff5d78.json
1984825,46527133111121,RV32_ISS,11,0,505659,1428,126488,11564cefe7fc1f4501fb7c8aab7852c195769475e610358098405f3d9bf068b9,1984825-32c4e3cdb80b.json
1992484,46572311223122,RV32_ISS,11,0,501099,1428,126488,be60fe02b248b7bccde32f41afd51890fc15aa17d9ac998ef2ae729e66830408,1992484-3e38f6ba3ae5.json
1992664,46572312132122,RV32_ISS,11,0,536662,1428,126488,a2c8785a45534ed9b9a378402816da4d537a956b8f48957d765383789b766159,1992664-bdb63901e889.json
2000184,46721533123313,RV32_ISS,11,0,1253466,1428,126488,e66c86c3c17415f0789f01d115087079d92cb702f36ead9529793324f32cb155,2000184-53eb02002a60.json
2012429,47123562232133,RV32_ISS,11,0,1345219,1428,126488,067e4d1f85caeb811da77df4e7926bf1022159df10822fe05c4ad035a52359c6,2012429-cc6580098a55.json
2012927,47123651233232,RV32_ISS,11,0,335397,1428,126488,a743758ef054b5659ceaf8300ab38b9dc1257d9e664bb4909fcba5930de5aff9,2012927-8e1f79dac536.json
2015114,47126351233232,RV32_ISS,11,0,443561,1428,126488,c277466cfd555661ca94cbfdf30bc6b352d0be8900730e4c72ff2ebf9d2ed4e7,2015114-dca431ef4aef.json
2016002,47126532133133,RV32_ISS,11,0,616900,1428,126488,57d48ad667d61ca69ca4fae297e13fce054ff4fa3ab3b98c98088c10570adf63,2016002-4f63a4d612e6.json
2016819,47132562311111,RV32_ISS,11,0,755341,1428,126488,0e774a60cf02c24f6861222afcc288fe8b112fab0cc375e9b3fbbef5e157ac6a,2016819-afae2d6a52ba.json
2017025,47132563222331,RV32_ISS,11,0,761206,1428,126488,366b796a5ca6bbaefd3dd56f9c8a414c2ec0bca17b3a7cb00fb35710164181de,2017025-e5cb5a26d8c0.json
2017546,47132652233321,RV32_ISS,11,0,1055438,1428,126488,4d7e468ef89a80e2f3883362e68f99ebaadd13fb96e17d832e718c7c97ddcca9,2017546-02118cda4644.json
2018915,47135622132332,RV32_ISS,11,0,699092,1428,126488,157d831b368791148c441a6c1d54e5692878f760ecddaabd4a0eb18e516dc6b9,2018915-8001157907cc.json
2019645,47136252133112,RV32_ISS,11,0,832043,1428,126488,00009852074c3d24a80444187a9241d06af3854cb53def5de103cef4e53e2526,2019645-4bbd848c88fc.json
2020946,47152361233232,RV32_ISS,11,0,318814,1428,126488,af0c45533b8113d03a31a0f723b57bced720cf536f30b8720a6ed19e95ab81c1,2020946-c8df406fafa1.json
2021717,47152631322131,RV32_ISS,11,0,492875,1428,126488,3592ed9aa224b519b3945c4c33ec471a2d17bab44d7d0664d2a4d3712703e868,2021717-a8826805d114.json
2023935,47156231332313,RV32_ISS,11,0,737976,1428,126488,c97c89119c630d19c0dfece0ecb3b033680246bf4540467c0543deb14bb42caf,2023935-69f154bb67f3.json
2024273,47156233211132,RV32_ISS,11,0,729315,1428,126488,19edcb85f6228c4adc4f27279d66cba87b5e71514cc611765824780be6022d65,2024273-4c702c5445c1.json
2024322,47156233223312,RV32_ISS,11,0,524690,1428,126488,e0a95f51b293f0e63e5f9cb0e20da1e70548aac071c9db6c5c8845d978b4c562,2024322-2cb37e4b9fc5.json
2024343,47156233233113,RV32_ISS,11,0,976177,1428,126488,18138b1bd2c679863edc49cda0fbe83076f3b5ee3fec7846771153b3387b6941,2024343-7307f8b45de3.json
2024394,47156233322312,RV32_ISS,11,0,451616,1428,126488,2abf5bae82bbb4a3fa1d55f7cdd8313597350186819bb611ff51d6df531f9a54,2024394-b62e8766d1bd.json
2024433,47156321111111,RV32_ISS,11,0,897607,1428,126488,eb5a614bb1e4886a5921cae65d1a3997950617479cfffe2c6d37acea782b0684,2024433-c442dd87517d.json
2024511,47156321133311,RV32_ISS,11,0,862109,1428,126488,f62c347e7d426ae1ea5e4578b6d18c4d2f9145473c5452d75fbcddce86f7844b,2024511-30eb8cbecc06.json
2024745,47156322132311,RV32_ISS,11,0,798388,1428,126488,e200c3098804726a43fd308936ca807383f31876214e7abf52f2951097898576,2024745-e6499715a2a7.json
2024861,47156322313232,RV32_ISS,11,0,439180,1428,126488,144fdadf2572772581b85caf5bc37c8297ea08ded1187554d15acef66a143028,2024861-e17c2e5c9d90.json
2024903,47156322332132,RV32_ISS,11,0,436602,1428,126488,9b47323949e9dacf5b2fd7c08531eca0f7ca2c049d177484d54c60ee1a70cbe4,2024903-c355648ff19e.json
2024907,47156322332312,RV32_ISS,11,0,433712,1428,126488,d5b391e61cdfafc97ad4876014fd589300ccd145ebf57b1dd76da4bb0f5f374d,2024907-bcaac21439ab.json
2025046,47156323223123,RV32_ISS,11,0,559161,1428,126488,9ac3f49095811bebca1b14071ae98bf9e73adfe27f7eed4671c31957c8d51c4e,2025046-ac62876bd842.json
2025361,47162351322122,RV32_ISS,11,0,395163,1428,126488,a48dac65161f3f429585173dc8141af6f85536726b6a0a8d2e7158739d54e737,2025361-5ce42c5cfdd6.json
2027650,47163522131222,RV32_ISS,11,0,594210,1428,126488,6ec9b8babcbaca40e17f8d83a811a261b54864260c4c851e85fc55740e440b6c,2027650-f75cec7b02c1.json
2028951,47165321232113,RV32_ISS,11,0,1134572,1428,126488,0ac4d0ab388ddcf06cdc19fbbea791246965077a4dff99569bd0b701945c57d0,2028951-c564b6b1b3cc.json
2029007,47165321322131,RV32_ISS,11,0,694323,1428,126488,d8a7c75f93a7a24645144eabee91115ef7f86d7b38fa829077d1bd42e5efddb1,2029007-6f15ada502d7.json
2029116,47165322132212,RV32_ISS,11,0,793206,1428,126488,464fe49206f7151a8ac3474422efd10601a60412abebc1823d65c6d86b6cffae,2029116-624b1c02a80e.json
2029122,47165322133112,RV32_ISS,11,0,1005674,1428,126488,f931616a2533f09a8536975683cfa273b767b928a347a36260d31c2384837993,2029122-6bb45604c0e0.json
2029196,47165322232133,RV32_ISS,11,0,1179035,1428,126488,f1ca4180c69a0e80b8ac6bc3c84aec30713261e22e9d3fd917bbbfcab22740a3,2029196-e04679d2b02a.json
2029233,47165322313211,RV32_ISS,11,0,1069393,1428,126488,7fcb7cf64906d500c76c29e6afeb631dd9e30cdef7e0f3b7f290e5ee1e67c6fc,2029233-eb11ace669be.json
2032757,47216352131333,RV32_ISS,11,0,927296,1428,126488,ba455405f144a9d09ea4f4c7a4a9eee684d3c61b2c8503ae73e1e816f61c6037,2032757-e025565dfe6a.json
2038824,47251363131113,RV32_ISS,11,0,841544,1428,126488,e1e9e28e762cc32e175e37508a1c1742c5a49a6bad946a8eb98f5f4895401da6,2038824-2dd68394dd20.json
2039316,47251632131312,RV32_ISS,11,0,920748,1428,126488,f4cf1588003e1d22c554e4b29b4b0411400726c1167c05d70d365e31fe1b54c2,2039316-b77cd00780de.json
2041782,47256133212311,RV32_ISS,11,0,580548,1428,126488,27664393d5d507176fdbd657fa9f516b123268e2f1f664e699dd9dd1ab84b825,2041782-7051ebbc15fe.json
2041880,47256133321232,RV32_ISS,11,0,786616,1428,126488,92ca121c55050bae5cd17aa73e7208663a7edb162763280d4ee93922f776198b,2041880-29ac435d7bb6.json
2046586,47265312122222,RV32_ISS,11,0,588497,1428,126488,9bf5c362a63f736739583475bb60870113b6f67fd1e95c5731c7310e89de2880,2046586-ecba1ca426e3.json
2046606,47265312131312,RV32_ISS,11,0,891440,1428,126488,60e12391033f2ed1572d8f3d915625b5858c4ffca7d85ccc4900d82b3a53e065,2046606-fe8729609ee1.json
2046729,47265312313211,RV32_ISS,11,0,2886065,1428,126488,b8591acbbf398bb6142c92421bc63b650861d22b9d9d0825e9bd8cb54b104622,2046729-695e05cc66e5.json
2052299,47321651311133,RV32_ISS,11,0,779612,1428,126488,e7c4e0a40a26511edd9e2eb3adbedcda481b7b89a661fcc2d02c8c8afb3dca21,2052299-7947dfa392ef.json
2058257,47352612123131,RV32_ISS,11,0,637158,1428,126488,8f0395995ef4036ca0c4e58ddc16a4fa86c25bd79328e7e3665cc18292bfaf71,2058257-15c3f204701f.json
2058374,47352612311132,RV32_ISS,11,0,652191,1428,126488,3ad86aad0ef9020ae4612bf3060f2263cf7b7ccea2cedbb93343a297ad73f007,2058374-4ab266e3a116.json
2058393,47352612313211,RV32_ISS,11,0,1895983,1428,126488,3eaa5e4b5c4a90e2586e87575f366c8b6eda1ec6a8a35de099f26ff99b27282b,2058393-50d120cda3af.json
2065678,47512632312323,RV32_ISS,11,0,564045,1428,126488,f99abdead9818150bacdc27c533d32e7264982cf7001758e65905cec02b51694,2065678-3678fe259d68.json
2087522,47621532232331,RV32_ISS,11,0,429891,1428,126488,f680073f22edb9bc0e3236b92a882a89fe2aea84135f513ec40f3dfa0214233f,2087522-c5c335a78cd7.json
2087749,47621533231121,RV32_ISS,11,0,597006,1428,126488,7aceb093580ae16fa8ffce78d77cb67ac5daa1043bfac3d9397d3ce3e5778d55,2087749-f94eb0200b00.json
2092633,47632152233321,RV32_ISS,11,0,703624,1428,126488,a9c182a095c4e1d9b26f642dc7acda0d47d6018bb61768a00545b3e9dfcf38d6,2092633-76831fee5ca4.json
2092812,47632153212311,RV32_ISS,11,0,771938,1428,126488,4f940c24ad285ab8c6db46aa18f6678ff6ca86ae01d573f748d18552dd871e85,2092812-93163ad8e8af.json
2092867,47632153232321,RV32_ISS,11,0,624044,1428,126488,8247a272fc5d122763f749e24f7ca35d7ec8d29abef75ba91b021137cc09e617,2092867-03629efca645.json
2093543,47632513212332,RV32_ISS,11,0,634123,1428,126488,853deab9ff7ec8055d695cfb017a40e4c0d330e88de0d3a975af51d0b60a8531,2093543-bd47a387806d.json
2096989,47652132231323,RV32_ISS,11,0,1049842,1428,126488,cd31a3e1467b5a5830062478fcb1298566ce886665b7e4bd31ccc19a4e4f4ac9,2096989-476b8ef9c76b.json
2099363,47653213211231,RV32_ISS,11,0,1007947,1428,126488,a0e30cdd193f6cee7670e6e2b3f248a604b7374aabc4ea2429362bb2b5da9b20,2099363-f352f5c8b2f1.json
2099421,47653213232111,RV32_ISS,11,0,535932,1428,126488,501d0ad7fa32a3b79625c55fd5f875a8b6f448db7bcaf8cacd619e58aa600aef,2099421-b102bf1f6747.json
2110480,51264731113322,RV32_ISS,11,0,589107,1428,126488,4240d74a88e1d0a1d93ad8e2d56f2992a0ff2313fd6076b37cd1502ee079da47,2110480-a3d3372cfe28.json
2110803,51264732213311,RV32_ISS,11,0,478570,1428,126488,c8573aae36d81a96aa1b6552115c5ddbaced52f00235de09eecfc529200e0267,2110803-5d3943045ac1.json
2111603,51267342312233,RV32_ISS,11,0,1500011,1428,126488,e4a734421ac102cfcba3314bd06e423fae12ed81cb16fb3dcd1b354320d74a41,2111603-ed6ad8faf098.json
2117098,51324671211122,RV32_ISS,11,0,552132,1428,126488,4913dfa6c1ec407aec305eab808aedf1dc445d18373d6da3dfce22d916bf9273,2117098-d75aa0a08180.json
2117349,51324672212111,RV32_ISS,11,0,1122838,1428,126488,cd9ac96529fa288c113cb40d1b425a2c32bb5a7beafa6f0b1209a482b65653c6,2117349-e59e4f702ac5.json
2117526,51324673113311,RV32_ISS,11,0,976645,1428,126488,232267b65e6c770eb4333c9bbdb31673e222b61880abb1681526fb8acae98844,2117526-3fbc107217e4.json
2117746,51324761111123,RV32_ISS,11,0,707800,1428,126488,f1ce24961aea3d06471b4bc04738b3d4f8b10970fe5ea410abd216f676df69b4,2117746-8a1c1958a820.json
2118257,51324763113332,RV32_ISS,11,0,548226,1428,126488,e8219bd6666a3c9dc561c96ddf278e2cf41c01914806bfc5ed78074bde6bd2e9,2118257-0348de7af090.json
2121723,51342672212111,RV32_ISS,11,0,1066132,1428,126488,b90763eeb3f81a127f9ad3da8a78bae25a0fbc9e0dea6ed65446d1cbec2122f3,2121723-f1fae06e0967.json
2122780,51342763312223,RV32_ISS,11,0,3899099,1428,126488,533dc2146fcd62378667d51a9d61fb7b045f39163cb4a50e1e3226272fc01667,2122780-7e91e983c94e.json
2128761,51367241211113,RV32_ISS,11,0,798324,1428,126488,30c188c3eae93655a4080543cbc53a0d83a8d64c51a41b3fbb5036371e792ea2,2128761-9fedecf18abf.json
2134628,51423671221331,RV32_ISS,11,0,492607,1428,126488,010c004ef4403603a334e8857d3e170646e5bf812757c31e59be15309b00bb78,2134628-33202ce2cdd4.json
2136699,51426731111111,RV32_ISS,11,0,788894,1428,126488,02c8eefe11e7fd1dae675d8c770072429e518cf92ef6e8b35014de856809bb4b,2136699-5d206ccde8e4.json
2137359,51426733312211,RV32_ISS,11,0,689076,1428,126488,5dbe00e48feb3068c7294773ddfdc6557814a1e56fb7de9331b9df2029e9e40c,2137359-6fa2ff12861d.json
2147694,51472361131313,RV32_ISS,11,0,516276,1428,126488,894c1a634983bd24e55e0e9c1d88a9c6ab3bf65bd76d8169a68b44f4e50b125d,2147694-fcb810cf36bd.json
2149071,51472633331312,RV32_ISS,11,0,925636,1428,126488,4d1559b0ad1cdd55afb0905169c0a7afc8ad1d49b91478e2b6582b572a99dc21,2149071-35a859612a6c.json
2152197,51623471321111,RV32_ISS,11,0,600338,1428,126488,bbb7af2cca3a272299f9b459c853ba8c7c9c83831e9fcf327a53b947aa78171f,2152197-2772a190878a.json
2153410,51623743313321,RV32_ISS,11,0,515811,1428,126488,bea996429e5600126ac746affc256eee5167c3597e30262b3d62ab81b6e2cde2,2153410-3423a58ae12f.json
2154367,51624731312123,RV32_ISS,11,0,840377,1428,126488,e26e359df908d128a48873ca84980ea85c60c72187eb94f13ab5d33ce96f6d9c,2154367-78384548a6e9.json
2154888,51624733323113,RV32_ISS,11,0,559338,1428,126488,5d266939cd91566f249ac520ec0b4ae924509a5c96c6e28aa67dcc499e4756e5,2154888-1316b87451fe.json
2157323,51632741323232,RV32_ISS,11,0,539694,1428,126488,141aafd4757c01dc0c800865bd7a93ccc46e0301fc241f9cae0d27728f31650a,2157323-fdbfbb4b9c0f.json
2160798,51642371122313,RV32_ISS,11,0,598724,1428,126488,4bc261e5db53562ecf8af142b94034e9693eeefe5cd82384f9e208d91d25f8f3,2160798-00ad50e13b62.json
2161510,51642731113322,RV32_ISS,11,0,1164343,1428,126488,b538cbf588db86fd92ead0dc5623cf5340bf66e9b7cbc2c320f846beab93bc63,2161510-ebeec6bfdf18.json
2163695,51647231113232,RV32_ISS,11,0,562512,1428,126488,8f0c83096f4edfd6929c115bb0eee2974b26457bf14f28b8d18c163dbc86b624,2163695-02a746934009.json
2170779,51723643131311,RV32_ISS,11,0,755659,1428,126488,04eb52cd5e1359e815897890397a8a14ad33ef661992beaa6a66e46e87dc0e5b,2170779-a984f092cad9.json
2171245,51724362122222,RV32_ISS,11,0,619115,1428,126488,f636383c54f6fecd20418b30c47714a420f662749a6336d5de18fcc00b5b3f88,2171245-857e81a91a4d.json
2171478,51724363121213,RV32_ISS,11,0,1375710,1428,126488,9f97f174a1d39b287898c43ee53893826ec33ac464c1e55dacf9f1f87b08894c,2171478-4b155a5c3e85.json
2173686,51726433123313,RV32_ISS,11,0,843272,1428,126488,b209e76d098ccd1b61d30c779b0944bffe09a8bd8fe80904d333e11889f19c77,2173686-267258a25adb.json
2175123,51732643121213,RV32_ISS,11,0,1013160,1428,126488,083cd3788c2763360dccc1a0d66ef3ba95cf18b0138c1c4e5d494df8073598f1,2175123-ca43c384bc47.json
2179436,51742632323231,RV32_ISS,11,0,947960,1428,126488,c7a90fd8238a3cfb877949f4589c76ab1c2f778d0ef52ec844b91886d0258834,2179436-979656bb0e43.json
2179439,51742632323333,RV32_ISS,11,0,870558,1428,126488,4267f3bcca150561ea899892973896e9a7bb3319c623f69102bb3726e061527c,2179439-9ff7d0207df2.json
2187873,52134761232113,RV32_ISS,11,0,632414,1428,126488,57d61dfe370a79e3f11ef955898ef61e54ce719db985d06bb6ef9ebe6722ea2e,2187873-06940193c05e.json
2195052,52147631121311,RV32_ISS,11,0,682284,1428,126488,f2d7151d00bc3be1a6e75552d8374e17552b9433edfd28dee510f767a177d847,2195052-729c0d5d43a4.json
2195076,52147631131211,RV32_ISS,11,0,715614,1428,126488,8b41418ced3d276c284d24f6ab8cb12348ce6f92402d1d3ebea4a8c7e41a987b,2195076-39d96dd82272.json
2195102,52147631211131,RV32_ISS,11,0,449447,1428,126488,3740ccd0df0e93d83cf0cd5d6910be051727a76758bcb0f4be6675e109c725cb,2195102-cf23817d8eef.json
2195182,52147631311121,RV32_ISS,11,0,570870,1428,126488,99566573c1640b57f457294bb8fdf1a4d11ac5067ea796f7a00693747704a3a9,2195182-1239fbdf45b8.json
2195262,52147632111113,RV32_ISS,11,0,851153,1428,126488,21e69feaedba0f51d9647fabbc2047506a1c238b5543fda9ca018d91331b2a6c,2195262-ddd4dacd1def.json
2195505,52147633111112,RV32_ISS,11,0,875383,1428,126488,35f3bcad7e789cdb1aff758fa55124fd83c4348a37c450eb202526129c506f74,2195505-dcffa1f200fe.json
2195758,52163471112122,RV32_ISS,11,0,492434,1428,126488,a72a22945cdce7658a3bb44aa0e0a3f729a35e647992d6546f5b5bb6a26b27da,2195758-26395414c46c.json
2195847,52163471213111,RV32_ISS,11,0,512316,1428,126488,551471066deb60f040a270232030ca6f44a6ea7a87c7167538d8ddc48cbc3aaf,2195847-dec8823a4d62.json
2195919,52163471312111,RV32_ISS,11,0,716807,1428,126488,257622918ef1510e6956aaaa66bce9a22a08ee5426047a4b62890ba5792358bc,2195919-55b3a34ba570.json
2195983,52163471333123,RV32_ISS,11,0,382301,1428,126488,0a6dcd67a79bad7ac8b2ca3ee12880c84db1821466a568009a67ad020c8229a3,2195983-80cdf05d4e16.json
2195997,52163472111311,RV32_ISS,11,0,751709,1428,126488,83296588e76f4513312d7698827bd1ca97158a5997f072c23b50f6ccac9af52c,2195997-eccfa6196ffd.json
2196049,52163472131222,RV32_ISS,11,0,735573,1428,126488,ba209f366e9c65eefb0157029811fb8aa2847f259e013be748b9177df3324f23,2196049-5827be5f45b1.json
2196237,52163473111211,RV32_ISS,11,0,701439,1428,126488,b2b7b6ad0305862cb1bd500b854db7f140a84f2d17ea84437f4bfb76f8e08fe8,2196237-3f9c6a327f7d.json
2196242,52163473111331,RV32_ISS,11,0,742865,1428,126488,79e336a993696a6d7b61390b1a223a201679d840c95938a353c083f724afc0a1,2196242-b712ab0f7eaa.json
2196349,52163473221323,RV32_ISS,11,0,454633,1428,126488,834658bf3bbdd0038d7c0cbff4c2e23130af8bd64013d409de746c37201bd90d,2196349-2d75bed01b94.json
2196449,52163473323332,RV32_ISS,11,0,815526,1428,126488,3030a553a41e08442dd2741ef158e90399c202f2d219fa8ecfcd761a083481a6,2196449-09de44527e49.json
2198939,52167342121232,RV32_ISS,11,0,992476,1428,126488,ae4457fc3e1d49d622beed7e36330714f830cfa50d00b27dbae7c6ac6e57209c,2198939-1e048352a632.json
2199669,52167432121313,RV32_ISS,11,0,664113,1428,126488,af4c04a5118640b711bcc2bb8d77ba024096ab733c3f959b4c4e835ef4d909e0,2199669-6e5d5966dd70.json
2199676,52167432122222,RV32_ISS,11,0,1334186,1428,126488,35c6c5bc9f6f6f22e24c4491e7e190b8cfaba8f951998bc70492059719db9533,2199676-299f2e5d49ca.json
2199693,52167432131213,RV32_ISS,11,0,739303,1428,126488,39c57af3d2b8e77d7f85037e798ae6e750b474dd8bb869ca1c0db1096b3bbc07,2199693-92073b0e8f61.json
2199959,52167433133333,RV32_ISS,11,0,1314377,1428,126488,681ac37cc5810e806adb8ccb0489f8ce4df43e113547d015e3a2d8d1aadf3f59,2199959-c743ab8ddc89.json
2200103,52167433331333,RV32_ISS,11,0,998982,1428,126488,39e9412c092bbc04f22b0536a6f5dc5faee85bd6a5f18ec60a1b4e065647461f,2200103-78ed09e6fbe1.json
2202922,52174633223123,RV32_ISS,11,0,539003,1428,126488,4ce602955d25759498616da091596c62c9e879d520eb8a58643a05d6264e56e3,2202922-28018365856b.json
2205150,52314673311311,RV32_ISS,11,0,1220116,1428,126488,3bd6db6b4189e97ec4f305f4129e1161aba544ee38e930f9d9dc3bb977a3f9c2,2205150-895a47940b7e.json
2205424,52314761322122,RV32_ISS,11,0,460390,1428,126488,a62c9fde92ddacde0340bbb3f74e8d129296db983e37da6314d173ee830f92c1,2205424-40d8f8df5361.json
2208870,52341671111111,RV32_ISS,11,0,1960618,1428,126488,de5fb364ec5ce0b0b21facfc187921a374d04b5d668532df9941dfb1c339836c,2208870-0f86fbfae7db.json
2208909,52341671122211,RV32_ISS,11,0,745447,1428,126488,3aa989b73c1fbcf9fe222b9ea9107fbd262fa68df48a6b0e700fcb7f00287797,2208909-214e6b4ceedb.json
2209038,52341671311313,RV32_ISS,11,0,590293,1428,126488,05c7a8cd04e3bac495b26223527f7dfdee50ffdcfc871355fd2fc91879d13d50,2209038-3231a3c6ed09.json
2209194,52341672211112,RV32_ISS,11,0,819343,1428,126488,7ec552b4590bdc96a3b5c2f7d14e5a251a2b7608af990d776a03a8fd578d9d96,2209194-6f513c400c96.json
2209263,52341672232313,RV32_ISS,11,0,635052,1428,126488,15cbcd538ae0107614215b3667e421d71910c007c95989ddc441f3239c057a92,2209263-9404b1e7654e.json
2209324,52341672323222,RV32_ISS,11,0,710568,1428,126488,51a2203c57219697667b45af42fed0c157df4d333bcc70227a634afdd4f36654,2209324-ea8008e4a6ca.json
2209326,52341672323312,RV32_ISS,11,0,912768,1428,126488,1d228da0610e3bc2117cb38ea0e0ebd28bfc3bbbf1033ff34903e5aaa53b8edd,2209326-2c5ba5507a44.json
2209428,52341673133111,RV32_ISS,11,0,806383,1428,126488,67060cdf4962a17f90c88be4b2cfbf873ad567b61534484b61fddd66dcf6a48a,2209428-90361477e631.json
2209503,52341673232213,RV32_ISS,11,0,562741,1428,126488,a30be903e34dd164e36853eb3461f97772752d1a58afd708d9480621567fd239,2209503-b4fdd7330966.json
2209508,52341673232333,RV32_ISS,11,0,557845,1428,126488,43da4310edabc4a27e11d6f3c2cd2affe659e7937dfb7a92461bd3a7159c5960,2209508-9866a3fe9a44.json
2209566,52341673323212,RV32_ISS,11,0,907527,1428,126488,76ce54ad82421d2c53eb39fd6e9628b31559bb808793a343d40444f1535bdeea,2209566-7e13bb6af871.json
2213520,52361472121313,RV32_ISS,11,0,602234,1428,126488,1cbdf6ab59d84e22974fa673e6433f4abd6b376c12488cd10096514f88957802,2213520-c1dc4bb4e434.json
2213547,52361472131312,RV32_ISS,11,0,1070911,1428,126488,32f31c86f0f709afc792b9b7666123456f4a251f521fb9cbd7b057a3155dbb81,2213547-79fd9392845d.json
2216485,52367142211121,RV32_ISS,11,0,785430,1428,126488,823c384adf11a02373dfe3be11ba8db5ff55a5d56821449fc6ee5636f35762a6,2216485-669e9be06744.json
2217335,52367412322232,RV32_ISS,11,0,742725,1428,126488,153017fd5a67b0595a89a7ea8f757304d0e889b35c6d770a6f6a1f6c232d4992,2217335-b809b361373b.json
2219092,52374161112323,RV32_ISS,11,0,642375,1428,126488,455d8ca9724643bde30e17ccec23215ac097857aab73e97ba9567762947bb432,2219092-2788d497438f.json
2221870,52376413222223,RV32_ISS,11,0,420668,1428,126488,611d060119961fd0d2f8446ba878a2a48df86e5a9e7a50674b6b57706ffa41fa,2221870-10f50bcd5751.json
2232782,52463173212332,RV32_ISS,11,0,669135,1428,126488,5477c31eae9fadc7621d43a61efb728fc192824191c3abb56bed3a2e2646f146,2232782-888b1d996eda.json
2233511,52463713212332,RV32_ISS,11,0,623427,1428,126488,f0a6f41aad1813f9ce2a04cac20c173aba45749dd4a646d3395c52ce7884579f,2233511-c5a13d2633e6.json
2235969,52471631223113,RV32_ISS,11,0,525253,1428,126488,9441c0d8c2896f50544a7b280ba3485d64bc86aafbac9759f0fbcbcd0e4591a2,2235969-a8291967689a.json
2236050,52471631323112,RV32_ISS,11,0,727416,1428,126488,3ea190a7a1422f32fb3431c418c782ccdc84f79587f79b1b13b2d563854b0711,2236050-2e627cf16adf.json
2241372,52614372313211,RV32_ISS,11,0,2289863,1428,126488,c8a823cce4eff82a1cd647a1340f64f18560d89057b93bdfbc4e44f062c6df0d,2241372-a5a8cab99f2a.json
2249547,52641733212311,RV32_ISS,11,0,598293,1428,126488,f34129585aa7af142bd0d0149672f83c98eadf4b05072505f5f66b183b03d011,2249547-da3c303b8474.json
2249602,52641733232321,RV32_ISS,11,0,543105,1428,126488,7d2193b9d2eecc723ca744db6cccc602a349ebe06a170abad125f143891d6b89,2249602-c660d43ded97.json
2255428,52673413232123,RV32_ISS,11,0,407113,1428,126488,4c866122fd478a93d7bf9bf08896298e053ded0e1a3c30b349689cdaf4c02f94,2255428-dcdef2f3fbc7.json
2257135,52713461232323,RV32_ISS,11,0,503860,1428,126488,129fdec38d5882d04cb6d2d8dcd0c0440981560d5c8e66dcaa250ac629657807,2257135-ae0174370c94.json
2258586,52714361232113,RV32_ISS,11,0,929076,1428,126488,d89967e96942c15e28f8560a85e6d3268645a3fde3dfa38d12cc302acc42e42f,2258586-9711b6df4014.json
2259760,52714633213223,RV32_ISS,11,0,458126,1428,126488,02ba1a2ac790d88ecbb09353390ca7d4c140fb9f12da1b18523e409c575adc9d,2259760-877eb3f10c39.json
2259784,52714633223123,RV32_ISS,11,0,463802,1428,126488,0499fed7fa943aca9c1159cb480ce12ca82618438dcc7927e85d324e42709d7c,2259784-5e81463a127e.json
2262240,52731641233112,RV32_ISS,11,0,501419,1428,126488,f07849429f8ad18fe8e2d1d0a10930c8231b5905745e957bedc7ca8676879b9b,2262240-97d873764c9f.json
2262294,52731641323112,RV32_ISS,11,0,505193,1428,126488,c2145a7f876be00ac5b9acbf24e4251902f2bf8e129a439b4a692387beb6e3d9,2262294-c0c71c4cf0c9.json
2264477,52736141322233,RV32_ISS,11,0,887334,1428,126488,ef85d059d84d8a0ef7598a10e505e2567f3816e0e562b83b7d9a43c8f2d9ce69,2264477-75dff1d21bee.json
2266158,52741362313211,RV32_ISS,11,0,711383,1428,126488,49c163ca797d70961f941f0c21eb352ac5ef3798315f756fe5b1a3f07e293022,2266158-daaba5b21bf2.json
2266159,52741362313223,RV32_ISS,11,0,734606,1428,126488,599fe95c6953e52dcf09c50d63630d61a6cadd547fd75386a34b7f16890117db,2266159-3ec5ee3ec889.json
2266748,52741632122333,RV32_ISS,11,0,1102893,1428,126488,d0362adf0dfa0d3972c96c40a380508286459c2b7e848688043d01c7acbdaf4c,2266748-1400144e0b97.json
2266756,52741632123323,RV32_ISS,11,0,1160409,1428,126488,0d946cc05354e35e65f71e87c6367d8be6f728b41b54c0f3d277b4764015ae4e,2266756-6508a02d02c1.json
2266797,52741632212213,RV32_ISS,11,0,815983,1428,126488,1e1f0609949c230c1fd31a68c2da64e9887f65f74a1498e1dfe8ea93c7d266da,2266797-9f30af78c5c4.json
2266799,52741632212231,RV32_ISS,11,0,737711,1428,126488,8b52a9f517d231bfe274bbb4190aa834c35dbfd452165935ac707b0120948673,2266799-45198d98e588.json
2266851,52741632232211,RV32_ISS,11,0,632209,1428,126488,77468ecedb97fb35df12cf74ed63ed62131b5de62eb4945d0737fb6263562c66,2266851-80b610f4bd18.json
2267060,52741633221233,RV32_ISS,11,0,752511,1428,126488,e0094840c887045a5905867f78e6f016d3fb35ec9d9d0d1ea68e8a09e38e476d,2267060-b591d0d138b3.json
2267133,52741633313312,RV32_ISS,11,0,595053,1428,126488,8bb251bc93e8778018c3c6d9daf668142cf41f4a9e99ea5d6f626896eb869478,2267133-1d5bcd43524e.json
2267134,52741633313321,RV32_ISS,11,0,622991,1428,126488,8b6660b500e94c18dd036bf774ab347e1325a9464e92c0a02128663b00824f8f,2267134-c968f4f0cd11.json
2267140,52741633321223,RV32_ISS,11,0,836164,1428,126488,bc5a1032c6cb1fb5857f846df6f765486be151f097317a381deb62f5c1d8c165,2267140-e1d7a9c81445.json
2267160,52741633323311,RV32_ISS,11,0,702131,1428,126488,7c22f8d8f5d0599c1373bd659ba395541091afc23721f720749f8113f593ce2b,2267160-da070a072fec.json
2267922,52743611111213,RV32_ISS,11,0,487638,1428,126488,3b58d776693b91149c58f16e0701b2b9d34ad6e85fcdbe84c5e9ebf57738c343,2267922-7cde12a1434a.json
2267925,52743611111312,RV32_ISS,11,0,812217,1428,126488,70de1bc9636831a949bd3ae219e813cd1b0e8933426c5f3ede43cf7902a4c154,2267925-6392d127b961.json
2267930,52743611112131,RV32_ISS,11,0,724286,1428,126488,c7c812e006e1f5c58a5a0a9ed1a345b9ac4d9c809f25a09dd1e0c4be32676360,2267930-07bc4c6ee67c.json
2267938,52743611113121,RV32_ISS,11,0,708156,1428,126488,2c3e31bf10fba975a52cc1bee34fe47c809b43bbfcaf3908d57a7828bb141bb9,2267938-9c3843cfc521.json
2268216,52743612131111,RV32_ISS,11,0,574583,1428,126488,64504284aafe296bd9b8ef7257c5336f0de56600da92b3e26a3ae299304fedd2,2268216-4ed758e7ac7e.json
2268432,52743613121111,RV32_ISS,11,0,779688,1428,126488,22d1d40acc3f2af8bb1863f6da06171153e7e631a3fca78580916660a4e4d471,2268432-6f7fa44b0031.json
2270838,52761431111213,RV32_ISS,11,0,565270,1428,126488,48b3ecf148e59ce2912d0a0304bc9465540bda0399dc7b28c0298cbb4404ba44,2270838-6177504f217d.json
2270841,52761431111312,RV32_ISS,11,0,527406,1428,126488,bf75f05ec87bff833140e6beb36ed99cc05badf7c8d72a2b980b1d8492a18ee3,2270841-2d2aea5d879b.json
2270846,52761431112131,RV32_ISS,11,0,648655,1428,126488,62d3bfb6793e3f949f91263d21b998facb2ee75fb4ab938572feaf74220923f2,2270846-32bb2cc460d8.json
2270854,52761431113121,RV32_ISS,11,0,745010,1428,126488,edf257b7d0c13b61a823ab0909060aaced87adfb16a522f003672649a64f2910,2270854-3a5a82508470.json
2271132,52761432131111,RV32_ISS,11,0,573729,1428,126488,a7b709171b72cc9428c9443df8ee37290749a6c7f8cf6adf0a8ee4b81198ccdc,2271132-c912876066d6.json
2271348,52761433121111,RV32_ISS,11,0,641716,1428,126488,6a494602df45f646c7c6bcddbba477e913963731d189234e42a01e1318f06967,2271348-0df5af19ecc5.json
2272175,52763143222331,RV32_ISS,11,0,644628,1428,126488,d7ecff9a852f5d9edf6e9396127a3b95dbcd0277f8a70d380ac5db34ded29c64,2272175-4f76c2b357ec.json
2272416,52763411222312,RV32_ISS,11,0,755661,1428,126488,0899572d7f96619abe10e6b520cfdeca3223112f65880c9cbf2a0207838f3ac0,2272416-8075ff84fe2e.json
2272528,52763411333123,RV32_ISS,11,0,618640,1428,126488,4f2d2d0960435d723d54b9d7fe61c85c0404548ce10224d865b895d3666cc00a,2272528-72b14efa3717.json
2272896,52763413222112,RV32_ISS,11,0,759758,1428,126488,e988a698a0f5e4b5732649db6ebe7771226fdb4e45baa1a22588b334db517b15,2272896-ad7a0242066e.json
2272911,52763413223312,RV32_ISS,11,0,803681,1428,126488,27416ce14a1413766c7ba70f44c6fa4f7d7fbc5a99f803c83f36f439019ea31e,2272911-f5ac9d9c11ad.json
2272983,52763413322312,RV32_ISS,11,0,790198,1428,126488,d69d4cc7ae6a38a3ee047e181146a891ac36896781d147a34501a765719914ca,2272983-8d0687277243.json
2276078,53126471231231,RV32_ISS,11,0,529668,1428,126488,86e7685d163190f0134bbd9310a5b01aa8e8ff9c710f5099fc5c09d98abef718,2276078-7afb4809f0d1.json
2276080,53126471231321,RV32_ISS,11,0,801858,1428,126488,03a85e1326f60ff946cd10038208c3f673fc03f00dfb8b50b6f1c0c21dbfd5d8,2276080-73a6bcdfa51a.json
2276134,53126471321321,RV32_ISS,11,0,541402,1428,126488,9d7ad7a36584b07923c9c6ab766869cd6e69956b3eeab2bdab076200ed367306,2276134-15904d2c6735.json
2280605,53146272123233,RV32_ISS,11,0,728882,1428,126488,8ecb3ec2ddb54c1164332d7e699ac2aab18ddd5137cd5c61f2706b2fc67f70da,2280605-feaba31c43a0.json
2282060,53147262123131,RV32_ISS,11,0,683378,1428,126488,c7c915bfc16bfecec157d909d443393a1114eb101ff8d67fc7941560679ce3d2,2282060-de4fa9064a67.json
2284618,53162743312223,RV32_ISS,11,0,2295517,1428,126488,9c6a579b0c2f6cfc7768b7657fa71087b8382be51da44860d53ccf57203424d2,2284618-cc2fd0dd2bbc.json
2307127,53274163211222,RV32_ISS,11,0,720772,1428,126488,a9a4ce632594274dbcacb8b21d975361109ded30087108f383465fc4f08879e0,2307127-4907dfc35fa1.json
2314035,53421671321111,RV32_ISS,11,0,1128318,1428,126488,f145b930bbb87f5e787826876b0122a4661ff4ece7719c5b5ed55dcf36461b8a,2314035-bc4da6a306a0.json
2314040,53421671321231,RV32_ISS,11,0,567045,1428,126488,e4b6578b7ae764a93d86a8faacc022f90e195f6b4275b378cfedbf20d3aff4b6,2314040-e59c88130c7b.json
2315318,53426171112233,RV32_ISS,11,0,576734,1428,126488,db182e61df83c866b96db11bd02f518bc3815940d761feadde32c7d90d4d93d2,2315318-fe820db6ae91.json
2320432,53462711113322,RV32_ISS,11,0,1128755,1428,126488,d26973ecd9c90a774d384bbb5699b575a3dae9e60a7d3a81521b58b3de584553,2320432-03ee687f8a53.json
2322054,53467211321111,RV32_ISS,11,0,542412,1428,126488,3c37c21e5993d2f6cdee240c716f559cf66eaa20f34b29037a9fba2377c43e22,2322054-7e142b5e312c.json
2325717,53476121323112,RV32_ISS,11,0,648106,1428,126488,68df552e1f3d10ffced046a046df93883f701deeb8267b8451d634f40be4379d,2325717-08adc71567bb.json
2325724,53476121323322,RV32_ISS,11,0,718438,1428,126488,c522af18447f3344ff6f618c21f884dd0598c5e02e0fe8b6e704720b905c81b8,2325724-56d3028a5c7e.json
2329246,53614721212121,RV32_ISS,11,0,708092,1428,126488,f0cd0113cb52a459af30e431545ef694440058170bf3a46791bd14cc915879ee,2329246-19142172979d.json
2331562,53621471331221,RV32_ISS,11,0,461812,1428,126488,2b451ce8ff953e910092f374a902505c98652c48c178a43a90a7038aad6fa93b,2331562-34fe0f1d0c57.json
2337174,53642171111111,RV32_ISS,11,0,829053,1428,126488,e86a3aca3820e4d5011f587ae33f576b42544ad5a056b2d4f309d0ebd2bd3a36,2337174-2ecc88d66eee.json
2341902,53672142221213,RV32_ISS,11,0,1195459,1428,126488,a9831345bf3d953a99ed8d940aad6b78e47c6f160a946482d89366a778595b43,2341902-1f83d1078d1c.json
2347047,53714622233111,RV32_ISS,11,0,1231505,1428,126488,1b67bb39b1f213712b3068b8c4f77b03935addd0fed185ec315ea773051dd7c5,2347047-c208a67b82ec.json
2349456,53721463223312,RV32_ISS,11,0,582814,1428,126488,8f4db50827ab8a4d41806f7e0071d16389a6fde7a58015f23fe03e9e77472726,2349456-a31094f87dbb.json
2351295,53724612121112,RV32_ISS,11,0,1396891,1428,126488,91f56b54d5598f2808be2f032b86ebc12c6151b677152e92088aa48458ada3a3,2351295-206fab67e16e.json
2352475,53726143333121,RV32_ISS,11,0,466320,1428,126488,9427d7285614ec477670741a03f39ecd5632520f4fbff7ed1d43d8b64351363f,2352475-5522fa840e20.json
2354148,53741621323112,RV32_ISS,11,0,694128,1428,126488,0d0110f43c5d57956eefd2432a52243885c809e73fd46d9513dcff4fa1e44eb1,2354148-d066695d03bf.json
2354166,53741621332112,RV32_ISS,11,0,543568,1428,126488,bf4ccf8d99e72e6cf5b7f3e2462565faa928aa1327447785a9975dded1ce241e,2354166-a6cb3f954ee3.json
2355857,53742612323333,RV32_ISS,11,0,918980,1428,126488,47dc7546d6ebec3d19574bffcde0410e4cf562e3404eb9e055fc337bcc2f7073,2355857-86546ea7b0db.json
2357859,53761242121211,RV32_ISS,11,0,1037649,1428,126488,c239d21bdf4c864059041529624e995bc16230d241558b071d0a8669b0a08f94,2357859-7f2d40b09cbf.json
2357940,53761242221213,RV32_ISS,11,0,1220237,1428,126488,930cf82aae73820b92a23526bb372ec454195da6e5b48d21d32b496bb50813ee,2357940-1370290390d6.json
2358021,53761242321212,RV32_ISS,11,0,1247125,1428,126488,7ad665329f03d60432f91cd39578072d067e37f63e910631467a44a193bad4d1,2358021-291d1d638d68.json
2359655,53762143222331,RV32_ISS,11,0,422944,1428,126488,77bcae241a928891b0ef6844a8405bda54e48b53affa0f8139b7edbdffd0457d,2359655-7889f45d8574.json
2360458,53762413322123,RV32_ISS,11,0,620465,1428,126488,72a5e749d9b29052565f2d77fa5cb4c48ed978f8e7da28ac90ea2c5c5da80ca2,2360458-50f1533a6b57.json
2362606,54123673233323,RV32_ISS,11,0,789049,1428,126488,cc18f933959326d84fafc9e0ecd58db5834c6527bd198cb1441b1a465ac25b8f,2362606-910b6c6830a5.json
2363638,54126371331221,RV32_ISS,11,0,347516,1428,126488,a0f1b5cf273b0bc8a81651f56acbbdf99909af792e25b8ac1e8b074dc84195ef,2363638-0a0a101b4b90.json
2365905,54127632131213,RV32_ISS,11,0,1443621,1428,126488,9a5c2432b7a79fa5ff0dc4b3ef6d3b737862b1b4f770102abef6c11bc36804a7,2365905-18918b3abfa4.json
2365968,54127632222212,RV32_ISS,11,0,829066,1428,126488,6339564c1c581e073e67a6eba426a26470c1187dc97d4733bb8017a9cd5ce2c4,2365968-77b3abb602d6.json
2366148,54127633131212,RV32_ISS,11,0,1122474,1428,126488,dcceeac2bf119059ed7be038a75ec22aaa39a7b2bfd08f9343e5ecc5303b32e4,2366148-99f8509010f9.json
2366171,54127633133333,RV32_ISS,11,0,1365184,1428,126488,2ecd6e615b86e93f37e718e55e1843ae24202373e92de5cd6fc13b930fd9c761,2366171-ac088f822acc.json
2366331,54127633333313,RV32_ISS,11,0,930343,1428,126488,2e3728ad1fba7afd1e7ac6d665089618e05c343cbeb2fec738cf6f75e0b6509d,2366331-0a4b07333fdd.json
2372242,54163271133221,RV32_ISS,11,0,509330,1428,126488,a787cc42d21475ce40c66af3c13791c1f49bc5fc229a313035e65f08897fa7cb,2372242-56b03fb3039a.json
2372562,54163272233111,RV32_ISS,11,0,1555891,1428,126488,f4cd7c9979dbcd0f6866e90d12b1f9a200829f38ce62a8812f09aa9213e5fdaa,2372562-5c1ec90fa477.json
2373651,54167231121113,RV32_ISS,11,0,577589,1428,126488,28607e67ef37feeee9d8bf192d06cdf51f61764c76cec53447ed0507c3945372,2373651-f0bd1900865a.json
2373678,54167231131112,RV32_ISS,11,0,784758,1428,126488,5a10547fd7d50eac32483a3d1201c9a06d22590b4266da3eb13d2f537ab03121,2373678-1d664b4c38c3.json
2373735,54167231221211,RV32_ISS,11,0,555927,1428,126488,2e93d7d2b7a46fa4f99e19b0560ee321e0b58ba79eba02c035bfcc4e1843e1fe,2373735-af654c3df348.json
2373861,54167231333213,RV32_ISS,11,0,584027,1428,126488,8b83afa5e8d35a70c8b9fae9450d884e57f27da98acec6ddf01996a1e1e01d5a,2373861-81ed1176ca8b.json
2373876,54167232112112,RV32_ISS,11,0,770157,1428,126488,bc59b7f5ebce8134c8a811f3e7725480d95f00ede845ada1aa2b69f1d220c2b7,2373876-c11cef7c45e9.json
2373945,54167232133313,RV32_ISS,11,0,1508375,1428,126488,9c3de5b3ca7ef5248be5121cd6e312a4f3dd010043ccaadbf7083ffba0aeac3d,2373945-b6db5361f330.json
2374101,54167232333113,RV32_ISS,11,0,458375,1428,126488,9944c03f814beca8accc6585616c467708db0778528b6395c06c8115d4f89349,2374101-2100119e6eb2.json
2374262,54167233232333,RV32_ISS,11,0,1011967,1428,126488,cf237278df4ffff734cb871aee08df9cf6323cca58b030cb5f7c0045bc5dce5c,2374262-dd3257b514e0.json
2374329,54167233331213,RV32_ISS,11,0,870939,1428,126488,fdaf55e2c6825ef0292441b5826e14b66f1675fe4fc3875b719a8f1c841b0b7f,2374329-6676420f095a.json
2376366,54172633132313,RV32_ISS,11,0,615366,1428,126488,c130634fafd84424dbe9d0c822c2d3a33fe7a0019308c197919e2994cff815de,2376366-b249b02648fb.json
2382771,54217362233213,RV32_ISS,11,0,1311498,1428,126488,8b8500dab5a60186f712ca7b70c474689b2a4148a708ba13962a5fc6760f4735,2382771-5965e4eaa8e5.json
2383410,54217632132212,RV32_ISS,11,0,1292438,1428,126488,7ef7afa5fa4de49ff3078ed78a5693ceb55535ed387e0d37448026d558cdf244,2383410-5c980564a6e3.json
2383875,54231671123111,RV32_ISS,11,0,660022,1428,126488,c00055fb4aed29d03a70cc6511c81912c51797725cc095ab1de09727847ca28d,2383875-2088bce9ec67.json
2384362,54231673123121,RV32_ISS,11,0,382743,1428,126488,583747c115c943baa40605f5fffa079f1585757ff5a152d1a0efa70e8349ba81,2384362-ba8623140e00.json
2388736,54261373123121,RV32_ISS,11,0,370157,1428,126488,6c9f820231d902e89710f02c82c87b90473c85fd7d4bd965ef1562c2dd38e747,2388736-246f4a7eb2fc.json
2389316,54261732231233,RV32_ISS,11,0,784346,1428,126488,aabd045a6c91b2c03281e4114a9b508b1e1b59305915a3e7e065d2ef4e5f02ae,2389316-7afebf8380e1.json
2395896,54276132233312,RV32_ISS,11,0,505453,1428,126488,59675331dfcd72c5e763b1b1da0eb0f0799efde6882704e9a14f304562da5331,2395896-402e9349c050.json
2397014,54312671131331,RV32_ISS,11,0,625432,1428,126488,544135af5f56f3cda8d674c35c6bed64efae70683a0b8a57609dade2895fad1d,2397014-dc9f811709c6.json
2397285,54312672212111,RV32_ISS,11,0,615864,1428,126488,65df196c9cb51ab80465e9e9d3b4c211ab8cd69b389fb4bd0144618637cd538a,2397285-6dafdf702d90.json
2397606,54312673311311,RV32_ISS,11,0,1095061,1428,126488,1886ccdfb2b6ab5b370f1e568377b6a3dfc6c1ea04034da6ee467206c5307527,2397606-d4e93edb5749.json
2399886,54317261113112,RV32_ISS,11,0,582824,1428,126488,c8bb45094216adb2a49434779a6be51005c7097a3b21723bd6a2637ad2c5d520,2399886-ddd0ed121739.json
2400601,54317621111222,RV32_ISS,11,0,586824,1428,126488,274b692d9cfa088b001e33e0e034b414bc34fabb6032bd6f9fb84493aa4e4885,2400601-891a95c3e790.json
2401662,54321672212213,RV32_ISS,11,0,832976,1428,126488,6faf823df0414099220fdde7ed72b3c1488f5165e4ba79c984a5896a195bfbb8,2401662-e04145c4836f.json
2401664,54321672212231,RV32_ISS,11,0,837245,1428,126488,da99ce15d1022544d424049f3ee9ccd0473704d07e33c35ab63e3a5a78666b9d,2401664-9bd83d201f68.json
2401716,54321672232211,RV32_ISS,11,0,1031791,1428,126488,3ba3b39b4ac0679277c028236e98654994486bb2736a11e23443136fa5e593e2,2401716-cb98c57ae9c0.json
2401998,54321673313312,RV32_ISS,11,0,1039374,1428,126488,741cc80eab83d4c5df41b98d0b002956c1182fc98410f37b7b9461412cb1d30c,2401998-e7ae26b0e9d1.json
2401999,54321673313321,RV32_ISS,11,0,1292272,1428,126488,c8d1b938488a58b97eb01506826da0c39d5dfe27e9929c9543b07dd4aaf0038f,2401999-1fce07b7fef1.json
2402025,54321673323311,RV32_ISS,11,0,1194530,1428,126488,7329010c68e838a9822e5b91e3841776f1fd78ff82c59c4f5d7bf6b522903e8c,2402025-6ae83b20d113.json
2402140,54321761211221,RV32_ISS,11,0,781511,1428,126488,0c1463ec9ff59fabcfdfe12b65b4c6f1eb360ce9237966c238db93013498d9a1,2402140-5bb090fc35b1.json
2402559,54321763113113,RV32_ISS,11,0,755449,1428,126488,ff9edc711a4dfc563af7762272a83547e2788ff80f31f9aa38b828f807fdc2d0,2402559-c8183999e440.json
2402789,54326171111231,RV32_ISS,11,0,874969,1428,126488,f76752cf60374fe2650749b15ee395b0e67b2a178711ab9def2e4cbe8d4c1067,2402789-3eb84dfc8a3f.json
2402798,54326171112233,RV32_ISS,11,0,517806,1428,126488,701720a355393a3ac9383e5e69f5c286171e7f7576c9fcb7674fce106f47f12f,2402798-c8b49e67f84e.json
2402978,54326171321231,RV32_ISS,11,0,824083,1428,126488,b15f84b4060ac85fa35ee9c4d4488088cc633c73b713ed3cc3ce4a35c746847b,2402978-65522e77e76d.json
2403525,54326711112212,RV32_ISS,11,0,859801,1428,126488,3e7d2cdc76496c619a4215adcb660151c77cdb849a6b2741e67595d93321b9e6,2403525-391ead48488b.json
2405345,54327612223232,RV32_ISS,11,0,620136,1428,126488,f5128b62d19af42629e035174c4361252bcb6c0f20c0e18737dc827575e6e6c0,2405345-28d181cbcbc3.json
2406074,54361272223232,RV32_ISS,11,0,543146,1428,126488,63d5700ef998838f27fab3547b221bf4e865c7e7cdea9fd59b7c786a6aeafe21,2406074-02cc88720bdc.json
2407178,54362171113133,RV32_ISS,11,0,687807,1428,126488,2fc9a0acb4a1a54dfa6b593dc742f2b732125381b096d5d69ba20c129ccdea64,2407178-c25afbc63f26.json
2407892,54362711111231,RV32_ISS,11,0,497433,1428,126488,6a1ec317da5f07b1e1d404c19948398ba18b0e7004e0f0a3dfd51e615a424c5d,2407892-4ee11ab0116b.json
2408094,54362711323112,RV32_ISS,11,0,613199,1428,126488,5e93d98270c35774338ef3ad7d8c301f2c4d61285ebb0591faf8d2d4df186219,2408094-7d602bcf0edd.json
2408628,54367121112212,RV32_ISS,11,0,822634,1428,126488,0f455d130d46008b603fe14f94570dfbdec953d7670bd4df21d9e013b9636ffa,2408628-75bc83615a75.json
2408637,54367121113211,RV32_ISS,11,0,412774,1428,126488,89873a2ee092881b43e6f3c75d2c604abb8bb854a6faf8afbd37561adcfb9124,2408637-1d2061f6bea7.json
2408642,54367121113331,RV32_ISS,11,0,1186748,1428,126488,91e92a305d5f4f47c62a1812020659881c3528a6214550e81d846de789b1f666,2408642-2d69a08dd087.json
2408941,54367122211121,RV32_ISS,11,0,652255,1428,126488,45295a6adcb2f5f7196ee5d1442af7baa19c7c8e9715225bde63bf8c6be6f959,2408941-b4e920486469.json
2409021,54367122311111,RV32_ISS,11,0,753909,1428,126488,011d4a292a4cad6e5eeedba1490fe0cca9e68fbe0fc89ef70973a2022c533bbf,2409021-7c7f539cdafb.json
2409264,54367123311113,RV32_ISS,11,0,496230,1428,126488,2a6557a9e1d6544e3c39a69296b028771564e32a175a3a2323b8924cdd2c1c47,2409264-2d1f23496c95.json
2409412,54367211132222,RV32_ISS,11,0,661768,1428,126488,07be48b10835c2d45be3cf38cf58c0d85267e24fe6032cda8516eea6605c0826,2409412-94a3d7caaecb.json
2409452,54367211213333,RV32_ISS,11,0,970795,1428,126488,26b0d1d9097a54076a7d11139f64fdbb8138db2b032196be189abf42b716978e,2409452-584a21d54038.json
2409464,54367211222132,RV32_ISS,11,0,760570,1428,126488,cc4e43946c477e14dc5296a2be7139bc33423efc892f7a14bfd5ef83d5a08e84,2409464-a728216f9ce9.json
2409582,54367211333213,RV32_ISS,11,0,613443,1428,126488,27aa5d573e1f6c9963ee79dee8a15b535b131b7d30834480cc411ec75905326e,2409582-2ca1dae46001.json
2409676,54367212211322,RV32_ISS,11,0,1086970,1428,126488,7fa2e071d03e7f95a5e04da293b80075753a2b8b3aa4993be970d5e496592d97,2409676-04fae8273ea8.json
2409724,54367212231122,RV32_ISS,11,0,1101014,1428,126488,f7eb751074fbea4ad0c7e0e05c00e7fcc204f940135ed0e83cb1cb483b3db00a,2409724-b5f54ae37f67.json
2409744,54367212233213,RV32_ISS,11,0,582278,1428,126488,8c50a3c9e168dbc66c92fe252863688e6a0e3d5c7fde05e14eda882e95075e34,2409744-bb4f69dd38d4.json
2409816,54367212332213,RV32_ISS,11,0,878273,1428,126488,9b8e2c03205b2d9596665c76e7208a93db181110fbfdeaa350d71d1d1b31920c,2409816-5f45c2d35be0.json
2409822,54367212333113,RV32_ISS,11,0,500519,1428,126488,755f9ad8cfc9bce06bd05250d315d18905d071223430ba1dd637e9460243c8e1,2409822-0e3e3e5cebac.json
2409844,54367213112222,RV32_ISS,11,0,928971,1428,126488,e942b7cca6e6fb2ec4ccde2b43877b9786d16d658f29be3ef74eb4b7a925415a,2409844-52dacc5913ef.json
2410004,54367213312133,RV32_ISS,11,0,829077,1428,126488,410b4a9293fe4479849a53120b7fc2d836b0ecd1ce19f6da5c1a17c18905791b,2410004-0e5143c3080f.json
2410100,54371261113331,RV32_ISS,11,0,722947,1428,126488,eb4df55d9508f06ff257f60e867c5eedf9dab3f1eb5a389117adbef99b30da78,2410100-74986a59d812.json
2410821,54371621113112,RV32_ISS,11,0,962092,1428,126488,baeb4ca866f08d4cfcf825f076dcedab66b602e001038175ad1425d745a89444,2410821-9935337bb0b0.json
2410828,54371621113322,RV32_ISS,11,0,446579,1428,126488,b7ba9444602316d8d28cadb380bd28deaaf4686cd32c48872670054839474417,2410828-635143e843f6.json
2413193,54376121322233,RV32_ISS,11,0,719833,1428,126488,0a324806c3da958a2b63d60fb455addbd158d0fc97e2cd4044c8d5ebb0d2354e,2413193-c8b238655049.json
2413721,54376211111132,RV32_ISS,11,0,816674,1428,126488,da82c3b4ef27b84c13e1be12b88f656c6c2bd091e6f6e4dc686bc6a38ed54b29,2413721-236a58ef1af7.json
2413723,54376211111222,RV32_ISS,11,0,776788,1428,126488,ab500f568705f9fb9eb45c46ab0cd256f42d2af9d5b089f42b38bbfc579c5373,2413723-552706dd3b02.json
2413739,54376211113133,RV32_ISS,11,0,564361,1428,126488,06fa13842fbd1de89d6de57866a22a256b5e9bab9a0423df8149430d1d39161b,2413739-faac6f1f61b9.json
2414463,54612371112311,RV32_ISS,11,0,1003161,1428,126488,86b5751b8ebe0a09a94dd51679c34d96c1205fdfc61a6c5e3fdaf69b6e7149cd,2414463-fc81ad4e6a10.json
2414810,54612372222131,RV32_ISS,11,0,589359,1428,126488,42a46f3ccdde1aae8d58634593392eca988c600a3388b787cae635c4e4ae03ca,2414810-065b3b7dcbad.json
2415433,54612732112223,RV32_ISS,11,0,934083,1428,126488,a4da2e60b51fc338ffb7d410b032f133ceb49b956e60a08ee5f1678b1a4a07a6,2415433-cc54fcd08959.json
2415864,54612733322213,RV32_ISS,11,0,488081,1428,126488,00a62640c1e753966412cb5c3c9cc68c1137a1ce9a1ebe7ea6092bb64b428a86,2415864-a21c532b2382.json
2418900,54621371133311,RV32_ISS,11,0,895799,1428,126488,170d652ea741b8379fb1132a5cb3635b7049dca343fe00a1ffca9907a944533a,2418900-46267a8e031e.json
2419147,54621372211121,RV32_ISS,11,0,1677744,1428,126488,28bb7b797f5b220aa95fa0f7ea27e2c860d6b22ba4a11c5940058b0c16a41672,2419147-68750d245169.json
2426904,54637211132111,RV32_ISS,11,0,510201,1428,126488,14883104a388f60cd18876d4bfdda26c8cc7932a11ea15c540ca724a20c26470,2426904-bfe3ff177f78.json
2427924,54671232221213,RV32_ISS,11,0,741823,1428,126488,5f158bc70dc19b9f43ebcb76ba53c643758b5d8338afd8199ee3d45d32efa48b,2427924-0a98cb963fcb.json
2432157,54712361323313,RV32_ISS,11,0,514360,1428,126488,08f50dcc1295d440ed62969fe1293db4459868205994a264ee43879da8706766,2432157-8662bf6530aa.json
2432320,54712362223322,RV32_ISS,11,0,1124644,1428,126488,9a995088f4290f59230321b0f03ca9759e896d89f1bf38a40644b53bdd736328,2432320-c4adb145c4cb.json
2435220,54716232222113,RV32_ISS,11,0,805157,1428,126488,c76b41ccc19be2a7de8ecea548ede4ec09fc392a7f8eea4d2289c71b87c9a7b3,2435220-7134db4c666b.json
2435605,54716321112323,RV32_ISS,11,0,669017,1428,126488,efb629897bbc07625f42427dbdb75694839f6991ec8d47e8a3d49685506672d1,2435605-c8a02614f39b.json
2436016,54716322313223,RV32_ISS,11,0,828370,1428,126488,4d7bb95e1d1b1c689603da4daa84296aa38e38b3c6f2fc4b5fdf777515d7ef7a,2436016-89f64aceb8a5.json
2437047,54721631111111,RV32_ISS,11,0,2268908,1428,126488,12a867cf3df874b7fe71f532e4f63e63d0a467a6030e876983cfdbb09056edd8,2437047-dcc818c697f7.json
2437084,54721631122121,RV32_ISS,11,0,702571,1428,126488,64f1f7296a3dca10c80806a35aaa8a6de6829d9fa029d58f9f1a73f3b4d94dfb,2437084-8fb60769e6a5.json
2437211,54721631311133,RV32_ISS,11,0,678295,1428,126488,9c3491fffc52fa8e27a79b35d37517e8351a050fe7cb68c9a4522a51485e873e,2437211-73d884bf6a41.json
2437367,54721632133232,RV32_ISS,11,0,489016,1428,126488,f8a8c3ecbad1fce7480b2c32f4e4086f3ddfc75bcf18f86cbfe5842e1226af0a,2437367-1a13390d8d0d.json
2437384,54721632212222,RV32_ISS,11,0,511917,1428,126488,ffc38e922729d4972d123dba5793e2c02788a806172d12b1bf3b193c3c94f207,2437384-812f2a61c432.json
2437385,54721632212231,RV32_ISS,11,0,552230,1428,126488,2899124b68a559d03e22b6992439c0f1d10af3b6bf4214d8e248988c5df43480,2437385-2a48b2a20d03.json
2437675,54721633231322,RV32_ISS,11,0,501447,1428,126488,b1a1792001a63e9b353fc26f66051c9b873c60ab5fd198e52fc5449da2dfeace,2437675-9d25620e9fb5.json
2437720,54721633313321,RV32_ISS,11,0,505128,1428,126488,856facc27f92f6016ad4f29d593affcfd42ab497bd37a0f93bf22976f9ab6760,2437720-d075ab14083b.json
2437775,54721633333331,RV32_ISS,11,0,479716,1428,126488,b58d1e53f4412c6b8243d259c1092666f7fbe76570e31a48485c5c0522d4645c,2437775-df720fa38584.json
2438808,54723612131312,RV32_ISS,11,0,1331059,1428,126488,d005ed221f2096f5c80704b75efdf40478de6b23e567fb0a480dab986207101d,2438808-dcd67106791c.json
2438860,54723612221222,RV32_ISS,11,0,1362082,1428,126488,691c5572daa4f88247ea53ba94d8b849aa2b7869042b6278704849356711d36c,2438860-d073839067e3.json
2438868,54723612222212,RV32_ISS,11,0,1164820,1428,126488,6b8524ecdaa65c04e8637ecc5655353d2b83868258df342b6f416c2afc09de89,2438868-1a6f52ea565b.json
2439024,54723613121312,RV32_ISS,11,0,1360814,1428,126488,df8f0c9ad7857b24723c90461a30129e5fd6d8af199917fc443561bf48bd708c,2439024-132329c39645.json
2439231,54723613333313,RV32_ISS,11,0,750931,1428,126488,de6bc23c3a0e9a9ded2b52ccf13f3088bb1b9306cc1638bea730798b8ae3b153,2439231-2a3669d4447f.json
2445757,54761233322321,RV32_ISS,11,0,532398,1428,126488,b1f9b2b38e28432004770fc03266ff819d9e347b0401d8099a426ef448e74ab1,2445757-27ebbb275d9c.json
2449157,54763212322232,RV32_ISS,11,0,825724,1428,126488,b8cf123f94412ad485dfdcc9d7fe30cf8fa42fb910684d6b2437ca4ce9362d47,2449157-4a2b715ea1d0.json
2449563,56123471222312,RV32_ISS,11,0,538016,1428,126488,8722dd382589cc5dea2821ed825682037a8a8150c64848aaf387ebf6e1ea9939,2449563-5095d21d50e8.json
2449570,56123471223221,RV32_ISS,11,0,475760,1428,126488,30995e6d5155637cd76930d3628135d79a3aa5bfe4d9dfaa030dfccc32e6bed0,2449570-30603c8e3f42.json
2449664,56123471331332,RV32_ISS,11,0,837648,1428,126488,ee0b9e70ff1c546d7f59dbb2a6d82cdaf45fe8e0255db3108edee09dd7cd167b,2449664-e8563e4aa961.json
2449675,56123471333123,RV32_ISS,11,0,579113,1428,126488,d349e98b335deca8e3506f8ec8ca0de6eebfa993f57035e02d0cdc73db5be0ea,2449675-fd63971d0322.json
2449882,56123472322121,RV32_ISS,11,0,730745,1428,126488,ee997699c4222ccc0b4b371ffc4a3e9df021c6d5787f9e19fc92c2d3c2f804cd,2449882-76485b0f693d.json
2449907,56123472331331,RV32_ISS,11,0,534559,1428,126488,98fefce51185f8b79fe3d4738afc77317b932217a98f6b14d73804feaed4867b,2449907-b0070dddd5be.json
2450000,56123473133132,RV32_ISS,11,0,764749,1428,126488,a5c6974e668a35c37f245cbb0a597fdfaba30842d5bf080867666194597df18f,2450000-e327a20c3dfa.json
2450003,56123473133231,RV32_ISS,11,0,577978,1428,126488,64895ba1a94ea9dcb6c8014a680425c8bf68143e223f9e6ceda06a72c8cfcadb,2450003-f3d814c9f7bb.json
2450043,56123473222112,RV32_ISS,11,0,571894,1428,126488,cfc645e0464a709552900cc4f1912f7e617eb7970aac92831531abfff2872c1e,2450043-8afb7dddc504.json
2450058,56123473223312,RV32_ISS,11,0,432263,1428,126488,32e5f1d3deb9877c05dc5c348ff6a7f7dbaf8add700ac7913ed60a9cb05621fd,2450058-8aa9f7df805d.json
2450130,56123473322312,RV32_ISS,11,0,558330,1428,126488,547dead839d4c3fd563189f808aa9c60c78cc3a3342f41f45730148a28952e30,2450130-072c479f2864.json
2450903,56124371111231,RV32_ISS,11,0,653995,1428,126488,f85ee34427e498dd4871339cf286ea983516a032ee3a2a89db2bff803e06b2aa,2450903-9f6a9a3f9bd9.json
2451049,56124371232323,RV32_ISS,11,0,730523,1428,126488,7bcac2b0828e175dc0488092dd71bc13e4592f6dda20e712e8da81118b802f79,2451049-12ef82e186fd.json
2453803,56127433332323,RV32_ISS,11,0,865112,1428,126488,69a56bb3d38462b4e6772b683aebb26c7d25be3c76fa115c9d3be3b72a8b4107,2453803-a253ad3013fc.json
2454299,56132472333332,RV32_ISS,11,0,823829,1428,126488,26861d8fc26ab838170a8888e3d710c3a704f78f10e21e7444d02d03371a08c5,2454299-1bb248550f7a.json
2454381,56132473211111,RV32_ISS,11,0,706915,1428,126488,2f852c05c87920ecabe755a8d72a01079321fd01fe688a8285e575c5d6691c0a,2454381-9d210d060809.json
2454402,56132473213211,RV32_ISS,11,0,532230,1428,126488,997f4a050b91502099b8ad13d784e7557336585827323a1eee2dff3834d89bbb,2454402-5fbab60781f1.json
2460364,56143273332323,RV32_ISS,11,0,934848,1428,126488,585a6bbda90fc440a2571c8f497ce993ea264672bc44d4c8e5f0fe86fd824e07,2460364-63fa2fe915dd.json
2461223,56147231222132,RV32_ISS,11,0,843037,1428,126488,8ccdbd89b9e14b3f3bd3423c878878526cb6c4134c9203a71570cd115d58a93c,2461223-2d155e2f8a5d.json
2461341,56147231333213,RV32_ISS,11,0,765403,1428,126488,e0c058bd116cf2fdf107173fbc9bec94c84b99e644a3bd62a352f8faa8d37c62,2461341-0327bf5c5512.json
2461503,56147232233213,RV32_ISS,11,0,914802,1428,126488,fc5355142db03693b9d219597b815567a2dfb76208022790233c1cbd3a59a701,2461503-3ac6754a0b5a.json
2461575,56147232332213,RV32_ISS,11,0,1177882,1428,126488,e02f13f5e142b6bb1847f05fffe015455d4ea304867562a44ba590044eea0cad,2461575-cc75bae6036b.json
2461581,56147232333113,RV32_ISS,11,0,622356,1428,126488,c32f58efa9599c3f348df233195c5c5c4f6b5dc0c55551c37b3f504ca4370af5,2461581-7dbed8bde903.json
2462315,56147322333233,RV32_ISS,11,0,1112388,1428,126488,16ffc38a6a25a87d15f481c4e67cd078219e6dea59af28166fec1315a3bbdbdf,2462315-2f0a5fc49de9.json
2464767,56173421113112,RV32_ISS,11,0,483050,1428,126488,d9fca450f7fb024f2c1189e2841bbe881c119f1efaa2a503355f5a4afa828c9c,2464767-d67b49a5da39.json
2465936,56174232323333,RV32_ISS,11,0,994074,1428,126488,b6bc5a2dbd6ad3e5abaf156d176b12706094ebb3dbe9008a9dc94e21cdc46fed,2465936-66e96f98b6e1.json
2466351,56174321232113,RV32_ISS,11,0,1162536,1428,126488,78e9c99b4a424448bc08990522d2c5ab81bd3fcb785fbf4ac0d17bcab682e8d8,2466351-08edf982b612.json
2466936,56213471111111,RV32_ISS,11,0,1034979,1428,126488,2c3b94a3a2017334a714af6d26b5aedcd0158ee75c04da1ee5b75575e52bc211,2466936-d221113ccc44.json
2468339,56213743313333,RV32_ISS,11,0,1234088,1428,126488,0e82280b42d4ab76e852619340ededa438bd2bce018d695fe9fdca9531b590ec,2468339-9c4bf166f69e.json
2477700,56243173133111,RV32_ISS,11,0,777433,1428,126488,2875724f82bb588b3e8a462a601b0f82da15ce971bacd9b884a608eea45460ec,2477700-720b8ed10b37.json
2478392,56243713121333,RV32_ISS,11,0,697397,1428,126488,23a2443a4627a41be9ec912cf287a944543f3a7e06e2c3f9b24539db2bd1f3f9,2478392-8601dc94d424.json
2479082,56247132333233,RV32_ISS,11,0,680676,1428,126488,d7806658146ebc8b4a9cbf4ee9a7cf6ffd0b9c3b486e30cbf36c62fa18f4c82c,2479082-00d8ccea0e7e.json
2481279,56271433111313,RV32_ISS,11,0,920682,1428,126488,4a109cf419764ae1ce193223dba2c3fb25da4600385aee753eab021832ccf0e7,2481279-a488dcd223ed.json
2481324,56271433123313,RV32_ISS,11,0,891716,1428,126488,a2ca985ab39bc94bb7e5742948c68deb9dc403b181f781ce0a57257af88054c4,2481324-8a93d406aeaf.json
2481342,56271433132313,RV32_ISS,11,0,614577,1428,126488,463be8c95d0af3d799ea3b9fe2b0bd870f5f4fcb7ae221ba49613e9597109a60,2481342-45fecf0840ba.json
2483435,56274132331133,RV32_ISS,11,0,491280,1428,126488,1f7c0921dfbe7c320589413619952ec61ca8cb2c94765403249fa90cd65e2b62,2483435-402909965809.json
2484129,56274312313211,RV32_ISS,11,0,1730878,1428,126488,61c8f35482d8ddf9e5e5cfbf4489fd8582f4748d4d695f61d243be0ffa84a648,2484129-c2fe1f3c7c0b.json
2489452,56321473233323,RV32_ISS,11,0,579108,1428,126488,4db442cafe61b999f508868976d413a90ad4c09666f17d815cb8bc357729e8fd,2489452-461044ef8849.json
2489859,56321742211112,RV32_ISS,11,0,793739,1428,126488,dc7bcb3358c00c4c9a24f1715cd7594b76869b8a156f64dcf21c8273ee4dd82e,2489859-db7353556ed7.json
2490380,56324171221331,RV32_ISS,11,0,423996,1428,126488,17ea7fd61f20cd8afecd2eb699cef751c1ea4be75aa01cb33b3f78cdbb57ad40,2490380-d81684539b19.json
2492540,56327411211332,RV32_ISS,11,0,465629,1428,126488,20ce7234eb155e67d6e73dc78932c5585e9b7dffba282c9e7829e6fed07165dc,2492540-c57d25ca532e.json
2493036,56327413213112,RV32_ISS,11,0,571753,1428,126488,8584431c5a96542c937cd021e6f16e92dc15743e6a6bf1e1592b7f434b09d8a8,2493036-84c530281842.json
2493696,56341273121213,RV32_ISS,11,0,851701,1428,126488,695d61efe2d898d87e71471bd9558b2d0894073b5061bc3b9022d883f8b278e4,2493696-513bc4dc1f68.json
2493723,56341273131212,RV32_ISS,11,0,846476,1428,126488,fb12c5b5d230b76629d1a19b05f561d1bd8b87e35232e376a3947631236801e6,2493723-c7516b847c5e.json
2496578,56347122333233,RV32_ISS,11,0,728700,1428,126488,c28b5b4d39dc88939c681d2d48a1004b6e83ae0d025c7273e8f67a1d5daa17b2,2496578-f32a6589c8af.json
2496924,56347211213111,RV32_ISS,11,0,706486,1428,126488,d6521c056032aa86b2b97efb061c0473ed9f673cc0b7c63d1323ec95b1f89639,2496924-a0460bdd8ef4.json
2496944,56347211222132,RV32_ISS,11,0,622882,1428,126488,17d716a00db05286f2a269d55c69d0b3b417e67ee033db2982f17513288e2003,2496944-2198e4ebc78a.json
2496996,56347211312111,RV32_ISS,11,0,790251,1428,126488,4cc7496f5ef2394a16932cfc9b38f2753d992de3ddc429ef2eb54dcde0ba6f16,2496996-345a09f5a53b.json
2497043,56347211331131,RV32_ISS,11,0,530492,1428,126488,1e23fd42f2f06b3a6510dd3aeebe6f021b7029b4289e80ee6a95fbdd595115b1,2497043-98b7809d66f3.json
2497072,56347212111221,RV32_ISS,11,0,1013792,1428,126488,749c509acd0a95cc1002f404b975636ecc84f22b4bff0298e8091e2a87cfb9a2,2497072-84adf5a6c9a7.json
2497074,56347212111311,RV32_ISS,11,0,871525,1428,126488,f81e52666f2a6e3ee3a7e3e39cd17799d83ae72b870943a68832d9c552d28ad3,2497074-5ae67ac84cda.json
2497118,56347212123233,RV32_ISS,11,0,846856,1428,126488,6ff26decc8ef6499fb8d70663f7cd3e29f4c6f96d941a910b07ab395a7d4bfe2,2497118-1a970670bd9c.json
2497216,56347212232223,RV32_ISS,11,0,631702,1428,126488,a4dcc37f05a5abda91bf626df6fbe06e3a50866c508cd1f66068a5560ac27e07,2497216-35f7575b507a.json
2497314,56347213111211,RV32_ISS,11,0,654498,1428,126488,5efbfc574807ac1e3e4b6f36e684eed06226635c2af03c81da733f673ff5616e,2497314-aeadb1164718.json
2497373,56347213131332,RV32_ISS,11,0,665091,1428,126488,9741dd31fbe4d906bf22c907030eb964406b0e81583c9cde5a31d478a5c821a5,2497373-509ebae868c0.json
2507900,56423171231231,RV32_ISS,11,0,389534,1428,126488,107e2459c2ba6fb256ab92b9f1f5586a0eb9e5ad1b5a08c7b1bcafaf93f3d9fe,2507900-14baa1d7ecab.json
2507902,56423171231321,RV32_ISS,11,0,694263,1428,126488,e460e0073b8e54641399709dd0f3428e740c2d3aa258dcca5a77bcceb92d610e,2507902-a45e3479c2a7.json
2507956,56423171321321,RV32_ISS,11,0,484122,1428,126488,1eb6ce1cecf519485229d8890142f7668c6228c804bb17dc59f55c55a0601b9c,2507956-7577698ecc2d.json
2508013,56423172112121,RV32_ISS,11,0,867620,1428,126488,6985366b63f095b627eb1edb15d46f68470f2d6ffa4980364cee619db4dd8e83,2508013-e1dd3734906f.json
2508310,56423173132121,RV32_ISS,11,0,632085,1428,126488,699f8c0ded948d4ab2347da1d1b467189de013e985402b536f1a285f78b2ca77,2508310-e3acd304faed.json
2508318,56423173133111,RV32_ISS,11,0,620252,1428,126488,5eef3e2ae1ca2bb38b57d8ba0fdfbbbdcec228ce8f792d15840e487412307e12,2508318-8044a3692a89.json
2513386,56432713122122,RV32_ISS,11,0,695283,1428,126488,82f30c7118c9d200776db9f1c8db0d99761174a46c302946de80f5842c3e615e,2513386-8e0d05c7938c.json
2519568,56712341232113,RV32_ISS,11,0,560773,1428,126488,c3b98012ba2d5436cbc7dd1382c3d344abd5002f9101833ec239a01ec9f34822,2519568-654f850ce771.json
2519992,56712343211123,RV32_ISS,11,0,629639,1428,126488,aedfe14a8533950d5c788fa4e61547dc2db702958bece6a25061cf5299b83c57,2519992-ecb0ac305725.json
2524337,56721343123331,RV32_ISS,11,0,599745,1428,126488,b4adfe4d66876ee6acc8ee2d116ce629b8fec875136b3ad62460e6cc029ed92e,2524337-f6cfe3a0d17e.json
2524946,56721432312233,RV32_ISS,11,0,901859,1428,126488,c01d18be6f7a34aa0a0a5ad5938de7980926367f3146f035ceee231d703d998a,2524946-76d94efc9248.json
2526009,56723411113313,RV32_ISS,11,0,480568,1428,126488,b462d7b87df568e9891f26d58f5f8944d057e68c5e8521ecd92fa699efdd0624,2526009-c4b0421f1495.json
2526012,56723411121113,RV32_ISS,11,0,603845,1428,126488,5d429b85e594ad9430479a04a7a82e3024e7d015f8d9c0cfd61652f64a3136a2,2526012-e52876224fa8.json
2526039,56723411131112,RV32_ISS,11,0,940137,1428,126488,67d04aeb7e95dd7084d50c205cc88f48e7e1c68ae8e101bff495e08164178600,2526039-a6f51bb1171b.json
2526108,56723411222312,RV32_ISS,11,0,413075,1428,126488,46a0295a126441f8dfbfe0f4807143327ff45d2a71135533a260c4236605ee8e,2526108-13519ab4c0cb.json
2526270,56723412122312,RV32_ISS,11,0,719594,1428,126488,53051f287a459a8705d7763200c0ca342ed92cd454410f70534b67fd64f6ee39,2526270-01ea1f78355b.json
2526439,56723412323222,RV32_ISS,11,0,719935,1428,126488,82c7914ccee08a51677f5fa6a0005a122b8fa1a5ecbb0cfc2c602f73877e4283,2526439-83617bbf930a.json
2526582,56723413221212,RV32_ISS,11,0,892886,1428,126488,28dc53bec2f739216d26f879931aa24c51e3fb39891d720398aa2d49e86b497e,2526582-04fc743c9803.json
2526588,56723413222112,RV32_ISS,11,0,456104,1428,126488,9e65fc53940aa54aa4a11b2f4573b34518928c3dabcd33846a0fc158733264ed,2526588-e37e6f3a3fb9.json
2526687,56723413331111,RV32_ISS,11,0,505026,1428,126488,e035d975cb54ae95626c43781fc8f90b3cf64c8929ac61e1a67f6dd5103e9fb9,2526687-5253404183f9.json
2530152,56732143122113,RV32_ISS,11,0,651772,1428,126488,6963c7a44da2f4fff325e31c923e71a10cb05353f7338a57ae352a931810f289,2530152-6dc680d45202.json
2532579,56741231121311,RV32_ISS,11,0,721629,1428,126488,597ce70e952d5bca81e4d255a246da3e545d79b31859fd45fb91fc6396053163,2532579-9cf99fc1d5e1.json
2532603,56741231131211,RV32_ISS,11,0,821959,1428,126488,f3ccdf6a058a93ca0930fcb3efcb9e04c06b511945bc560db0a6fb0200034a5d,2532603-52d11feaca12.json
2532629,56741231211131,RV32_ISS,11,0,696944,1428,126488,a49cdf96ba3aecf061a5e7937502f0397de5854adf2bfe66d22030d352abd6c6,2532629-59d18b532439.json
2532709,56741231311121,RV32_ISS,11,0,488264,1428,126488,6f19b6c6b5ec7dab2cdcdc7c81a5167701b77df00f99b34349a8cdec4468c212,2532709-9fb514f610d1.json
2532789,56741232111113,RV32_ISS,11,0,831514,1428,126488,66b49a4815760a61d15af5dc877a4092b5634962f0c860b8a6e3f2082052347d,2532789-d4801d11d063.json
2533032,56741233111112,RV32_ISS,11,0,673767,1428,126488,a3df9c7da2f1c63895175a65fdae0a08e0a30fe0070ac530248e343f39c5df18,2533032-16bbb55a4adb.json
2536474,56743212122222,RV32_ISS,11,0,1370668,1428,126488,608f219e2242a5aa4810d16a725e79566a732d1ba3787553c4ca4a9022e14387,2536474-f9a700912bc7.json
2536546,56743212221222,RV32_ISS,11,0,1594023,1428,126488,2859d690c65c02ae33016fea5fa1b3a39bd52c608e03180ce15486049d37b9dd,2536546-bd530ebe44b5.json
2536707,56743213121213,RV32_ISS,11,0,1102215,1428,126488,7da2b2bd2b889df059e2c1d426710411154b9b0a5bff5249ee88a506606a1eb3,2536707-b35bdcc04aeb.json
2536710,56743213121312,RV32_ISS,11,0,865413,1428,126488,2a0097daf96b3519df68b2ab28cafcc82a8c6051cfb9887dcb91af340fd3b5cb,2536710-3e47040ee948.json
2536901,56743213331333,RV32_ISS,11,0,891466,1428,126488,9c2b044f7e9b82b04567ee1a954cfa6a9b846099410cb2430f1d6694f463bfca,2536901-e3c68d44cf9c.json
2536920,57123461111111,RV32_ISS,11,0,853386,1428,126488,9590bcf8d79c70a7146eba78423447697f5e0c6494a3761e931e1c13229dcf99,2536920-3df22a36b7c9.json
2553990,57164322131312,RV32_ISS,11,0,1320490,1428,126488,10a2ba7060601782d2ebd3cc99a384bff2217783da70188892da38fe9a0db73f,2553990-234a5fba6800.json
2556086,57214361323232,RV32_ISS,11,0,515615,1428,126488,f68af1101096b8c781cac09b94faf96632d95c59e0190d91bb8ce656b7a5e147,2556086-6d5a767df65f.json
2556939,57214632212213,RV32_ISS,11,0,1617821,1428,126488,992854094ffdad7bbf1dcda2086a8bae090d1eb38543ee49ad5a6c2c4358e778,2556939-f126a91cf263.json
2561729,57236141113232,RV32_ISS,11,0,582871,1428,126488,237a35a284989d7205b012791c5a3016c27adb8618fd36641b318098cc65d26d,2561729-5f1af8bf2e37.json
2561909,57236141322233,RV32_ISS,11,0,601507,1428,126488,fa4e53ec53dd21218f68eaf0ba57e56a1850ec2def4ac59b6333d9a9483618ec,2561909-a8f1b6a197c4.json
2561918,57236141323232,RV32_ISS,11,0,742894,1428,126488,c7ccdc9aeb690b4ce795a05b72f7f0272f3623cf44e078ea2f1047d9e2c9c84c,2561918-381d3e7e63a1.json
2564091,57241631322113,RV32_ISS,11,0,471994,1428,126488,26e4cd04b1b2868021fc640b57e5a267078fc055d271f4e8b908c8169d60ad37,2564091-40e592579236.json
2564100,57241631323112,RV32_ISS,11,0,565861,1428,126488,f4c4eea910dd3ba2ef7c0ffdd64abd32ad5671092ccd8808d813828bcc23f68c,2564100-ff0e758460fa.json
2566094,57246131112233,RV32_ISS,11,0,699938,1428,126488,77dc18765a650f12812fe2ea5e9c7b3d41ffe6ca54fe60028b5d6c979ed1d127,2566094-d05645e14baa.json
2570704,57264132111323,RV32_ISS,11,0,1132423,1428,126488,a77cdc9fd22bf5898dfe09c5c0780a15a8d11db7e25d328533e777b388c7d0d3,2570704-471a4b08cc68.json
2577177,57321641311112,RV32_ISS,11,0,541694,1428,126488,4445be198437154059bb38912de454e67f9724cdd4910ea4155f18b24a8bf112,2577177-4dfe9fd1623a.json
2577422,57321642311132,RV32_ISS,11,0,911678,1428,126488,5a2aa77ab09cce69972117d7fdbd1d9b2b3798625dd51bac39aa3d63a8e668fb,2577422-cd8426eed28f.json
2589027,57364212213311,RV32_ISS,11,0,1154507,1428,126488,8064148cb5b53c766a662655a07b6812e1dc4bf0285ea6901016a5c92bd22a06,2589027-4e4976bb8631.json
2589105,57364212313211,RV32_ISS,11,0,1424270,1428,126488,f503c85c193e8ab307e1fc59da971289b982ed8f13c07fff9435f72427d65d57,2589105-27c963d8525d.json
2589391,57364213332122,RV32_ISS,11,0,484192,1428,126488,834323939dee2e0ef0994371b1432c07f6d182a5111758af67289bfaff09ce13,2589391-c0505fe4d43f.json
2622238,57642311113322,RV32_ISS,11,0,616588,1428,126488,be574a03c30863f6b727efe72b9c82246651238b242ec495f8eb50cdabb7ab93,2622238-c4d64823c768.json
2624785,61234572231323,RV32_ISS,11,0,561164,1428,126488,2edadd7bdf80f74a0663c6a8a3331d05ffe60cd5ff623e4dc5fef420638951d1,2624785-350a07b5e123.json
2625033,61234573232213,RV32_ISS,11,0,435748,1428,126488,29de3439959808e8d8b48e7ef859c95062124ce43b15ded59dd7210883b09400,2625033-27c92a33a9f6.json
2626769,61235741313131,RV32_ISS,11,0,1131461,1428,126488,dccea3983940c03c923a4ab67ee327487ccdc8a4bf2beed67c99023f253a67df,2626769-607cfca4ccae.json
2636695,61257343232123,RV32_ISS,11,0,668740,1428,126488,a21be4a6ccbb00303cdab208a382d6689b68ea2af85b734874551b80e27220b1,2636695-5f872c55ecb9.json
2639162,61274351313131,RV32_ISS,11,0,852928,1428,126488,f3e6c5cef0f8ac0679c2058f992131d0239dd9ad99075458aad839eb534d0403,2639162-2fc34cc1e16a.json
2640094,61274532231323,RV32_ISS,11,0,627031,1428,126488,efcd4423244102c7db42e057648d00f6a708844033b098632e771a542bea5531,2640094-aa917641b0a3.json
2651047,61352472233321,RV32_ISS,11,0,430950,1428,126488,b8ebd60a6963920bc5c55a4e2b782ba720b285c27326afa50937ff073fb98a26,2651047-4562b24ec29a.json
2651070,61352472313211,RV32_ISS,11,0,4324113,1428,126488,d54c0ca67a84df98e0f7934c79ec0f4651d644a02f88f96eb57723ae538b3fff,2651070-b8457c3e5094.json
2669037,61452731311313,RV32_ISS,11,0,603766,1428,126488,3b51d58da3e25683619784dd09db42c144447417091d7ebd25b257c318f2bf1f,2669037-a78678921e7f.json
2670327,61453721111111,RV32_ISS,11,0,837600,1428,126488,604a06ef02e3cc4f3570aae3e1d8e5fb8a0205f8b7f41d34db2acbcf6005fc15,2670327-c3166e8f31b9.json
2670489,61453721311112,RV32_ISS,11,0,543997,1428,126488,3a883a1fbfc1fe2df9e9c19c8f772459c91f40240068b1343e19c4108bed91ee,2670489-971bc13a06e5.json
2670814,61453723111121,RV32_ISS,11,0,530365,1428,126488,5e695a6c6b707c164d4773df7eea8a3556df2273793d17b5c20f337f4daa0b40,2670814-34c264c139de.json
2673539,61472532123332,RV32_ISS,11,0,633485,1428,126488,98bc1dd0ef308f08beaafb06e6e298fbc5c3111f3df04d024ea1c148aa3c2855,2673539-8c3ea8b979ce.json
2673738,61472533112111,RV32_ISS,11,0,481514,1428,126488,1f67188bee8748697cee8a9551d5440a90e893a995718a6945cc8deac657124b,2673738-ff9a95055f9b.json
2680533,61527431111111,RV32_ISS,11,0,1018465,1428,126488,4f8d6a086b58b32946e2cea0cfb0f92a1883ac979e9c84fe708fe79d72641cd3,2680533-ebcdddf39dc1.json
2683127,61534272311132,RV32_ISS,11,0,881561,1428,126488,c4941b51843880dc26ed9c3901f1172949c63c9bd4caae81d7307df75c9ddf3b,2683127-8c8df1fd8e84.json
2683464,61534721112311,RV32_ISS,11,0,515652,1428,126488,1e1e6da50a3a698985bedf6ee7235ff292a22cc56b740683eb6b5cc71b89f181,2683464-b9689e5d1df1.json
2683470,61534721113211,RV32_ISS,11,0,527793,1428,126488,78e7bef35472cc05b9f26ddc96d7389804bc13ad7c507b58406fe463c0de7416,2683470-fb17046e4229.json
2687094,61543271111111,RV32_ISS,11,0,1401414,1428,126488,4a5c9b3840003b205d871cd0c7225ac61ec033c11a9a7fb97e90b6077327f0bc,2687094-c9161b944173.json
2687109,61543271112311,RV32_ISS,11,0,771945,1428,126488,d20e4a868aae5ec4c58d8c7b440b013063c57be2cc30bd1912b4be133353d8d1,2687109-86baa9eb81ba.json
2691160,61572432312323,RV32_ISS,11,0,851438,1428,126488,83481f3bea6b59dbf4adb750dae9f1d494b61a8ed92e27b64210edc43a7b3513,2691160-e9295f6bdec6.json
2701556,61734523222331,RV32_ISS,11,0,649504,1428,126488,b2fb21f6cbbbff64d324484cdf9b79191ece5b35520614413b6633e4ed7e059f,2701556-362fb32f2a86.json
2712319,62134572321323,RV32_ISS,11,0,503582,1428,126488,e525e8b2955af252998c7c7277740aeff70335052ccb7812f6070879a7f5b0ba,2712319-f330c0435ade.json
2713375,62135471122121,RV32_ISS,11,0,755900,1428,126488,6fec9ba1da4024b4f27453590d266b1cb9335a0fe022a4a394ab4ac303411e83,2713375-bd4e3c5d73ba.json
2713646,62135472132131,RV32_ISS,11,0,413524,1428,126488,26dc57ebbb9965ddfea2971a02e2e0048e25147f6894630b4871b82874f31028,2713646-033819238d6c.json
2713862,62135473122131,RV32_ISS,11,0,585296,1428,126488,81e678f10c7b6cc214611dbf15f24f1c06081a8daf391a93fc58750c3c44b199,2713862-faadca64fd91.json
2713870,62135473123121,RV32_ISS,11,0,739144,1428,126488,768860d760651fb06d4bf8fbf779de435831a401308a6076a6cd7d256128a2d0,2713870-15e8026873d8.json
2713880,62135473131131,RV32_ISS,11,0,693593,1428,126488,02f6103d6bc3bffd2d54f955e14d1a5df2a4ae9ff6724f6084e4163ac5531d7b,2713880-1bd865d6ec1d.json
2713888,62135473132121,RV32_ISS,11,0,656813,1428,126488,bb6124fe7cc5494c61970d2d92c70bb4f90ad21b535312dd43aafc1fdfda2a67,2713888-92b4a6c5bc72.json
2713973,62135473232231,RV32_ISS,11,0,550285,1428,126488,d78629f11162a0e03622fd145eea46d571adc28d6ee9a311f0584082426e42ca,2713973-cfb35603f8c1.json
2714029,62135473322321,RV32_ISS,11,0,557591,1428,126488,7dfc6e629a083714bf80d6f5dabf4e21a3c374503fb766efae086d130d7ff7bc,2714029-502a6088af28.json
2714678,62135743222331,RV32_ISS,11,0,439554,1428,126488,4dce90e4925fd280efccdc387b63e7fc76c3d3b50caabb81dd1d417fedca0679,2714678-13fd0cbb0f61.json
2714728,62135743312223,RV32_ISS,11,0,1427363,1428,126488,e912728a9c9b54ef5057e5be2021947b710409cb967604358513181be2d01df9,2714728-9ce051ff46d6.json
2719702,62147353123121,RV32_ISS,11,0,454679,1428,126488,d24438f759f1b475d6e0f32e957a05e98ea12532afafa600db42720c38494aac,2719702-23a5328b7820.json
2719720,62147353132121,RV32_ISS,11,0,622634,1428,126488,f071f8fe97bcc02b1ed351293a3b42220fc762eaa6d9e6d8a57c143fd4c25c3b,2719720-51f6e748a1fc.json
2723491,62154733321121,RV32_ISS,11,0,608839,1428,126488,b9f475185f3df618bfb03ad0565671aecc97c31ed227b4e35e1e1d7e4f10cbce,2723491-3fcce7dd4212.json
2723853,62157342132212,RV32_ISS,11,0,831144,1428,126488,33b8a418c6f6fbdff216c4b0d1912c641c9a4de257f5a95431959c7c6e75598c,2723853-e85a3e8ac2ed.json
2726363,62173543232132,RV32_ISS,11,0,551560,1428,126488,1509f22e03d0290e0a58bee81ac0de325d2bd406c0f9a06741729ec84326baa0,2726363-c76140e0ab88.json
2726498,62174351122133,RV32_ISS,11,0,1081677,1428,126488,91103d78f03e40252a8bfa905973b74eb952e40cc35761d26b517d0e48faba0d,2726498-4803c9e4a422.json
2727840,62174533311212,RV32_ISS,11,0,633944,1428,126488,afbf30755b20c6dfba503dcb955db5f7fd17924024b396d7daab996f731803bf,2727840-36101753fb1f.json
2732787,62317453112111,RV32_ISS,11,0,531756,1428,126488,f243fe2c4b304dcea688385ebb601be88aa38c9f96404564623d481d450e9e6a,2732787-29c0d8ba8919.json
2732952,62317453312211,RV32_ISS,11,0,591518,1428,126488,98dfe0c190335dfe2f2a79f098ce795fbdba7f6aece6e842f7f736f51d1edc14,2732952-7a7f0dd63968.json
2739349,62351743112123,RV32_ISS,11,0,1243234,1428,126488,f1582baa099f1c9439da9d7577cee5da8ea42cd6b1d08e9658a33270c192391f,2739349-a90c744a381d.json
2743152,62371453311311,RV32_ISS,11,0,537729,1428,126488,9ef8c0d13e21cc8c2ba2f7817da30e0bf5c7c18093553a59ed85e622c8aec177,2743152-d06552a4a68a.json
2744889,62374511322311,RV32_ISS,11,0,609695,1428,126488,5b1edcb91fe159d57f0e8b2c3a834255bb6bc52ac9e62433c087e3fa819de9fa,2744889-0568a3b45f6b.json
2745187,62374513112321,RV32_ISS,11,0,713060,1428,126488,32982e414a2ef49d73443a63b1cb89606752a17fcc35b4f0f77c0c64f7af6ea6,2745187-fb1babb908e6.json
2745342,62374513312112,RV32_ISS,11,0,440459,1428,126488,215a8c2ce073084a644bdc70357d8daaf910bf52e7214691c1ce993b06a43693,2745342-6a599f562836.json
2753030,62435172211133,RV32_ISS,11,0,857983,1428,126488,26f137b74ef81869897255adfcdaf5079c96792441e12d65432e939b3bd08a9d,2753030-d7f9989697c2.json
2753111,62435172311132,RV32_ISS,11,0,1073172,1428,126488,e4a5941b7d42c1fb9c979dfa6160bf47cd388e22a15bf5c65e7bde22834902dd,2753111-d5e6bb6b8e18.json
2753554,62435711222222,RV32_ISS,11,0,729843,1428,126488,68fa61e2a55fbedffdd37335913fe0275bfc723fae0a001a1c3f314c1af575ef,2753554-fb4255448da5.json
2758456,62453713311122,RV32_ISS,11,0,1057741,1428,126488,ba2ebb7a5959e3fd8e69f599e5e9d71d977fa41afb9f059a779262185db3ac52,2758456-2fd6afc9370f.json
2761112,62471532232133,RV32_ISS,11,0,951764,1428,126488,fa9f305c5da782689bd4a3b1eed62e624b08de81eb079ae1943ee6fcc1c711ad,2761112-dd0c3ab6eeba.json
2763115,62475131322323,RV32_ISS,11,0,624555,1428,126488,4c25065141961a1ba03b455ab1ec214db3088643e540a1f31b8607dd5ea8a3c7,2763115-31601ace2338.json
2769179,62531472321233,RV32_ISS,11,0,573863,1428,126488,729c81b1f3a10fdd848f0332998cc17879e7e68ac31a4af2d1463531616c2195,2769179-768a46c0c135.json
2775384,62543711211113,RV32_ISS,11,0,506601,1428,126488,71d17d278518e1ec7b0c3e32d4964df9485b845c10d8cc6b524551671c1b222f,2775384-3df122108edd.json
2775465,62543711311112,RV32_ISS,11,0,611534,1428,126488,a04e987e91b65cfa6587e391694eaecb06b5645927a7d1cfd51d6e9c77753e22,2775465-58407f75f73d.json
2778656,62571432321233,RV32_ISS,11,0,723749,1428,126488,95fcd3bc627a23982b1b791f870206890248d108a892b5d0415df81d827717b3,2778656-743b6aa78064.json
2789769,62735143223213,RV32_ISS,11,0,750486,1428,126488,f82c7fec1f0fdd0189eedd9495fd4dd6add514a94c810b13639aa0e28e0e1453,2789769-7b881afb8180.json
2801563,63125741112323,RV32_ISS,11,0,1376931,1428,126488,efcf0ca204cd72096f1a495e1e05582146ef6467e3456a293a1176e480a62657,2801563-17aa305744c9.json
2802092,63125743131233,RV32_ISS,11,0,833735,1428,126488,5dae442ea5d2c9f411705cd1011af558deacbf9db16b2a4cdf57e1b1494542a4,2802092-8b3904936f99.json
2802111,63125743133312,RV32_ISS,11,0,721410,1428,126488,6e94d7a013efc2847f3a02573e7ee2020f7068a1dd43ccca56facb7f2cb57841,2802111-13739b9a6ff0.json
2803734,63142571111111,RV32_ISS,11,0,1342336,1428,126488,ab056099f4c63cab773ca9a0b8e4a350e498cfc07e8b194331435dc1d6f4a858,2803734-7e473a15d024.json
2803804,63142571132321,RV32_ISS,11,0,1553153,1428,126488,9f16f1bd4c2fe3b48613f9470fd8dc91036d26313be2a996455be86503222b5f,2803804-e004aface403.json
2804230,63142573112123,RV32_ISS,11,0,823751,1428,126488,cf506f5cb7f1e7966168aa6d6fbd2745ead31070fc24e65e4ee4f80e222a6634,2804230-0b321726aa69.json
2812903,63172452312323,RV32_ISS,11,0,592008,1428,126488,4794e6fc6638478eac52aa1d927a9e20a876544b63ce2556884e91618adc20d5,2812903-0040f7d45f2e.json
2812908,63172452313211,RV32_ISS,11,0,1910513,1428,126488,ad532e1f5eae6f1c83b4458675b736e44d715492332cd537c5728d21d3463cb3,2812908-6c15d15bf801.json
2815139,63174522332132,RV32_ISS,11,0,448830,1428,126488,6c3ebcbb97893daa656a161a193cc627e005e7a1758a21310e64b6399a89e535,2815139-9f168f668961.json
2824922,63247511123132,RV32_ISS,11,0,712364,1428,126488,72b833873bf000b0109d3f940c5b3a87cd12b81fdd94aedaf983b9cf3cce03bb,2824922-d06affacd699.json
2826896,63251743133231,RV32_ISS,11,0,631899,1428,126488,50ccff8a7db318a7654203a9f334a00ea7c421b21611b27f19a499bcdd710ecb,2826896-223ec8c50d05.json
2845455,63452711311313,RV32_ISS,11,0,631937,1428,126488,e288f00a7e509c707c57edd0e04c9f28971a820575c3f28f32ba7ab4ebadd806,2845455-f8f23f3d968f.json
2845768,63452712333221,RV32_ISS,11,0,552149,1428,126488,37ae8eed1ea5d682cc4e709a94e0be7b90f807be6ffd6086cc8f90bf89b1a1d2,2845768-8f44b0edb1db.json
2848493,63471522123131,RV32_ISS,11,0,827665,1428,126488,6c350b1e9d2ea0e2b27cdc986cc103e6f2d645cf2523fa0d314b67cc8cc9acf4,2848493-902925d9139e.json
2848655,63471522323132,RV32_ISS,11,0,857513,1428,126488,275bd585d73bb0b51ac5ce9bb3b4de645c2e4b66497daad103e9fbd63a1aab4c,2848655-a995af6f61e7.json
2848673,63471522332132,RV32_ISS,11,0,484576,1428,126488,7916e211a0e05dc8ebea8a4ebc888985826c7ed602f5e5694165003a06e41ca7,2848673-54af2fcb2802.json
2849957,63472512123332,RV32_ISS,11,0,727191,1428,126488,ad99a0dcfcab5b5b8eedbda9a88e7d9e1c944acaa26fd7b2e75a3a48c3bf6211,2849957-69033680b4eb.json
2853251,63512743313333,RV32_ISS,11,0,1196483,1428,126488,666d2ed358b97393070bd18274541d343c9693149aea6d235c35d382246371e7,2853251-5bde21d59337.json
2860689,63541271212211,RV32_ISS,11,0,1127260,1428,126488,f8dfcaf2f577c2ef6374f9fbb18345a563fc60d3b6633968ca5d9ca3429d14b5,2860689-ff2199f2b361.json
2863304,63542713121333,RV32_ISS,11,0,1015417,1428,126488,96fd537d2952045dc3a9dd3e5ce027032c0c32b383d3684e56bdc9336d0bd931,2863304-3ced9fbd7d3c.json
2868905,63574212123131,RV32_ISS,11,0,617738,1428,126488,308f592af8b620f347a13f53ddbc186dec0461eb308f6c347c8a880807adcd34,2868905-d38a8539b4a4.json
2869041,63574212313211,RV32_ISS,11,0,2207364,1428,126488,62fa6cee9e8f302370fbce1f0b7439d6a744d127303224a01fb1328697ffe30f,2869041-0261f011ac12.json
2870424,63712542221111,RV32_ISS,11,0,941255,1428,126488,2a0d6472c2b4ea3433646c94f6fae356efe6381db3e89c6743e82ff9919c6fd1,2870424-e71b811197e5.json
2871092,63714252123131,RV32_ISS,11,0,816213,1428,126488,02910d2e1361f9efe72cec5eee43608f6df78c14754fcfdf3d7a28798719454d,2871092-7f34be49d43e.json
2871547,63714521112323,RV32_ISS,11,0,654212,1428,126488,33e007df90b4401864f69fe30a8ba83b06d119779b0c64fb8873a03cc38b8798,2871547-4f989454b728.json
2872001,63714522332132,RV32_ISS,11,0,392624,1428,126488,e6edada0094c3f6ad564087a42a8932b529d642b97d4f298cd80bd7cc1e161e6,2872001-d0a0590b23a9.json
2874607,63721541233322,RV32_ISS,11,0,503466,1428,126488,df1a16fe618a2c68f1a93d38dd4e406d5add54a538fbec0f86e8e7d1c5c5800e,2874607-668d8d70e91f.json
2875692,63724153121213,RV32_ISS,11,0,1586605,1428,126488,f7dbb65b901bc5c90ce7b812f3e0ffa150333a168e37c57fd0a7430cac941834,2875692-49ba4739bd03.json
2876650,63725141112323,RV32_ISS,11,0,1085635,1428,126488,edf7a8e43785b94f4bc8faab166cbc567853a74815f084ec5af9d64ccd39cb97,2876650-ba994c2d1640.json
2876788,63725141233121,RV32_ISS,11,0,437987,1428,126488,3f4859208425058922e5457901e9cf47148580df1345cd930fdb5f98699ea76a,2876788-42b8ca6e0331.json
2876924,63725142123131,RV32_ISS,11,0,954855,1428,126488,83c1ccff714411a4e35295396b0ac61d19ab688dcedd4964f90c0c9347b9c41f,2876924-072eb207c245.json
2877005,63725142223133,RV32_ISS,11,0,1354604,1428,126488,295c20a13c7452a8e351fb286aaa1c57f9039f3f979c483425d553f45258bc0d,2877005-cd97745a3eb6.json
2877156,63725143122113,RV32_ISS,11,0,742101,1428,126488,43e432a107fb9b4c15064bfc292a460cedbc4a04291fcac7f43fa2cf8c529cd8,2877156-731686202692.json
2877171,63725143123313,RV32_ISS,11,0,1008158,1428,126488,a7656a3d7a75a5b1db96bfb2be311fe61b54f3418f0d41f956b93609896a5a4a,2877171-5b62649d151a.json
2878459,63741252222323,RV32_ISS,11,0,1049553,1428,126488,9d76de48c1ecd68c182a47bf4bb4fabd0cba31fef79ad4d6740bb92ef8ac90ba,2878459-6708ebf599b5.json
2879111,63741522123131,RV32_ISS,11,0,984859,1428,126488,1d6a2b26f53aaedd03535bcfe574e1c16f4dc48702dad528332b79635aa0c42c,2879111-f71171f9f4ed.json
2880427,63742511232221,RV32_ISS,11,0,507047,1428,126488,bc85f196653c26cb5d335730363a39de60c21f70b91df4fb4f6fe77042544549,2880427-5a3b0582e2d4.json
2881533,63745123122212,RV32_ISS,11,0,579976,1428,126488,981555c1e06cb370242ac74a2cb98670437b5dc0227cdf4bf3dc905166e70eb5,2881533-5c022d558c85.json
2882824,63751242221321,RV32_ISS,11,0,771989,1428,126488,ab4be41b73f5a92598169292f5aaf9796f75666da46a9c16c0c242a0adac18e4,2882824-8cd0185f4e7e.json
2883723,63751423122311,RV32_ISS,11,0,760991,1428,126488,793abef594f1d301ae99db43eb1bb7d4fd84a917e6b4d00480f3d496a7ddbc04,2883723-5b9d4eae291d.json
2883924,63752141111111,RV32_ISS,11,0,997823,1428,126488,2e12feea38390746136470cf310f16b3a757260ff82ca2a709d912d1af9a9af3,2883924-48e640fbe5a8.json
2883963,63752141122211,RV32_ISS,11,0,860248,1428,126488,a220e62ea6bf8fdff8aa369837550692d94b8b823942c222c05906e8bbc8d603,2883963-b9ebfff6eaaa.json
2883972,63752141123213,RV32_ISS,11,0,822527,1428,126488,4c9ddd804c0ebe1b9eadf0fbec65172a6f71fe84d627432a2cd29967879db78b,2883972-78c60e0ead79.json
2884394,63752142332132,RV32_ISS,11,0,443832,1428,126488,ef75801ae5da47ecde8612ff98c23c2264159ad3b168c3add496a89c889f64ba,2884394-96e499946280.json
2884459,63752143123223,RV32_ISS,11,0,435938,1428,126488,e456db1182b28cba4634f6c002e8fe951c96b9ff5f5cbf8dec2370e28a09eebd,2884459-81d368b91fda.json
2884507,63752143212323,RV32_ISS,11,0,443569,1428,126488,eec6efa4e00884fccb6025479c160df937f6574530caf8e6fd19a2f3d5094569,2884507-97a7b453a37f.json
2884537,63752143223123,RV32_ISS,11,0,533913,1428,126488,baec45b3f844d0c43059276066a1ebc17120d015d5f159d092c0428a3face9d6,2884537-9ce7eddaf9ee.json
2884782,63752411223212,RV32_ISS,11,0,429581,1428,126488,74456753519fac7eadcd403beb6d96d367927173492e8e873b1158c935386041,2884782-86621d036b93.json
2884890,63752411333213,RV32_ISS,11,0,707829,1428,126488,f05b24c2bc6894f711f22393150b0685289453331588e71af07a653bb19b6761,2884890-7701f969a04c.json
2885074,63752412312323,RV32_ISS,11,0,897735,1428,126488,d5cde4b0d47572f1e7045da984e0a25a62317ab909a8b4889b069427bf144646,2885074-92a64806c695.json
2885094,63752412322112,RV32_ISS,11,0,523712,1428,126488,e24208f56748c3671dd303912a5bfc713611c5869cbffb39c310d2be3e114ae4,2885094-885c5d6eb3d7.json
2885130,63752412333113,RV32_ISS,11,0,1009439,1428,126488,0bd58aa86c63c0ab2c379ef35d6851cae180c65bae5899391ef7edd4b6b7e2ec,2885130-d38eed561b9e.json
2886634,63754213122122,RV32_ISS,11,0,525193,1428,126488,20fa188de17ae04315e24c3362f3378ce05356b811395d070c8205cb19a44f99,2886634-abdbc70b0a88.json
2888358,64125371131313,RV32_ISS,11,0,1137552,1428,126488,94decff44931e02be81558d6f74586b77f3487623abc23c06683e23611e4a267,2888358-8b977eb35817.json
2899308,64157321133212,RV32_ISS,11,0,1395599,1428,126488,84471713fb30f17ebd469d51961f77eb3266be949608e773996bd2c958c2cc61,2899308-ca9832922d41.json
2909117,64231572311132,RV32_ISS,11,0,652243,1428,126488,4d5e2a6d66b3de3bbd2d9978f63978ef2571ef0d6717673bd21a6eb7b9cfa3f8,2909117-82b04752d724.json
2916022,64257131113223,RV32_ISS,11,0,457625,1428,126488,427ac710fb5d68a0214fc08bc79c95ce47a06592d0d28c2942bbf18f5abd93ca,2916022-88da78cbd66d.json
2918784,64271533221212,RV32_ISS,11,0,717116,1428,126488,006b27e41313a4dcb6d7fc2026b6d4f0ec4e2aed4382e62507d63fd97253840d,2918784-c0a55767837a.json
2920468,64275131212223,RV32_ISS,11,0,1035137,1428,126488,cc0820612d6f6bed0385b36352cb6fbf8bec40c0fd511fb07f01e20307dd0035,2920468-6f5e869baf5e.json
2920546,64275131312123,RV32_ISS,11,0,746714,1428,126488,d288ba552af5ae54f42668b92ed2465243fd1fe851deb7f4914e1736cac5b3a2,2920546-e750f946fae7.json
2920700,64275132211133,RV32_ISS,11,0,900643,1428,126488,56cf5525c265473145f7cfd68f66ac1576588e6ad7bc092ee71563c98488601a,2920700-3bf3d9852f2d.json
2920763,64275132232133,RV32_ISS,11,0,1076410,1428,126488,bd4df38a6d074d8eeb20af57606f6bcc5edbb92a4744d90829a7ad46a97d6ca0,2920763-05ebe214830c.json
2920995,64275133231112,RV32_ISS,11,0,680282,1428,126488,11d8b0e51e433edbcb527c18b26899011258e0c2ad5ad938621096967d723290,2920995-fc3f9a5404b4.json
2921034,64275133312211,RV32_ISS,11,0,651685,1428,126488,00f3e77f96bb46e7c60a9f625be4ae92e51a3d8a2e5a906edde1b36ebf5f421e,2921034-f7b8a067daad.json
2921120,64275311112332,RV32_ISS,11,0,729645,1428,126488,7c6018f17a6e2277195604c926d86f92d6f0f8983a18f099aa4ba9f7f0c04f6e,2921120-93bfe547b70a.json
2921224,64275311222222,RV32_ISS,11,0,706853,1428,126488,2c44e32746b39f9d23d9148cf38e138a0296a427f5aec161ea88a717232e268a,2921224-07875523cdef.json
2921763,64275313312211,RV32_ISS,11,0,685673,1428,126488,0cc91416ddae4643c7ab6b1972c2150479ccc85eb66f849289cdb1aaafac01d3,2921763-713027b535f8.json
2926451,64321572111131,RV32_ISS,11,0,1055268,1428,126488,4221b5234621b22ed78906410b47a47a55065f0f82333d2c12e20ed477c2d405,2926451-28c931193ec4.json
2926514,64321572132131,RV32_ISS,11,0,526393,1428,126488,eec91210f24ee43f12682ba0a50e66d602eb87b3bdb7c46c6f92dd21eae68382,2926514-56da28afa19d.json
2926613,64321572311132,RV32_ISS,11,0,787695,1428,126488,8021d71ba0ef534fc3bf67381914270575e4191a8e027493096e2e4ff2ad27c7,2926613-02a38907403e.json
2928910,64325713121222,RV32_ISS,11,0,1551554,1428,126488,ca306868de69411ac6eda2f7ddaeb88d38f3d6d7dc05026bdb998710d1796454,2928910-0d3f52d70fdd.json
2930888,64351272132131,RV32_ISS,11,0,479090,1428,126488,eb45d598b73b0bde6c7a9596f4df433366cc2f9070e419278c5d07131c8bf646,2930888-f141f707465c.json
2934651,64357212313211,RV32_ISS,11,0,888890,1428,126488,cc4c050b8309c2acc76c9b6bd682ae42cb12a46d528d2bf2f54a4745c8647e20,2934651-b6a2a91e4a83.json
2934853,64357213231322,RV32_ISS,11,0,915627,1428,126488,db69a0e7cbb8fcd09f522b9ee7af6531b0027664dc1183146ab2cab0dc28efe3,2934853-4a1c80c8e204.json
2934885,64357213312211,RV32_ISS,11,0,752570,1428,126488,21228fb5a339fb9418516eb823d7ece57b88492f84254289162ce227c34cca77,2934885-438655dae77d.json
2948169,64531271212211,RV32_ISS,11,0,1083527,1428,126488,fb16f505670befc1077cbcd04ec6e3e39e1f6d171306bb2bcaa1888c59a3ad77,2948169-7bb287f4a281.json
2948384,64531272132131,RV32_ISS,11,0,425835,1428,126488,4b69091039e78ef6dea631bff542cf3087c2ca0415e594b1bb2f47bb6cd653db,2948384-2a0683aff5ab.json
2948600,64531273122131,RV32_ISS,11,0,506830,1428,126488,ad41bf50031f276674274f0dfd710e3f74ca555c1037668f790665e5345ecb43,2948600-03e74da0f1b4.json
2948608,64531273123121,RV32_ISS,11,0,438188,1428,126488,93017061326a1103fd5d70ab72bb37bf28bd49d84d33e7c7362f9f15f42c3bb8,2948608-ccbff77f652f.json
2948730,64531273311311,RV32_ISS,11,0,545096,1428,126488,f5333bb5577e19a3c1faf2e75bb41a884075e5aebf63648725eb4a2c1ad5af07,2948730-04a46a4acd02.json
2948736,64531273312211,RV32_ISS,11,0,649169,1428,126488,396cc3c19a1823c1879116e93ac076cf14a9aa600b06c89fd89826a3a7a9cf54,2948736-dd27ef7a1ed4.json
2953948,64572131122223,RV32_ISS,11,0,553135,1428,126488,20f176dd3fe25048dd216caa342073113cd42bbce3b602ba13ca0e62f366e0d9,2953948-dfe0488833e3.json
2958777,64713253112111,RV32_ISS,11,0,491107,1428,126488,2baf1bb97e4f56d1821f1942e2f2f605b2f969f856e3fe966163375c5d2d8f14,2958777-4fa7f8119452.json
2974335,65123471112311,RV32_ISS,11,0,637362,1428,126488,7f387afbb0f090c199d613381ab519d869f47fb46d4eacefcff221ff821bc31d,2974335-9f113b8f80ee.json
2974478,65123471233232,RV32_ISS,11,0,401798,1428,126488,c3c607b17bfeb61dd2265849510804cffcb1880dfd9184b50a7956b644531070,2974478-ed56db12b636.json
2974740,65123472312311,RV32_ISS,11,0,667644,1428,126488,9ac3500eb6b549a82b3f7b6cdfd46d29b61be75056791d0bbabde10c5a4f43bb,2974740-3d27d2af4871.json
2978784,65132471212112,RV32_ISS,11,0,656162,1428,126488,f18099acbb85652610f3cfac36d82f9a7c3e8305dc33f049036902147640f5aa,2978784-880499023909.json
2978811,65132471222111,RV32_ISS,11,0,571950,1428,126488,efad83ac9f8b1da4fb922ec698bcc37ac6b7b86164c0a7b835b4d995457ecc73,2978811-25540ba5b42a.json
2978836,65132471231321,RV32_ISS,11,0,920661,1428,126488,f30eacd51696b01e63c0b21ac4cf9dfa0c4c340c7d09f56fb0ad17a192d0424c,2978836-ecff367df427.json
2978902,65132471323121,RV32_ISS,11,0,567029,1428,126488,2bfb963c417bdab7766bbd7f2f10c65109de1c30ad0f277587dfa888a001a34e,2978902-cd3be46c423a.json
2978996,65132472131231,RV32_ISS,11,0,375236,1428,126488,c8aec7c2a01cb498fb60dcbd5aa93d6f99af1829007d879af97bc7417f8cf471,2978996-568a4fcd0b48.json
2979032,65132472212231,RV32_ISS,11,0,996735,1428,126488,4f5361d459d7341b1ac54a3c3954d65a75f40b6889ccf69f17d9ddb93f9cb457,2979032-c44c253ed62c.json
2979097,65132472233321,RV32_ISS,11,0,1228065,1428,126488,170d9b4e588cd0b3974d0608f16146f89afcc01e68546709bed2e36f87addf7e,2979097-7cef0b235ab1.json
2979188,65132473111331,RV32_ISS,11,0,658346,1428,126488,9a91916034e8b8e6a513e406177b9b3d12dce5274aa1c560cba214f1249ea63c,2979188-270c9d403968.json
2979366,65132473313312,RV32_ISS,11,0,451313,1428,126488,e4648ec8da3278833dc16c5dcca149f4a4fcced3b6b7513cfb3f12bd0da1b0c1,2979366-6c80bc366b27.json
2979393,65132473323311,RV32_ISS,11,0,495335,1428,126488,f009b088ed95ba0ba4e5ee05e62c35fa40b31e435f9854943279fd90148e1d74,2979393-a319e0823b75.json
2979556,65132741223323,RV32_ISS,11,0,580280,1428,126488,e423a84bc66ca1df95470cde4601bb6798e3a7c9fcfe3f1f81b8cf152fde7a0d,2979556-4522cd860849.json
2980034,65132743222331,RV32_ISS,11,0,484212,1428,126488,3826d2741eebf8e9905bbbfc76b7e939f56cc2acca97bc159bc097b7ba53ae6f,2980034-72604b4f035a.json
2981039,65134721233232,RV32_ISS,11,0,468125,1428,126488,9266730031db7dde1fbff36d06dd51ccd09a661a2f246971c36b7b6953f23f97,2981039-f63b0b60530a.json
2986857,65147321232113,RV32_ISS,11,0,949922,1428,126488,03daf84628b2c300ef6b670c2f3b93ff7e2ef0609100d719ad01a5b49e0f7bfb,2986857-523c5f07a501.json
2988242,65172431132333,RV32_ISS,11,0,1063700,1428,126488,33298d1169bfc68b1d8964b941b2cac323c1b11e105a2d597c27c9787bfcb9fc,2988242-1f232212e11b.json
2990648,65174232123131,RV32_ISS,11,0,893413,1428,126488,43b311136ca6b8ae4183200a16108b29f819fde84769ab82f90984f5054567f8,2990648-d7b555feca57.json
2990679,65174232133313,RV32_ISS,11,0,1105758,1428,126488,61a6d6ef868b61abd0f3a00ff245b5124f655c5ae2b8ed31845b4489b960dfd9,2990679-e2e1426b13f3.json
2990814,65174232323312,RV32_ISS,11,0,920005,1428,126488,bcfabd8a8d527f3ee2b96b73ca75578c927dc906d21528ff23dc5a9fde91d64a,2990814-5d7e4badb530.json
2991054,65174233323212,RV32_ISS,11,0,643580,1428,126488,f7fc767aa3eacc7dbd80425f4ae0ddaa70b1084412d8d3f89166de33eb84d07c,2991054-591202f920af.json
2991063,65174233331213,RV32_ISS,11,0,738751,1428,126488,a8d617ad5fb3a8e327b567a94305bd2d519416eb74c0f0c8979f4e885eba9048,2991063-5d70bd504aa4.json
2991513,65174322313211,RV32_ISS,11,0,818321,1428,126488,562f4ce7fe4f63e2e25a0f8bace8e888c6a2fe772c11f9373756004d6d55c0f1,2991513-cbd435c27b2f.json
2991700,65174323223123,RV32_ISS,11,0,467598,1428,126488,6f37e8047d41cd9d34c8d0cd009e78bd674194f836be5203982a3ed8ded92202,2991700-ba6a10d2881b.json
2992545,65213741111111,RV32_ISS,11,0,1063145,1428,126488,09e1a1cea08ded741e2ae238a15e590d5ce9f080baaed1e02b95ef1c29edbd9c,2992545-41bb0a0e3e16.json
3000564,65241371111111,RV32_ISS,11,0,1839045,1428,126488,f301afdf1a0eb531e859a8fa87bad34f89b137b7276f0f87fb5e50b510a5ee43,3000564-abd44f71b9ac.json
3003028,65243712121322,RV32_ISS,11,0,1129098,1428,126488,db6cba585ebfe639314acf1e138a8651e1588b029dd85a8d0cfe57b457276a54,3003028-d6c16f8536c2.json
3005171,65271341332331,RV32_ISS,11,0,357018,1428,126488,b6bd275888f332e9e58dca548645570358f4d495d39e567868a3672708b25311,3005171-721851656bdc.json
3006050,65271432231233,RV32_ISS,11,0,489770,1428,126488,ad8085f5563c9f113b5948480455aec9c42c8f512c4e9dbce69969118e1dc52c,3006050-8e1a663fa0a6.json
3007854,65274131111111,RV32_ISS,11,0,1135084,1428,126488,ef11a83b0d4196f5e19a3816e155faefdc575a43c5fc010c16f34b817244cd46,3007854-f432577a4f49.json
3008022,65274131311313,RV32_ISS,11,0,454080,1428,126488,abfde2b18ed7c66b38de3fa7644df568828ae48aade65ac02edacd4008671f82,3008022-1ff312e0bfb0.json
3008028,65274131312213,RV32_ISS,11,0,1058322,1428,126488,1f41e4047d6f47cd57b0e8a0b2ba00babc208782d01315c3f2eeba500ca02e44,3008028-2088d8c7468d.json
3008150,65274132123332,RV32_ISS,11,0,989463,1428,126488,ecf773619ca631caa4e44bc9ddb5a8768ffb8dfa00e4ddb3a3c23349bdfe5af4,3008150-461a65e4e02b.json
3008407,65274133132223,RV32_ISS,11,0,613699,1428,126488,d670571f9f81d18274b81cb4bb969b525d373141628bf147fedeaff1eaeaec1d,3008407-921b73a2a700.json
3008491,65274133232321,RV32_ISS,11,0,595341,1428,126488,e22e8cc7931b2853b9980c05e9a111ec3d3454168aa489943761c011974af828,3008491-6f681d036245.json
3008515,65274133312223,RV32_ISS,11,0,1017589,1428,126488,d72d1c4fac82dab0d85265be907eb1714866701442af15526e79d977381ff216,3008515-c3841b135804.json
3011177,65314272311132,RV32_ISS,11,0,612074,1428,126488,405860c5ce8911ddd32537c494a1dcd6c66add92a6616c5c6636e3718b5d374f,3011177-462356f0ab17.json
3011196,65314272313211,RV32_ISS,11,0,2394062,1428,126488,ae49b7217bf687a3247bf21b2d620546d79382ceda9ead5bcff8b1953c311bad,3011196-eb913bc0127f.json
3013930,65321472111122,RV32_ISS,11,0,906833,1428,126488,25d27b7e1ece3d6ba0b3e65fbce68bdb109db8ba899fd127ec10dd143e7fd11c,3013930-ca36307c89a6.json
3030597,65417321232113,RV32_ISS,11,0,631232,1428,126488,fea980d08982693cb1e93965ec28736fceaebcaab2d29d10928a946c72b3c9ab,3030597-92f946b0bfa0.json
3031066,65417323223123,RV32_ISS,11,0,592363,1428,126488,8f48c382d0ecc8f03de99c78a7eb6359bebb85098b3fa0ab61430b6d9be91362,3031066-0a2a6bdf9795.json
3031084,65417323232123,RV32_ISS,11,0,502268,1428,126488,44aeecb941b24b1125d51459b2af545923a5bf446e80ed60d19477ebb47066f7,3031084-14976645cd44.json
3034051,65423713321322,RV32_ISS,11,0,796066,1428,126488,9e0903829a46e2d0523a7d5b1472ec82378c617fe8e694b47c432ee51188928b,3034051-e5e2945a2e45.json
3037651,65432173232321,RV32_ISS,11,0,751696,1428,126488,d6cde958e29417671490f75afbecdaeeeb4cb0a77910d0a92345c62846227c9b,3037651-2a1c5dc175a1.json
3039996,65471231132213,RV32_ISS,11,0,860100,1428,126488,015fbf81f15dc7e00b1c63ae264c314d2c33b5f1caa3f08e2deff5073f7c0f5f,3039996-05132b104b28.json
3048562,65714323223123,RV32_ISS,11,0,538286,1428,126488,5b21765101b8afdddd3e8655746177680721f9455db90d8577c014150bc001db,3048562-3487f468f54c.json
3050817,65723143321313,RV32_ISS,11,0,539830,1428,126488,6969b99f6fa3c489e8c8525eddfc22770adc8d9f0d04323edb31e618d12094b7,3050817-d8de311dda72.json
3055474,65732411333123,RV32_ISS,11,0,868404,1428,126488,8e934b971b807f19590837fb7aef0f2f3ce4517a2852546057db68fcfeadd11b,3055474-c39ae47a455a.json
3059709,65742311212313,RV32_ISS,11,0,414465,1428,126488,73a51173a4c44bc97b9f7b564439226ead41f36e6241e7b01a749a98190ec076,3059709-d77f1b5774f2.json
3066981,67132541133311,RV32_ISS,11,0,997515,1428,126488,162ad2e5397d03d362e84b4b03a3cde1f36d22b4276fab335c856c999787d14f,3066981-f15c1edad8a9.json
3074757,67145323133312,RV32_ISS,11,0,631929,1428,126488,a55441a228c280f189f9614bacd050a7beae59188b98dd2eb993d7a27fb181d4,3074757-401c7ceb2b97.json
3078539,67154233323332,RV32_ISS,11,0,610191,1428,126488,2930d344b89bdc81c51c2a40b90f173914d97af73f3a916ccbcc401c7dc51525,3078539-5c81b3a5d08e.json
3082934,67215343333133,RV32_ISS,11,0,874576,1428,126488,761673d823a132b8e7351c0a1c7548bcf72c3d2b974a6518d71e38769bf69504,3082934-53b1c1bdc254.json
3084606,67231541323112,RV32_ISS,11,0,997758,1428,126488,ec6c2885d942179013b59688d1eb10f0845f07daaa503bd1b4704d5d385d2c60,3084606-b8ecc48da41b.json
3085093,67231543323122,RV32_ISS,11,0,708713,1428,126488,7f54b796bd4fafd15b0d84110a9df6871e5844de2cb4e41f0be72a2d29130a61,3085093-2e6036ddce97.json
3086569,67234513332122,RV32_ISS,11,0,461147,1428,126488,806bda0c869451c14d44de6b56261a56eff94609a2669588314bbfbd6f3c1080,3086569-5f88bd332b4c.json
3091147,67245131313323,RV32_ISS,11,0,455885,1428,126488,efa282395e1b91e5d183939bc0358c3c82dd2ec9609175a37ab4128b8d7a5a12,3091147-bc83d0795b4a.json
3091704,67245311112311,RV32_ISS,11,0,859074,1428,126488,497f0a0c411c262b9092f2697b72724f57da9463fd0d332f99d4c53b93a9d16c,3091704-02283e4f5b02.json
3091766,67245311133233,RV32_ISS,11,0,515706,1428,126488,fea3242511f525f3f15f9fb66b350c62b82f6ed3ba83f827cf13c3b9bf1edeba,3091766-b245ab5dcb9e.json
3096119,67254311131133,RV32_ISS,11,0,789144,1428,126488,02b7de6e9a7dc8f6bbf52bc03de3b3407db71ce77dfeb502b38099535fd072d4,3096119-d2740cb91cd7.json
3096711,67254313311113,RV32_ISS,11,0,498432,1428,126488,6685ff1baff53543becbb993ae66d48a23fa0b90dca2ee4a6c94f8413c050ef2,3096711-2b7aa44186ff.json
3097195,67312452233321,RV32_ISS,11,0,901278,1428,126488,71c06d0140d08279408e11a8a7f1e279a0497472c8f17b90a3dbb6b3f039ee59,3097195-e5e17e0daaa9.json
3097552,67312541121221,RV32_ISS,11,0,489158,1428,126488,9df0cb78629a0cc9f29a1699fdb84104f15b15f47340c68e9aff0103a56a6998,3097552-b2886d423cea.json
3097872,67312542221111,RV32_ISS,11,0,729549,1428,126488,ca2d165d137d89280566d30040cd1e1176e6ab0960124f5a2b535775d08aa07e,3097872-2c3775c0e017.json
3101167,67321451111123,RV32_ISS,11,0,625277,1428,126488,4aa46f885afd7e20a647b2846002d8f58f08cd578d24b1078f6ceefc49f546c7,3101167-8eb3f56bff50.json
3101181,67321451112311,RV32_ISS,11,0,553365,1428,126488,6546f5e9a09976abfde7a7dbd972632ce288b65ec88735f0cd9b5219a6748bbd,3101181-428f53ee8aa7.json
3101259,67321451212211,RV32_ISS,11,0,1151032,1428,126488,e3360d0240d40a272ae490a32cfac9937f30713df1a1722623f0fca3a425f07d,3101259-a3c38a0d07bf.json
3101330,67321451311133,RV32_ISS,11,0,826190,1428,126488,30fcf88ad2fd56f0de4a28dd6b64c5fec8e71f67c5d79f2847db4d6aeb19c448,3101330-fa4b7ecabe3c.json
3101410,67321452111122,RV32_ISS,11,0,555269,1428,126488,b37dc13965cc6ff8d3086db94bc5632ff1e084c4592cb0c50ae3a99e96a2c87b,3101410-11a65e4d7b77.json
3101676,67321453113311,RV32_ISS,11,0,554136,1428,126488,ba836c491b57815a483cdce8a531f9c2beac1744b9e7de1a42b9838565c591f2,3101676-b4dd98ad39a2.json
3102284,67321542232133,RV32_ISS,11,0,915697,1428,126488,77c6b9a807b2214ee40d587e3e9d8bcd472dca6c23148b9fe1d8c94f005e6cf5,3102284-6dbb80ed7be6.json
3105907,67341252222323,RV32_ISS,11,0,693301,1428,126488,76af57f5d5ab0404d4ee1c613e67c7b0f15fde5f4583cdf9b223edcb6d5b41ed,3105907-abb437ee8b42.json
3108087,67342512222113,RV32_ISS,11,0,479740,1428,126488,1fc5d8db91151240d97198e7db8fb105db4a42120db0df64099087a8d53a6158,3108087-e9a9b053bd56.json
3108827,67345122223133,RV32_ISS,11,0,1119501,1428,126488,823bd1fe5c18b9651308f8ff05abd277709e8bcc410b4df7060b30ba9079b1bb,3108827-4e01c289d558.json
3108845,67345122232133,RV32_ISS,11,0,1361134,1428,126488,d8e4865f7eb453d35714f66cfac76b0fc5d8529ebcdf6b8b06e9cfb7939a4222,3108845-aa174e8d21dd.json
3109186,67345211111123,RV32_ISS,11,0,451815,1428,126488,00ba6c7677cd98839f91880d7c55c84c34ce27f3c1c4eac04643bb2e40e97845,3109186-1717458e3edf.json
3109187,67345211111132,RV32_ISS,11,0,757478,1428,126488,92ccea9d3cfd08effc64b4545b83a29f6bdda77cba3e4dbf45f007b3f83c0b59,3109187-0893a0a14ccc.json
3109199,67345211112233,RV32_ISS,11,0,441045,1428,126488,9a7d364db32c7c8d0f507b323bd705ea769b8ccf7927909a249f49bea07edc75,3109199-9256405bdd53.json
3109210,67345211113322,RV32_ISS,11,0,700559,1428,126488,fb199c4593c9f9d41df0236a768023c7da2299ecb878f04d885814d8b1970914,3109210-7c0c46f462d8.json
3109267,67345211211122,RV32_ISS,11,0,1003966,1428,126488,5dbc7aae2172963dbb1bf47c711e80beb847038d0beb4757043ce4011935e7e5,3109267-87e0e0485dfb.json
3109349,67345211311133,RV32_ISS,11,0,601555,1428,126488,d87a3636c7970f95bd89df030566d626ac17ac30ad090b0e328883b98c6cab85,3109349-e639b0e46e55.json
3109429,67345212111122,RV32_ISS,11,0,780728,1428,126488,628c2f93d1755f6cf58457b34f94323ed01b77e70b50616cbd282eed43b2e60c,3109429-8e2c3ba5be52.json
3109673,67345213111133,RV32_ISS,11,0,582093,1428,126488,de1ac014f93dd8ef7f277c43950e66581cfa0a50144ec40f5ef950e99123b03d,3109673-225560bc1cb7.json
3112830,67354121111111,RV32_ISS,11,0,884000,1428,126488,d5322d233c3a8bddd3992f1190dfad3a5c36bbb6675ad08db55561534261d8d8,3112830-c8bc4fa600be.json
3113650,67354211212121,RV32_ISS,11,0,772186,1428,126488,1364a94fc1c74f2a610e184c33d0864e9aefb81f7d9bd9194a7df5e57505e287,3113650-6f5f175773af.json
3113739,67354211313113,RV32_ISS,11,0,824786,1428,126488,ddba808d067db0fa64c783d23ddd6daa10016263b6be9a22408c27fdf82a7892,3113739-107ab2274d2d.json
3113793,67354211333111,RV32_ISS,11,0,713945,1428,126488,cb30411c69c648c3f460321b37c67e89b7b66d2718f41ccb6546690c258ce4fe,3113793-5b4426b796c7.json
3113806,67354212111221,RV32_ISS,11,0,618978,1428,126488,47220115efcd5be37098182d935b545d21fcfd26fd8eb52d32db804e02c68396,3113806-ed8c63c471cb.json
3113896,67354212212222,RV32_ISS,11,0,1107305,1428,126488,b814792a3838ee5ab21c433a800365cb8fd41ea953d336ca3f7bd7702188c8f0,3113896-41a42d48eccb.json
3113966,67354212311132,RV32_ISS,11,0,742207,1428,126488,50cbc7d57af30c1aac8c66f5c1ec18e4a6cbfca18b9faf0c8755c5c73e1af582,3113966-f0bf3377ca54.json
3114051,67354213111313,RV32_ISS,11,0,529985,1428,126488,ccf00250567dc99e5504b9ebab75f475a838f9ba584007085d1e982b90cab346,3114051-2b1780789d38.json
3114105,67354213131311,RV32_ISS,11,0,743785,1428,126488,e6c4b7d189c41d417c0732342a9ed7418d7e180f953a63bebb302f4136522e3b,3114105-895cd5052c78.json
3114128,67354213211132,RV32_ISS,11,0,1035496,1428,126488,f4774474d4549a1f417fecb37095a1645abf8ce8757eb38798d722243a842c0a,3114128-c735563121df.json
3114233,67354213313333,RV32_ISS,11,0,710483,1428,126488,45a0fa35fa3eafe702a0c53eef98025e2671cbc2fd425e9a20cf35fe6add66f4,3114233-a16a78f5a6f6.json
3114838,67412353132121,RV32_ISS,11,0,609793,1428,126488,c266502ed3f540cfec5348a264a432656362bcfdec0525312f6d0688e6792d90,3114838-51f95bc5dd63.json
3115003,67412353332221,RV32_ISS,11,0,510139,1428,126488,f7800b5652a2da2275a74101db958cfb71c87eaeae740427395f2a052443d202,3115003-cd3979a3749d.json
3115073,67412531131133,RV32_ISS,11,0,555248,1428,126488,c87f4ac0fffd86240397408faf6f4b5378bcf281baaa52037d614046ca2479aa,3115073-d6a510596501.json
3126177,67435121332112,RV32_ISS,11,0,458413,1428,126488,5eee6b3ba6df865872b1a490db37b642599a977895d3d7c9d1347cd38d7942df,3126177-42c59ed4ff14.json
3126484,67435123123121,RV32_ISS,11,0,423064,1428,126488,87ec0f5dfb31ca71cd5574144a6bc431d202380c37d5413f2dbf336536dd05b2,3126484-ee92f6896508.json
3130277,67452313321232,RV32_ISS,11,0,879077,1428,126488,8ef812a3f920290cbc4e322d11a128e26759bc58228d5a20944204af2f2c0fc2,3130277-922b0570b9c7.json
3149908,71234563231322,RV32_ISS,11,0,964283,1428,126488,809ee3e01b5d6995a19d8097f2b9efefa80d32a28fe9e7833393e07b49b16d94,3149908-052ac60f51db.json
3163369,71263541333222,RV32_ISS,11,0,838922,1428,126488,452c736964ee6411251f08c941b367d53772e897c187f429b87d39ed26ffccc0,3163369-afed983ec6a1.json
3163582,71263542323123,RV32_ISS,11,0,913425,1428,126488,256007e41c09f2fce7ebaf8c9ffc6e959a2d9ad606d71cdc919e1c3457745a97,3163582-65e72ca72c00.json
3165136,71264533131323,RV32_ISS,11,0,863164,1428,126488,0dc073c35b691cdc8acab8db786ce63b43bbf4e56a6fa0ab3b59427dc6357c00,3165136-7ac8509afb03.json
3165190,71264533221323,RV32_ISS,11,0,761717,1428,126488,6cba5f221429a90a39e3420c8afbfbe2e3f214360a5ddc6ab8d88910be609e53,3165190-f075392edfba.json
3165214,71264533231223,RV32_ISS,11,0,949303,1428,126488,94d7fe0b48f2a66fb359b99fe50c82b95d8ce79ced66c5e7fa23526cf1983c79,3165214-c3231788ae1a.json
3165216,71264533231313,RV32_ISS,11,0,1099212,1428,126488,cecf195a97dbf6a5a1473708aadac4fb0d201be8024e969cf5b7d4f6a6d8340d,3165216-f54f6fdb0651.json
3169779,71326451211311,RV32_ISS,11,0,558059,1428,126488,8c3486275be5982247e5e307158989c52dae52c5dfbbd69fa79dc89047381c2a,3169779-16212815fb34.json
3170242,71326453132121,RV32_ISS,11,0,572354,1428,126488,32ab557b29333100763e8387a6c3c079ab5fd622ad76649d10f4c2ca577b7cf9,3170242-0436c896f120.json
3171147,71326543333313,RV32_ISS,11,0,1383358,1428,126488,f7c8fe4fddacb45c41de26e420ed754018dd51f194022e1180e2bfbede82529a,3171147-14cbf482e3e5.json
3172916,71345262132131,RV32_ISS,11,0,479877,1428,126488,83e865c89e4e5c6cd72680851f8860755cd91c34df812299fe3863ce4266d45f,3172916-c9c3d5af13a6.json
3180408,71362453113311,RV32_ISS,11,0,748353,1428,126488,abd91243c9525e479a04b3ea9e4b6b409fa880b0e99b7422583a82a0003ff524,3180408-99b7caf51955.json
3184251,71365423331312,RV32_ISS,11,0,1109139,1428,126488,278ac9397015cde412265229c6e338d6a8ab09f9dcf01bbd9234dc200b8f5c99,3184251-bcc62ef4fd2e.json
3184862,71423563213232,RV32_ISS,11,0,443884,1428,126488,dc1b86bd525b0cb175077f8a772618a8471a610f6335c14a464f3fbb7ce28462,3184862-60f6b34a4fa1.json
3185591,71423653213232,RV32_ISS,11,0,467499,1428,126488,46479e0b33405c3a63ddf9b96d307e0795c2e63fbc6223290d37d94c4de7b6c6,3185591-00a9b95b5098.json
3187848,71426353312211,RV32_ISS,11,0,860548,1428,126488,8bda11dc7f2d288b0e6c9f538e04efe232b833ebfeaf0b59e93aa37d940d955f,3187848-4cbdfcde10ad.json
3188641,71426533333223,RV32_ISS,11,0,979707,1428,126488,e8cbcf10f3d3d6c7034001250cdac7ec035f0fef01bb7d0ac9d31fec5e122095,3188641-ea2965c8e4b7.json
3188797,71432561232323,RV32_ISS,11,0,528539,1428,126488,94ec71b71feb5f3c1f6132a70368c03948b7f23fa6fba14a6c2160bb4d7ff1da,3188797-0175b8f46e23.json
3188858,71432561323232,RV32_ISS,11,0,443678,1428,126488,79495854d615ca10a52383fbf11b1e3d48739203c9bb82926e319ba0f01e99c9,3188858-b62300cb06a3.json
3188893,71432562111221,RV32_ISS,11,0,493344,1428,126488,10188159413e75cae5c2c2977797ab920eafc531d2510c203f1d6ded22a1c3e1,3188893-be2823635347.json
3189279,71432563232213,RV32_ISS,11,0,852485,1428,126488,f0878d58f6ca9c9d3d141ed0def458e3b901753c36b9ec86844691ca15cc12cd,3189279-903f4218e096.json
3189339,71432563323113,RV32_ISS,11,0,592309,1428,126488,2f337b7eea67ee4441c06a50a904d3a0f48e747521828c6c197639de619dfe85,3189339-d9bb716ea307.json
3189340,71432563323122,RV32_ISS,11,0,597440,1428,126488,e359206d847b30daf3d7e33ec227d486ca32b74691f181710ca270b067322d64,3189340-ef90cdfc78a5.json
3189357,71432563332113,RV32_ISS,11,0,811829,1428,126488,5b860008d8e57477e2d58293005c894d66938bc0289ced6b43794cce3ab3fc11,3189357-f93b988d862f.json
3190307,71435261322233,RV32_ISS,11,0,925582,1428,126488,9d12acef17a2323492e1a485f75452a488c451f9d76226cca65242bb9fb99a28,3190307-8cca4e30596b.json
3190465,71435262222122,RV32_ISS,11,0,540203,1428,126488,fbede93b8c58b1cc7c9f134f9e7652c252dbec09ca409f03b2f285c480bc6a6e,3190465-7ee17ed1135a.json
3190672,71435263211123,RV32_ISS,11,0,1031354,1428,126488,0b178b5b4bdd673b70e48d52955ee68955322a21fdfaf2fccc6b2fb16b3bec30,3190672-84666dac82d0.json
3190753,71435263311122,RV32_ISS,11,0,1031811,1428,126488,5c45428e271d48aca6a9917b4507caa7897f55e0eebd8f351aea77c491560ad7,3190753-5b84ba6d27ae.json
3190826,71435263333133,RV32_ISS,11,0,895862,1428,126488,01b62ceb5a9f42ef2c76d7cd6e3a62b717521bd82eb67630ce6f240ef7b4cfdf,3190826-6d4e0be76eac.json
3190828,71435263333223,RV32_ISS,11,0,804984,1428,126488,8a5634de55fc25497970fdf7782e4ca613521e7055c24350ae89b5616f1bbb04,3190828-2c00fbdd8cbe.json
3191561,71435623333331,RV32_ISS,11,0,938400,1428,126488,68d6da8ca5762cf7aad384bbcf1f5fd548d1b22ca2f34b8679d1e606c46e244d,3191561-44e9c9460a38.json
3192282,71436253333112,RV32_ISS,11,0,624473,1428,126488,65c6e8702b5227cd6fbaba3083aacc61f78df13f8dd88ffec5feffe9357c4ef0,3192282-ee8c7d45388c.json
3193610,71452363213232,RV32_ISS,11,0,479000,1428,126488,aecdd6d1f1957da3650f8456a9a27159b0327e1c011ce6e05d04c07e990ecd6f,3193610-ac1e3a7b78c1.json
3194111,71452632222131,RV32_ISS,11,0,551637,1428,126488,5bc6c32c76eceda93b3387b8233e92c80a3c33830d82dbcd9b09f54ea4de9914,3194111-6387154e39d6.json
3194842,71453262222221,RV32_ISS,11,0,605742,1428,126488,eb12756a85c7223d010d3e3301c1e8e313b979ef54b218d6b01994f25eb007a2,3194842-cc10b396e354.json
3195856,71453623311122,RV32_ISS,11,0,1233967,1428,126488,ef7c6a8d3ff736ee690524a49cf5a249b824d0d1f9ea5826cff286ffa1e208fb,3195856-b39e3fee3939.json
3196870,71456321322323,RV32_ISS,11,0,715597,1428,126488,ab2616f2e43eb6df834dc609a8aca22f5de255e3312eecfd1b3813730440f9a3,3196870-1f3e45099ee6.json
3196912,71456322111221,RV32_ISS,11,0,517713,1428,126488,3102cd1e68cbf41fc89b6f0ff7101386bbfbd9c859689fbd541ec7ae4b106676,3196912-399e5ea4c8d9.json
3198148,71462531113322,RV32_ISS,11,0,837732,1428,126488,691f1b1bb3f9abe5b89d97b57da651062611397cfbb61ccde5224b825b296e10,3198148-4af952d8edb5.json
3198369,71462532111212,RV32_ISS,11,0,580995,1428,126488,2de547eaf250a6fd10be4bdf88e23e5e20066e96f971a09383a1e06929df4339,3198369-dc5b6967661d.json
3198393,71462532121112,RV32_ISS,11,0,560411,1428,126488,f6bec76a47da8061bc69509c49b838eb6dc04d77e093eb9e3214357b4b3317ff,3198393-e74ffe743b8c.json
3198613,71462533111223,RV32_ISS,11,0,749990,1428,126488,759e6c6c0197c9396eacce5bbea6ed20bbc024d58d1e30c23ee8e8d97cf8efa6,3198613-94f6478d91f8.json
3198717,71462533221113,RV32_ISS,11,0,712941,1428,126488,0230644d56ed8cca387cee8c955212b6473cb06f7ba324ca1881c3f35bb542f4,3198717-3de9080dbca1.json
3200287,71463523331222,RV32_ISS,11,0,623465,1428,126488,2d5360588aed5756dee16f43c3a9d27b109a244a6d81cc93aadfed6708306997,3200287-c91e0e227dc6.json
3202314,71523463131311,RV32_ISS,11,0,767017,1428,126488,04e3a8ded03ed68ec43b12a03c041464afae61a82b0ed7ab6c8e5c3a902b6cff,3202314-d9626c6d139b.json
3202395,71523463231313,RV32_ISS,11,0,880528,1428,126488,e94a125d0099424bde779d8497fbbf8d06cfb3ab2e1e3a064ec38cd399a0a495,3202395-014a65732e08.json
3202476,71523463331312,RV32_ISS,11,0,1006183,1428,126488,9fbe5b82ea4768d64384ab5ebf82b274277e745f1063e10222f94d9aa48305c5,3202476-8d13bbc9f0c9.json
3206744,71532463221332,RV32_ISS,11,0,496254,1428,126488,a0eee8dc4532827b5c4761061500fd40d7910066a454abd3a75c805644ded1fb,3206744-f9551acbe645.json
3207883,71534262122222,RV32_ISS,11,0,562988,1428,126488,ba17927e6ecbb71c275e2e326253feb3af54e86e4976a0bbd665d2882a7682e7,3207883-31e92b061e1a.json
3211801,71542633132322,RV32_ISS,11,0,763202,1428,126488,9caf6b0002ad06b2388fdaf7b732cf1c3e43c86006c547eb04245ccbc920a639,3211801-91c3b933b9b8.json
3212948,71543622111131,RV32_ISS,11,0,386857,1428,126488,1ba8a7424ac23786374d065c0560ce09ad910eed6a671a4ddb21612361931a81,3212948-df6b7e57cd11.json
3213190,71543623111121,RV32_ISS,11,0,772266,1428,126488,2520f7507e720d4a322a86a8db02c7a2875a3b24189b289964fb5de4615b5ab2,3213190-127cf84eb77b.json
3214137,71546233331213,RV32_ISS,11,0,968891,1428,126488,93390816db5dbb5f7ad18a1c68277492870ccf2429ed88aaf7ae35cf250e23d7,3214137-272385e44637.json
3214542,71546322231212,RV32_ISS,11,0,614211,1428,126488,d3da8b6fb8caee60f4f70c9ba11a0759c1afa5d455ab27135287f537b1bb5bda,3214542-bd2f7145b647.json
3216155,71562433123232,RV32_ISS,11,0,553521,1428,126488,a3f031590187d8d41effe91a24e978dd09929ea9cad4cae51ae0a08857b63cd8,3216155-18ee60f1f6c2.json
3216946,71563243221221,RV32_ISS,11,0,474521,1428,126488,dd7de62975780add5bcffcbe2f433b64476debdbe541ac55a551275185202a00,3216946-2dc8f6006237.json
3223496,71625433213133,RV32_ISS,11,0,880141,1428,126488,fed56fb8e72c278d7640d5c3b0a090ce533d8a2781ce334d7ba68632ec943d9f,3223496-cbe4f862b13f.json
3229851,71643252231212,RV32_ISS,11,0,976780,1428,126488,6dddd79e2a36d5e4a31b3a17b491e59cfc375540d5d2870a52f3841a300cea81,3229851-3a5be55d2d58.json
3230904,71643523331213,RV32_ISS,11,0,1509442,1428,126488,a868805c7fef063f6a210b0f6f62d3b8319c70fddb61a657751c219f98230fab,3230904-9f2f8cdf1be3.json
3237177,72134562312212,RV32_ISS,11,0,671454,1428,126488,4d9eee2ce01bd0d386efb729bb7f1771c01a66864a4f7c6a0787ebcfd440a7db,3237177-894da633d925.json
3240608,72136541322233,RV32_ISS,11,0,470656,1428,126488,7aaf89b2bb53981a2f16da1c6f85fccda2ae2563cb8e9d9eff1b8b36e734d848,3240608-b14d6db6901d.json
3241745,72143563222331,RV32_ISS,11,0,447297,1428,126488,e98df483852cc5d9ce45fa397d2e8683e08a35b1167ea1a93d1ddc363047eeca,3241745-c410a4ff9ce4.json
3241890,72143651121113,RV32_ISS,11,0,710591,1428,126488,e7f182ff96e3875d055adbcec5e9ee1173c55385cfd62ae3cb87f9b1030e7bc2,3241890-a77745fced5f.json
3241917,72143651131112,RV32_ISS,11,0,699024,1428,126488,9dcb68098821c1534cad91abbe2b1311d4ba2f946eeea31c347ad1526283e0d7,3241917-8371d5757efd.json
3241962,72143651213111,RV32_ISS,11,0,539975,1428,126488,5eb2b9e8be487d8a4bdc6a0c2158fc4d378f2a6569a58ecfab793f71c0173612,3241962-1099d9f7012f.json
3242034,72143651312111,RV32_ISS,11,0,690460,1428,126488,3e7e313be32d196da5a51c92a3db16e8146c7d6115f377452cb9ab772d2680d8,3242034-e7d05683d0d8.json
3242112,72143652111311,RV32_ISS,11,0,517598,1428,126488,266c1ab1bdda76c59969d899fbaa5ffbfe9ec8f6e0252be6860f3051be6fe928,3242112-0f36433044cb.json
3242352,72143653111211,RV32_ISS,11,0,653806,1428,126488,0c2890267c58cba040fab77ab95560c4c12fa6efec0b0faffe012311753bf0a7,3242352-5a17341851c3.json
3243478,72145631233223,RV32_ISS,11,0,435602,1428,126488,d8c9ce481e152ff4ca3bf6eab89be2aec83a16ac176e3476ef6b8b80907e8ace,3243478-e77508d75ae7.json
3243956,72145633232231,RV32_ISS,11,0,543731,1428,126488,40da348b0a2dc4fb825c2f12dfffc712f8c8ec198482511945d7e6204b057a8f,3243956-6af1c7d4c9e3.json
3243982,72145633312223,RV32_ISS,11,0,1266875,1428,126488,62b63851bc564b4d484714b8c8169d33d7279fc94192f25e08d646a038e8b87a,3243982-dacde83a62fc.json
3244441,72146352232223,RV32_ISS,11,0,669529,1428,126488,bd3bd4a136bd11149e528f6b3dc0a571bd6caae393525d7d1fd753d2c3ea55a1,3244441-b991a0101dbd.json
3250165,72163452122222,RV32_ISS,11,0,612325,1428,126488,dba270c89db5599da266541638f9db08348533db4fbb33616825f6c30260938d,3250165-6e3b6c8edb11.json
3250398,72163453121213,RV32_ISS,11,0,1059913,1428,126488,516b51157c5dc233045452f6617a2870360c810996bdab6dbc51d3fd1321cee9,3250398-2e8218f47c96.json
3250425,72163453131212,RV32_ISS,11,0,894612,1428,126488,7cc2812375a0e1fcbc37fdbcec8e5dcc2195d6fc8c27dbe2fe0f9b1dc8e5d7cc,3250425-457e7cf7cffb.json
3250448,72163453133333,RV32_ISS,11,0,819498,1428,126488,fc583755416b1d49c421e7b0267ff0b32335de90c06afe94573b70e6005eb409,3250448-3e20816576bd.json
3250592,72163453331333,RV32_ISS,11,0,1316900,1428,126488,211cafdb503cc76e2b0874348454205cc68ed01898c7f07f64989bc70143617a,3250592-8180d2ff822b.json
3251880,72164353131113,RV32_ISS,11,0,805609,1428,126488,a90c58d2b59c44e7477d95f832c5fdb3342486ada9173052f1394c224d5e00a0,3251880-42375df64429.json
3253553,72165431113331,RV32_ISS,11,0,446078,1428,126488,41f780a47a1b1792a5fdd77c205b662e7e5ce8cf2611d84d34697d164da8907f,3253553-f845b440f448.json
3253770,72165432111113,RV32_ISS,11,0,573727,1428,126488,4fcb94bbe4d595b2a2d0c0a4ec1f5bbb4bb26d151188fdac15d11048caedd1fa,3253770-67f77421abfd.json
3253771,72165432111122,RV32_ISS,11,0,649889,1428,126488,4ceb69a8c493c546fa0b3f6ce761a5c7fdf919dd827b46f99cb1790bcf3b9212,3253771-528efbd60dac.json
3253851,72165432211112,RV32_ISS,11,0,461852,1428,126488,7e7be412691cc5e3ce6ded9e69e83deadae1dfc69d4db5f5b0e3c6e1a29ede9c,3253851-df63efc5f2ef.json
3253983,72165432323312,RV32_ISS,11,0,617873,1428,126488,3e196f822107024cfc6512570a76ddb2157b90537e75965fa4d34199c58e677a,3253983-a5d45634eb15.json
3254013,72165433111112,RV32_ISS,11,0,726433,1428,126488,66119f51ff63e44218ffe021e2420a5a58d1ccef2120728a9da7d6d86431299c,3254013-b07033786272.json
3254048,72165433121333,RV32_ISS,11,0,988441,1428,126488,d28a96812e0019c0ad33a03ae7597eb55b58509a49f5020ec27aae8beac65373,3254048-bc3dd8ccb857.json
3254126,72165433221233,RV32_ISS,11,0,562448,1428,126488,e7276463b5c40a082ea32aba436824d3f7e96d7c1d5f8a1762cc50059ba671a7,3254126-a553fe9579b5.json
3254173,72165433233323,RV32_ISS,11,0,1104145,1428,126488,2a62d3cd802330c166c759738922a4d308f53a1d49ebe22ccc64198e9a673711,3254173-2f90ba89921d.json
3254206,72165433321223,RV32_ISS,11,0,541141,1428,126488,a2bcb203bfc7090117270e109cd5cac837de092454fd9fcdc125e8e06fd50529,3254206-663198bb56f8.json
3254232,72165433331213,RV32_ISS,11,0,1058716,1428,126488,dc2985e4c51de8b1246fa2e7cafcea3e398f01a4d5b6fd1242e6226bc48821c0,3254232-73aea6a50c92.json
3260817,72345611111111,RV32_ISS,11,0,1603868,1428,126488,58dc0c3f0bdd15a809ab6a1d8765f12df6982ec2c570bfa9e73f32087abbd2a7,3260817-33c5e1b28833.json
3260889,72345611133113,RV32_ISS,11,0,372712,1428,126488,38f882de16b0adf147c9225b4a830fb104bedbaf698c18d8de2912439a3f8f40,3260889-ba9304f10970.json
3260929,72345611221223,RV32_ISS,11,0,473692,1428,126488,54976e1ef10ca1ab1066dd51861f9cee650977001b755f156116e1c75cb5bca9,3260929-a48341ec9d14.json
3260938,72345611222222,RV32_ISS,11,0,508534,1428,126488,bf024d51e305493790f2f89885067a39b79ceabcb93c4f37d152fc80acb22adc,3260938-3e65c9884c31.json
3261041,72345611331332,RV32_ISS,11,0,402562,1428,126488,bb4737f3a395282a1d3187023b1efa078e80cc35e5715a51349b77a2ebb53107,3261041-9305dc44d0e2.json
3261096,72345612122111,RV32_ISS,11,0,527522,1428,126488,fe54d8d9819d6020e36f550c935cd98851824284b616ae0e1b48e2b39209e8ef,3261096-3885bca6603a.json
3261284,72345612331331,RV32_ISS,11,0,460732,1428,126488,b4f8dfd45190b41f52ada4967811e451e247f562bebc976ec051a8f7b7bf5ca1,3261284-c7f3276cc808.json
3261415,72345613221221,RV32_ISS,11,0,377886,1428,126488,8270313e9e60b5b68a768eb61eef3e9a2ef91ae7437d153b183edc93e05bbd80,3261415-dc80b9c95ff1.json
3261545,72345613333331,RV32_ISS,11,0,587635,1428,126488,2cd22f6843bed649f36e018f38a89c366e1c077a5141c687465b1e76efc711d4,3261545-85cc70ad2d92.json
3265936,72356141112323,RV32_ISS,11,0,972620,1428,126488,4ea5394c95ce32fa8ae734f06054e11039ec16f08c055c3f3d52884d25cce715,3265936-7eb2d0184c45.json
3266064,72356141232113,RV32_ISS,11,0,524895,1428,126488,0990f221afdd61f27a81088b5c2b4570f09e8dbe50be58ad4896da960416f767,3266064-d94724351914.json
3266488,72356143211123,RV32_ISS,11,0,727237,1428,126488,0fe5d08f33309b8a851fb0fab3a1c3c741375a9dfe7760a9f598cb7c47a7ff70,3266488-5b0816e7f192.json
3268016,72361453232333,RV32_ISS,11,0,670123,1428,126488,c269da2dc661f0231765261923765ee0033b8ed48c32444ed55443ed07ed3ddf,3268016-2ce7ee371582.json
3268589,72361542333233,RV32_ISS,11,0,908920,1428,126488,ff05232ac49ff1353110d2227f993bfb887bd7d357958240bde082346c75f2a3,3268589-0ec942489981.json
3271386,72365412222212,RV32_ISS,11,0,597192,1428,126488,ba7d785c9f52853f1bb6d47160d2b530544e59a85aab7be78bff3b60d82bd905,3271386-388fe0fdef6f.json
3271542,72365413121312,RV32_ISS,11,0,1030495,1428,126488,8b08915e29028faa26509cc8ee295d9e7a76be213a8d8725e63379a4153ac536,3271542-290a21150d85.json
3271566,72365413131212,RV32_ISS,11,0,988670,1428,126488,4d42a730d46205743ea0a0814f03d3be1a699e91e6589c9139e1630efb64bd9f,3271566-ac5b6b5be416.json
3271733,72365413331333,RV32_ISS,11,0,835916,1428,126488,888ae3d8913909769dfa8e39fbcda41e960ec47684cd3fa5a9164e68d7b388e4,3271733-1a33be4151ef.json
3278310,72435163333313,RV32_ISS,11,0,1043798,1428,126488,5bf3b06335317e12fdfe2fae957be98c7d391db07cc80c3424a6a87f5c2b0343,3278310-e0c84c292cd3.json
3290128,72513641232323,RV32_ISS,11,0,532264,1428,126488,de7c9576324679da13d9e9d08e3dd5756555737da78dad94e067417be60f44f6,3290128-8f7f77a66324.json
3290137,72513641233322,RV32_ISS,11,0,500928,1428,126488,7df6793b09aaca6d0ec86f6acf6b62a5b0b81c24ba3ccb115d7f211ffca3ad69,3290137-809cfb6179fc.json
3292591,72516342313223,RV32_ISS,11,0,697072,1428,126488,4e68e3cdd961fd07ee85bd131c04f988fe9583d1badf5b8d29b3cd4a5569585d,3292591-883f16ffa9a6.json
3294302,72531463321232,RV32_ISS,11,0,831724,1428,126488,bb22b9cda22bf94036d4be965adee5e8247986bac8b980ddb369363012fa6fd1,3294302-16bae71a3bf6.json
3295648,72534163211123,RV32_ISS,11,0,974050,1428,126488,148cbd580c84f2c27a097fa0b3e86212fb8e102eb73049c05b797bd19787ba46,3295648-f40ee6c0c0d6.json
3298728,72541631111213,RV32_ISS,11,0,585383,1428,126488,a6f6909a4ac16f1c6edd262d7017d1457889b02923474155fb6bbba38e2e0202,3298728-82635ea04fb4.json
3298731,72541631111312,RV32_ISS,11,0,659733,1428,126488,a95354edc527ee2faf6da722b78e7b7fc84255546f208449bfe4abee24b11fca,3298731-e42645cd07b9.json
3298736,72541631112131,RV32_ISS,11,0,605252,1428,126488,79ddc273f6b7b9666ba6b2ffad60e13176391d1919787b86486d8492b098c96f,3298736-3ae138606ee4.json
3298744,72541631113121,RV32_ISS,11,0,830731,1428,126488,8551e4ad4d9d10cc59224b0aa1d5b2fa3a5ac6cdf772b3d5c2b3c02f4ad7595b,3298744-029eb1ba691e.json
3299022,72541632131111,RV32_ISS,11,0,537839,1428,126488,366dd24b14014dd9253483703cf7912ffa80bbca5c95cd97d47448e6e41b9026,3299022-5c52b118f1b7.json
3299238,72541633121111,RV32_ISS,11,0,752533,1428,126488,d4e52e2cf2544c345cd7a497c7f8e813515bdfa3022d41486d6d0fe3c6e54a2e,3299238-325be1b53336.json
3299859,72543162311111,RV32_ISS,11,0,416611,1428,126488,3545d5a16171265f96f05b5502093a99b573b1e7f3de60ac8760845ce784ab14,3299859-db4ff096d3c1.json
3300021,72543163211111,RV32_ISS,11,0,814883,1428,126488,9178ca4c0194075816b2a1fcde2475e7bfdc33a91910078b0b15637d6e896576,3300021-9dff9e4d9ab6.json
3300295,72543611221223,RV32_ISS,11,0,598663,1428,126488,3887463caeb26e6301978ae7493e1afd5200124ba5731590e2eda5d5056c051d,3300295-d21231985d28.json
3300313,72543611223221,RV32_ISS,11,0,561006,1428,126488,0620a07d530175435d217ec7b4158d0ecab8339cae0238a501ddfa474757ed2a,3300313-51ccd8667f67.json
3300407,72543611331332,RV32_ISS,11,0,549813,1428,126488,323e1c50b4251145a33795bef9b945050ca0e724ed34fa83bcd1bead9b69d9fa,3300407-c1da987cff59.json
3300416,72543611332331,RV32_ISS,11,0,583008,1428,126488,3e4504bb2b17b8efd62bb0006a913b88780beba052700b516fb469d6d1235f27,3300416-a84d25894716.json
3300650,72543612331331,RV32_ISS,11,0,564697,1428,126488,0c744aba0e331093e81a4d7bc3c22abf87252073e447a665d446f3c7bc876315,3300650-93d6810aa198.json
3300737,72543613132232,RV32_ISS,11,0,638416,1428,126488,50cc7e290da90b9429742ebacb2e2e36bc093d921a153b8fd25e71957ea3c37c,3300737-66c7d9e76346.json
3300745,72543613133222,RV32_ISS,11,0,514782,1428,126488,6f02b6ad5805bc613508ec36f1729bc11b2a1a9e5886a246fcc2a39c81aea8d4,3300745-96d3ad7c777f.json
3300781,72543613221221,RV32_ISS,11,0,491234,1428,126488,e2b577decb6808fce7f5a713ca83b703496e10cfd0969ccfdea1633c23db7a90,3300781-31d009230f05.json
3300801,72543613223312,RV32_ISS,11,0,693448,1428,126488,078351326b91609f2dd12d6000bfa0445287fb903692bc1d095f79002ff54846,3300801-5c3488131948.json
3300873,72543613322312,RV32_ISS,11,0,633373,1428,126488,c47bc3c73d4aadbf15276e82c55277bc31e09a30205d2022b8193a3d0676119f,3300873-443dcbcab5f5.json
3301848,72546311323112,RV32_ISS,11,0,723355,1428,126488,a02bcd74b56c3d6f384f15a35a6ffc9b3fdc6796f8b6bf1e4c6fcc0287501adf,3301848-57bc32cfb7a6.json
3302337,72546313323212,RV32_ISS,11,0,755151,1428,126488,657b15c45bea059d6bce6f1ed8339fea8fd8a58a8b4d210cb3b7decbfb28f2dd,3302337-849e5e8c3860.json
3302797,72561342313223,RV32_ISS,11,0,881005,1428,126488,4e63ac3fd2fb0223c1e4e2aff5a3be98bebb9063445619bac80620fe10aacd3a,3302797-8b1e18c080c3.json
3303442,72561432213122,RV32_ISS,11,0,880368,1428,126488,ce73b7a59be54893d6ae26b6c189d774500114502320f83c14418e869726ea94,3303442-3188fdbde762.json
3303698,72561433221233,RV32_ISS,11,0,646762,1428,126488,a29c4004269142f11cc125086d5c535947de827bb6aa089b61ae2fa4b9dde646,3303698-fdcd89ffbf4e.json
3303752,72561433311233,RV32_ISS,11,0,1349449,1428,126488,206a11b1e27e8c419cef951752888dbc6ebdbbacfe163a97109b07059b651d04,3303752-fa18c2b8d5db.json
3303776,72561433321133,RV32_ISS,11,0,930890,1428,126488,702931919f4bcd77b14be65abcbbab13c1b49421fedf8d18b907635a3bf9341f,3303776-5aa72e5de62c.json
3303778,72561433321223,RV32_ISS,11,0,714868,1428,126488,dafed92b1be59790d43f04fcd95fce458b0d598d857cc644190ce3da0609239a,3303778-9e81abbbe40c.json
3304560,72563411111213,RV32_ISS,11,0,485973,1428,126488,6a405227aba56f181ea5d19ebdaa1479c3ea0016dc3e40b9baa0038a5ef7b168,3304560-a61c657058df.json
3304563,72563411111312,RV32_ISS,11,0,665271,1428,126488,bdd1189f6b1cf0bd0b680a5e31d0e60be25534607c4130d71b0013b714c05871,3304563-ca797f9176e0.json
3304568,72563411112131,RV32_ISS,11,0,1048399,1428,126488,bc2b92864631b833e686e7a07069585ec53d1acfe8799713863df4a82cb7ce0d,3304568-71a35e77e89a.json
3304576,72563411113121,RV32_ISS,11,0,655122,1428,126488,eadacc00d6accf1024a99d5d523bd70413ae6b0571051c231dd0cfab0262c1c1,3304576-cdf4fe15cb32.json
3304854,72563412131111,RV32_ISS,11,0,481420,1428,126488,3a472211ca6a6d6ceafb950af60f5ce6246edb3e16db38c98b468b175ff54e56,3304854-8d69d8f1536e.json
3305070,72563413121111,RV32_ISS,11,0,658529,1428,126488,1333ed256aa1086a01e7ac1aa08f433b352e116ec95269cc396cfe00be7228f3,3305070-4096af1f5978.json
3318261,72643513212311,RV32_ISS,11,0,1045150,1428,126488,6a541b9d00484e9d4a71441115d6b7e5ec2bec589ba98000ce8b389792f266c4,3318261-3d63aa10938d.json
3318263,72643513212332,RV32_ISS,11,0,410924,1428,126488,dca4a70dd5da9ed831d75c496241e34a7b37e6e7642e54a991e9c46ad4b43d41,3318263-dba2e634d924.json
3326258,73125463133132,RV32_ISS,11,0,530041,1428,126488,842238b7e115c528e97334753222b2c48288f97b072c1cc404a6659c62595d76,3326258-871efadc8ed0.json
3332525,73146522113231,RV32_ISS,11,0,512759,1428,126488,e48f011f64817b68cc66d1032e804e5ec4c6d5d053584c768c80f97d362cf310,3332525-dba01029de4e.json
3349686,73246153312211,RV32_ISS,11,0,623647,1428,126488,74c85040916cdee6be6acd414bb5a7a1052699499c83ba3f618c24c1c3248982,3349686-2946fae25a62.json
3371524,73456123231322,RV32_ISS,11,0,788034,1428,126488,95430392a0e0593bc3b036ff0c9928d7c9a9775f924c6c91591b8a9b218b3aa0,3371524-5f6caf2b35a9.json
3380337,73516243323113,RV32_ISS,11,0,436043,1428,126488,fb6cb67819da8952c9781f46712b2b6e1af8b891810ce35ec79e292033eab8d4,3380337-ee94f395a69b.json
3380357,73516243332131,RV32_ISS,11,0,464798,1428,126488,557b26f8f137f6b7633c9902a3809c345dfc75ef3eade632365ce1d164fe40f0,3380357-ee35585cc1ff.json
3385911,73541262321212,RV32_ISS,11,0,658607,1428,126488,d0438248225ba5591a775eaee1c0a569eee38f4a919a605ede811fc1e514efcd,3385911-d4d18f551673.json
3387611,73542163321133,RV32_ISS,11,0,956739,1428,126488,bd81da26314a2be05e2a69e7ac93aeafcd9a590851601339633d26c705acaeac,3387611-265a62de5617.json
3388213,73542613132121,RV32_ISS,11,0,532007,1428,126488,9de91d651e89c0978309aa69a4c9e2ccbb0a1cd6fe12ada5581671a312ac4d37,3388213-19ee71354e73.json
3388219,73542613132322,RV32_ISS,11,0,595116,1428,126488,258471e78ee3b4dd98a2a5e2636d2c5da6a893ac03d027d1e8f86bbd00285896,3388219-dc6780312ba0.json
3394177,73564213321322,RV32_ISS,11,0,788839,1428,126488,f8dc7c5ab1450696ae2af154db454e0c35b7ae72c4588eb33efff8c3fe3baeb4,3394177-6e9695eaf977.json
3395698,73614251112323,RV32_ISS,11,0,1060866,1428,126488,e63fde7f7351c5f899854d2d9afdd144d01882c1f7dacdd538486e71975eb523,3395698-5a551caa9974.json
3397156,73615241112323,RV32_ISS,11,0,1282142,1428,126488,7eaae0a9bf4f866e374a67a8ff1210e612232f9db7e0290dfdcbb89e48bfb5ba,3397156-bdf22e782450.json
3397165,73615241113322,RV32_ISS,11,0,877528,1428,126488,60d8b86009826f7c150cea6823a0d27a18817f8bc165d90bfbcd1ee4c2910fd2,3397165-9587727d12c1.json
3397511,73615242223133,RV32_ISS,11,0,833197,1428,126488,512cccb268a3fbc6adb9a419305edfada8298200fb5e53930627f90f83977f56,3397511-3172df5dda93.json
3397677,73615243123313,RV32_ISS,11,0,779611,1428,126488,bde3507e258256d2c65cb38a526dcab2d4e44a816cba780d6bc5e77ca756f444,3397677-8e060dc17006.json
3397731,73615243213313,RV32_ISS,11,0,720480,1428,126488,6243274a33da1a42028b8db63685c8f347782786e2dc160074262a39c3e0d2ff,3397731-cd90aac0a4d5.json
3397848,73615243331312,RV32_ISS,11,0,826494,1428,126488,95e53f6d1a692d4955f7030526742fa4d071e1906469eb46d96b098b0574e389,3397848-747e5b3b7777.json
3397857,73615243332311,RV32_ISS,11,0,604417,1428,126488,ad0cb5e4a111bbd9fcfb72b7e5871283219c6888586b20b6611b1bacb0a9d43c,3397857-9e6daad6fa8a.json
3397894,73615421113322,RV32_ISS,11,0,547783,1428,126488,6d2fa6ce0380a1de1628d1df8f03740868906de3288ffe795ccdf96621e6fa05,3397894-f21cb05e72a4.json
3398457,73615423213211,RV32_ISS,11,0,1000034,1428,126488,e44bbb3d97e0ec897f8073f785182177108db04049d9c320371574f0a81d6d02,3398457-565ab9178b2b.json
3398597,73615423333331,RV32_ISS,11,0,779883,1428,126488,7ec89d752fd90c3ffbbdfef496f7b5158217676db37847990bb3f224024cea4d,3398597-f648c44e6224.json
3401300,73624513121132,RV32_ISS,11,0,1219980,1428,126488,00023bf0b70875557db1e21d1dd7ffec234e8528cc034723935ef8b2f82c8071,3401300-3895567e3025.json
3401498,73624513332131,RV32_ISS,11,0,620330,1428,126488,e0dacf562296bc132963d158d75b11f4a686b16f2954654f2973e36149fb01de,3401498-9e95ab92e39a.json
3401530,73625141112323,RV32_ISS,11,0,1050194,1428,126488,ab51be5344521ffac4bf4d9fe5537560bf805bd41e36171fb2a625c03e25481a,3401530-90f593eb276e.json
3402030,73625143121213,RV32_ISS,11,0,809244,1428,126488,782060c7ac182f45244b192ae75df0c5f0d137d4a8c46df9aa1b8f2bd77fb817,3402030-187d8c2e1ce9.json
3402240,73625143333313,RV32_ISS,11,0,634537,1428,126488,61005803fd78b907f7d5fe53545cd765ff1640f21279e1f8605f51c4015cd3fc,3402240-3f429f3f729c.json
3402610,73625412222323,RV32_ISS,11,0,499946,1428,126488,36706fed3ed905aa2d2b3956084fb2f67b47aac5974a801de6433b7b02223116,3402610-fa543d56aa57.json
3405159,73642511111111,RV32_ISS,11,0,1596775,1428,126488,8d27f8b1633337efa19cae7164a3075ec0e0993ff07a587197346b78752ea389,3405159-4d8999ac5218.json
3405182,73642511113232,RV32_ISS,11,0,1095290,1428,126488,40e8f186ac997be6af1ae7b249dde4ed8e0e23f1e2487233e5cc16aa2de78a75,3405182-bd8a79517afe.json
3405184,73642511113322,RV32_ISS,11,0,983821,1428,126488,21d4ba31abd2ed1cefa0dcdc91184739cda8abc25d6a3e760919b5d979ee9fe0,3405184-6c830222a9b2.json
3405775,73642513223222,RV32_ISS,11,0,635225,1428,126488,da3c17e178f3a6bb1b3bb03e750c6dc5d6410c8d2e9c80d6fdea6e9460cea08e,3405775-7268959127fc.json
3405909,73645121113211,RV32_ISS,11,0,567869,1428,126488,7fb0db78dc8136fa3ef2732ce6f8ac7a27e43351d684939a01c76eeb3ab7e9eb,3405909-25dee6b611ef.json
3406254,73645122222311,RV32_ISS,11,0,480139,1428,126488,9f1aabb507eb86357a1ead438fa6ecdb886e88c4211f011aef5fe8938ef66f2b,3406254-843734537448.json
3406743,73645211223113,RV32_ISS,11,0,365768,1428,126488,03e207af1084a278fd54ba0fb757b29ca6b145277d16ddf894954fb28944b4c3,3406743-e1158be83a66.json
3406752,73645211231111,RV32_ISS,11,0,621734,1428,126488,f9583fe81dc7428dfc977c340012b9a8a66a0532150f1e2da4b00ebfbdafd1ba,3406752-a342152db475.json
3406806,73645211321111,RV32_ISS,11,0,490362,1428,126488,6ee3c6f74140ca5427a5a8979c2cceb5f76b8feaee5721eab4a885db18d91f28,3406806-c33145c7f1b5.json
3406842,73645211332112,RV32_ISS,11,0,565412,1428,126488,6861b142db02938f470b45cb4a72eab24f603b8d388e2553a6fe8fb511cc6724,3406842-2dea1584b53d.json
3407117,73645213112231,RV32_ISS,11,0,725611,1428,126488,1683827bfdd7a20f9b6bf0b1baa2b2f9f26ba4ac85964a908b6849f49697bc1e,3407117-36fd6ab0799d.json
3407337,73645213333112,RV32_ISS,11,0,757576,1428,126488,193c41809161208dcc716403887945e33be8918f37c673d2118eaaef7e7d5383,3407337-78433aa3b734.json
3407371,73651241113322,RV32_ISS,11,0,501951,1428,126488,d6f65d0ed2ad6bf2604bbc37f801509dcf2f54f3dd8e1a22af8b08a902b15476,3407371-c1bf90a5c060.json
3410106,73652413211312,RV32_ISS,11,0,716733,1428,126488,d91751151f0b3040e77e17b72834b9c43d4a344fc4908bdb6f52f2a8bb577255,3410106-628de7c6b87f.json
3410242,73652413331321,RV32_ISS,11,0,689572,1428,126488,7a2820f5221604a7b7b83808de24abb5894f55b12162775bac1ca9f3bac33b26,3410242-6eb59e18f215.json
3410506,73654122111122,RV32_ISS,11,0,696624,1428,126488,e426d193190f97ec4d9e390dcb1ec864bd8ab19f676ccc852984753a9c02b864,3410506-d7103aea530e.json
3410613,73654122221111,RV32_ISS,11,0,497640,1428,126488,ff4b5faa481b06625222471b187a3336384caf083236ded2856554d4409087af,3410613-9e42ac350d53.json
3410993,73654211111132,RV32_ISS,11,0,691705,1428,126488,3888b8a51e0c322ca8b66e136525a57d0c709b75bfd060021d2e2e75302ccd80,3410993-0da8e278cdc0.json
3412417,74123563323221,RV32_ISS,11,0,609412,1428,126488,fecb132dc73a235af64844bb1e00af4000ec1ba868c674e23b6eb55e10a63741,3412417-ff1ec7f97840.json
3412891,74123652322121,RV32_ISS,11,0,586963,1428,126488,52986d4331462ca5ef9e8fb287c457569972ce70fb8afc1e9dd16b0ba77d1079,3412891-4c8f87119e07.json
3413003,74123653132232,RV32_ISS,11,0,585198,1428,126488,134f5cf284a85d745f6732726bf2954422a52ca159a4a725aac2bab2d0b5721b,3413003-6bfa0c8d3a32.json
3413009,74123653133132,RV32_ISS,11,0,624897,1428,126488,7fddb2c8640aa12d1c9014baec594e17f7ec2d5eb14f539561882b9485d46643,3413009-2c8f928ff7a2.json
3413011,74123653133222,RV32_ISS,11,0,582634,1428,126488,6de15155105c212fad50cbba8df746eba918b9bc0022cb4b2451fd32f3926ff4,3413011-d12c46d0cd4f.json
3413012,74123653133231,RV32_ISS,11,0,505593,1428,126488,9eefe88677fa3d99e24f031cc4e3390d6202b99323e7fa8266ea0f43b1b16378,3413012-6eb90ae5b296.json
3414093,74125631313311,RV32_ISS,11,0,481739,1428,126488,2d7e990f3643db5663fae1b2c14c81a6d9bd90239df7796ff2e72d1b851fb32a,3414093-13484fa69559.json
3414178,74125632121121,RV32_ISS,11,0,598068,1428,126488,65801e67bc1870e15ade3a6b5ab5a588a8c0013633612d2c7dc047bae8eeb7dc,3414178-b1825870bffe.json
3414186,74125632122111,RV32_ISS,11,0,487454,1428,126488,b80c3bdc08b85b67370daf511da679b6e3007861aa5bff29d1a5bf30cc55e45a,3414186-0d027c7ba268.json
3414204,74125632131111,RV32_ISS,11,0,548181,1428,126488,e972e4b17efc477309d4e2aecbf28977fb85932a1931baaf13992acac2262eb1,3414204-d55342187cd8.json
3414347,74125632321332,RV32_ISS,11,0,548616,1428,126488,1bee2442705bba62bb9605714aa268d6a265e5579e364ecdeda6e52871b62483,3414347-31376621a760.json
3414420,74125633121111,RV32_ISS,11,0,912344,1428,126488,0642baa4d0359f53284d5b4e296c6270a864dc7babf17c11e5cc78d7d6b251f1,3414420-9ddaa8790b1c.json
3414452,74125633131233,RV32_ISS,11,0,834402,1428,126488,821d7cc156dc536a242d91ededd58a67cd304a288cdd4e2e418e7b931571345f,3414452-8ece0b9dd523.json
3414461,74125633132232,RV32_ISS,11,0,318606,1428,126488,1087f360a00f40b4bfa0977e5d25f6f468bb4bc1960c85570c34e2e53d93e8bb,3414461-c792111994bc.json
3414469,74125633133222,RV32_ISS,11,0,495919,1428,126488,f940fc3006f5bc2a3429000a423fc96ed576fa601a08c61aada9ddb723b8b9a0,3414469-c027489893cb.json
3414471,74125633133312,RV32_ISS,11,0,899396,1428,126488,2496e30f963998d88c98a58c6cd25ed83b7fbac2994141796252721f01bf651e,3414471-daaf7045dcf9.json
3414625,74125633332323,RV32_ISS,11,0,858034,1428,126488,7eed3bcdb5ba4d3c65e30185c62df352427cefc6e50034ad8ac18ba2bda0f205,3414625-21e503dd5ca4.json
3415114,74126352333122,RV32_ISS,11,0,797452,1428,126488,d0f247c9437d95a38edc4892c1901f98f49b15548730d6e254cf3ae44f7d790b,3415114-d23ce538c286.json
3416288,74132561321231,RV32_ISS,11,0,777456,1428,126488,0436c5674143bc40969321edb46f30fbf2c58bbb14b68e1b1bb918974e4a4e44,3416288-f95baff95ade.json
3416365,74132562121121,RV32_ISS,11,0,714867,1428,126488,e32bfd70a23e0d6595ce720647b230f189b08fa8e7254be9c3c6bd9e8248ab6f,3416365-db74f7259fa4.json
3416373,74132562122111,RV32_ISS,11,0,469187,1428,126488,5d9235b19bba942f40f19021d09506c0aedb248aedd2674b7c135ff73690a95b,3416373-c49c9a844509.json
3416638,74132563131221,RV32_ISS,11,0,677466,1428,126488,91cd42a02a37745e0b5f225cd7eb066f31de4a4d6d47c9f6c5987bf663bf33cc,3416638-0c40a56a1238.json
3416643,74132563132112,RV32_ISS,11,0,557848,1428,126488,52bbaf5160d2ff82cac3d4b8c4741b4cc6b381a517bb505ddbaca8eab3892fa1,3416643-bd784c81e685.json
3420181,74136522322121,RV32_ISS,11,0,550858,1428,126488,bc8fd765d6ed8dd4f04c2bfa86f27c1869ffec386b30ff587349c04d5171c969,3420181-93c5c5679624.json
3421022,74152363132232,RV32_ISS,11,0,502346,1428,126488,eda72ce7c25bdba1d4961ed74e4fd59a41fd12999a66ea56c08e1833789afa3e,3421022-958bddb6dee0.json
3421028,74152363133132,RV32_ISS,11,0,400485,1428,126488,78701017d20a03274c5c7b71438bc77b53b03ecdfde212838f9a28a056edcd47,3421028-bbe2115ae6af.json
3421030,74152363133222,RV32_ISS,11,0,553130,1428,126488,b2dedbe2552b2e977d4b854f7061ba9abbb8700d69ae2c845c911b843813ea25,3421030-025353c81137.json
3421031,74152363133231,RV32_ISS,11,0,448969,1428,126488,fe97d3a23a867f05a2193c621b8fcf0fb253a8383a51248c3916ef8ffab4db1e,3421031-c639b5179b0a.json
3424393,74156322122123,RV32_ISS,11,0,442682,1428,126488,071f02c09824504bc61a48acf15b30e8e02a9cc2747056abee6c2d1ba296f6fd,3424393-aa68837affb7.json
3424399,74156322122321,RV32_ISS,11,0,465363,1428,126488,edda2038dcaf48e51e816c8300010d87a08a82553ab888ce3a83d97ece06160b,3424399-ec2a206d2896.json
3424540,74156322313223,RV32_ISS,11,0,490556,1428,126488,9c6266ec8345f9f289a9e6176619532524da397fe694b3e46f4c8e53629b5fd0,3424540-62b5c5225871.json
3424670,74156323132331,RV32_ISS,11,0,488951,1428,126488,63a44f200193c29d6d44aa672f801cefa82cb5da9b808bfe0e51e2191a0ac73c,3424670-f81e2fbff228.json
3424672,74156323133123,RV32_ISS,11,0,489790,1428,126488,aa40812061a8ea0e1e0f5cfba1a58a9632645740530f4a97cb92cba96f4810b2,3424672-760506722a9f.json
3426328,74163251121122,RV32_ISS,11,0,635373,1428,126488,37202f8710b4ba352de79b46464659c4efbae9fb5ea824023db319408cb965af,3426328-6121d99bcc0e.json
3426555,74163252112211,RV32_ISS,11,0,486886,1428,126488,beee207de74ba8e25f4e75593d194fba8f6bb98ebba39b718a989363250b948f,3426555-8fddc1b6cf2f.json
3426597,74163252131111,RV32_ISS,11,0,612628,1428,126488,1047779363bafbf6ac951fe4853d91ae035194c300cc6d006d105ec7fa343548,3426597-ff50c6a2cc8a.json
3426813,74163253121111,RV32_ISS,11,0,921038,1428,126488,9a785a87939546f0de814755e1dbfcc5e32acb8e690047f35cd12148a86504cf,3426813-c6eb3a4c7f92.json
3426848,74163253131332,RV32_ISS,11,0,811565,1428,126488,a5623d86bb71d85ddff328536c5a4c685d3fb36243e5ae7819c65992d4a1184d,3426848-3f0ea71cd309.json
3426860,74163253133132,RV32_ISS,11,0,428377,1428,126488,a1d522068623929e5d2f973df38f9b82ccbedee6b7d679825295e1c3fad7f237,3426860-882328e293f1.json
3426861,74163253133213,RV32_ISS,11,0,800593,1428,126488,c6c5bee90fb1d560e696d2d9b0f420f9c361feef97790c44105d8c8364ee664c,3426861-c19d291e876a.json
3426863,74163253133231,RV32_ISS,11,0,405064,1428,126488,6117f754f170ce8b219c4618ac4a250ae4796156d3637d4ec530c95dc22a3c03,3426863-b36faacdbe84.json
3427018,74163253332323,RV32_ISS,11,0,780351,1428,126488,2a759f133e39fdf612b226a1be5f008cd73387130138d6a3ed9beb269d324c3b,3427018-4e37fdbc9453.json
3427788,74165231121212,RV32_ISS,11,0,716875,1428,126488,ebc430b83566d23d54ea872b801fc80377ff832185855aa97e10c4315d033308,3427788-69d8b1739825.json
3427818,74165231131313,RV32_ISS,11,0,892916,1428,126488,0427221157ef2027f7c77b639dd6cb8acbad2464b80017078e44661aad451270,3427818-9dc5eef5048a.json
3427849,74165231212121,RV32_ISS,11,0,727112,1428,126488,9b58a1f95c998dd312b72bd2b949129e129e578e1f1a753395e341f9a0448f62,3427849-596b7c808d20.json
3427940,74165231313131,RV32_ISS,11,0,654516,1428,126488,bfe668a6e13e78461a51de631359f888d93b250a4007e87774eb39c045ae79a6,3427940-d35e1102647e.json
3428004,74165232111212,RV32_ISS,11,0,698086,1428,126488,7331f06f992d33ac978c5ca057b0b741b5b278dc8136b99c1e155a7abf68c493,3428004-031269b066d2.json
3428028,74165232121112,RV32_ISS,11,0,900253,1428,126488,f58b0fd8c2e2770a95158c883616979c1ea027082bee0e78098d981cbd8a59e1,3428028-fe516e2e1aa5.json
3428031,74165232121211,RV32_ISS,11,0,786634,1428,126488,359cca0628c1b3363ec8ceb436c16f202434d64024ee0e4746a46a41393386ad,3428031-ed54b257acf6.json
3428250,74165233111313,RV32_ISS,11,0,904525,1428,126488,78b62a8e7df8c008893f514806fb29c7d50e61f6109012db196a1cb5e8772623,3428250-52c08d2b3fc7.json
3428298,74165233131113,RV32_ISS,11,0,1636740,1428,126488,e69098eb0cdec8878068f4f27643140fbeae4762f6278ffff7cd3cc75f415efd,3428298-e2e015f26d8e.json
3428304,74165233131311,RV32_ISS,11,0,1641507,1428,126488,5ff6214270e3914d66c3d71c38fea8fd9f5a4a3a6a137785bdb477b72331192f,3428304-dbde6f0406e9.json
3428305,74165233131323,RV32_ISS,11,0,1298278,1428,126488,59dc5f32804b17be997abfe36d34c1ce89c1c514e267fa5fdff21165eb19351b,3428305-5c205d71c149.json
3428313,74165233132313,RV32_ISS,11,0,1897270,1428,126488,c615b084b065ddd4a5c4b14203040f2109eae253079085ef99cd370fc1710242,3428313-3459b370f07b.json
3428385,74165233231313,RV32_ISS,11,0,1245812,1428,126488,ae6083706bbf906863c7148f045bba601ba4b8844320ec8a38ebc075d8e8bd05,3428385-a4d227f6069f.json
3430397,74213652323132,RV32_ISS,11,0,385873,1428,126488,300eaf061e3fd77a1494bf2ef9161931dafad992e8de47e945fc47d6b477d0d6,3430397-df7f4966848f.json
3439185,74251633111313,RV32_ISS,11,0,1154914,1428,126488,b514a72437f59d7f121b17479b4ab82dbe1a09811fda6f9d418246b81f7284b8,3439185-17f7e9f05e11.json
3441802,74256311321222,RV32_ISS,11,0,819879,1428,126488,661e18024a8adbc23e547257b7bc4eb2d8a9573b0fa650912ca62da43505da92,3441802-041d746ff6e0.json
3442100,74256313111232,RV32_ISS,11,0,991997,1428,126488,4615c1cfa514edf6b3bd1102a32e6a07816b2c757453684564e5f9a4b47c5270,3442100-fca772c01a4b.json
3446465,74265312333233,RV32_ISS,11,0,504300,1428,126488,7651c89d903d22b95ca785bb01369b81a819806ab721ef6c31595b6ad209a73a,3446465-d5db11204c26.json
3447926,74312652333332,RV32_ISS,11,0,367757,1428,126488,230c75b3002a04f83684d454952ab6802804dcedef88bd365401e08e15ede87f,3447926-05f8b6e03dc1.json
3451736,74321563311131,RV32_ISS,11,0,805987,1428,126488,5de255505266cba5ed63b32547d577129029ec08c246731a8fe09151f3b5ad12,3451736-dfe3a95a11d0.json
3452461,74321653233323,RV32_ISS,11,0,1124614,1428,126488,5811f669e57161f29c3f946f9b631bd6c5cbebb2279390c9b8113cbedad611c6,3452461-2e9a848d7930.json
3453091,74325163131323,RV32_ISS,11,0,822512,1428,126488,51111418532b06f5d7eb3a902d03cd1e217db032c18397f529d34331b2f42c36,3453091-df8e21c3955e.json
3453628,74325612221222,RV32_ISS,11,0,467691,1428,126488,7634b800a149faeb0d709770853dac24b2aea1f09d50aa84556252423699010c,3453628-d1e4f90b4cd4.json
3453792,74325613121312,RV32_ISS,11,0,1365350,1428,126488,0b83cde18f753e67250456e904fa8d2293bfe05b6fc2accb58fa42a26eb41e9f,3453792-5365a56dd791.json
3453816,74325613131212,RV32_ISS,11,0,988355,1428,126488,780c98f73c0a2f3a70dd85e5f5dac054f429cd8141db867acd1edd771cd7c91a,3453816-0a84b4645e2a.json
3453839,74325613133333,RV32_ISS,11,0,810502,1428,126488,67b2328631549b6cdd254388e1feed5daa05a08fffa2ee3374884d674d988e28,3453839-d991ac048e34.json
3460331,74361253112132,RV32_ISS,11,0,833649,1428,126488,ba4cfafda5a941575d371895ad1a57f4490c6ab834a57411a503ba914a0a6e7b,3460331-33f96c616e70.json
3460406,74361253211231,RV32_ISS,11,0,469710,1428,126488,1aea509f335247ff3e24668aa9177e11248270757f6af5d40fad5eb3e0df80e3,3460406-31c7b83460c1.json
3463510,74365211121221,RV32_ISS,11,0,491167,1428,126488,4b9683995889b26c0588604718a3bb30d05466a04ff0f700fb027a34c7338df7,3463510-e8e442b99454.json
3463578,74365211213111,RV32_ISS,11,0,705868,1428,126488,756a961411fb4c29ffb255aad378a1f6fccfc44211775bea2a5a167b70d37954,3463578-c620eb507aa2.json
3463650,74365211312111,RV32_ISS,11,0,730324,1428,126488,da468b4ec2342127b3abce6c0157649ccb9e52d069868ede267c8ebb8e8befc0,3463650-40ea8ffe9cf6.json
3463659,74365211313113,RV32_ISS,11,0,485033,1428,126488,6a5db0a017ef99acb86eaedd430ca907010d9c36bb8c8edae567e30714a8d2d5,3463659-709aaecc3ee3.json
3463713,74365211333111,RV32_ISS,11,0,484052,1428,126488,e480ec1e6a68874e5e6f7f32ec0d636f60fad091b40215cb3d559291513a3e49,3463713-2b956a0908db.json
3463728,74365212111311,RV32_ISS,11,0,480855,1428,126488,118f9aef7c8cdb6c50abca597764b1f978919c32c98a2b3bf3f8d9d2d4e9ac29,3463728-fcc3ffac9efd.json
3463846,74365212222323,RV32_ISS,11,0,527721,1428,126488,9762e67197b057dda01d27f656b9367ee7b3f4dc6d910a3e30f45b27d5603128,3463846-4e2245ae278e.json
3463964,74365212333332,RV32_ISS,11,0,579940,1428,126488,4781ba44456f814152135382b8a8e0b53ff4dcc604da4f40442cfbccdd289df9,3463964-7f8260038943.json
3463968,74365213111211,RV32_ISS,11,0,810695,1428,126488,24e91745784fa660ec3aacbd823db88d767352c2d7fe863028f27dcf9eb52410,3463968-044aa6fcbe92.json
3464000,74365213121333,RV32_ISS,11,0,884725,1428,126488,4745596da57768edff00d2c86a969e01d80c51c569df0693b4c5c8c49c079c48,3464000-097e37dc7af4.json
3464411,74512361322233,RV32_ISS,11,0,843647,1428,126488,8aee759e28e2ece5b2b50349413b9126a0ea1ba0013d7194c14f115981f2713b,3464411-8bafab6e1a37.json
3464635,74512362313223,RV32_ISS,11,0,737506,1428,126488,340d9afd9ab5bfbd8610b3fc1372e67567f053df1faeb35034ef9655f24822d1,3464635-21b19bb54747.json
3466183,74513263121222,RV32_ISS,11,0,1246202,1428,126488,af93e0a8673b90190167db18e9409949287d2bc0c5c333e57ad10039692dfada,3466183-71fdf8b75adf.json
3469674,74521632222212,RV32_ISS,11,0,900605,1428,126488,8c30921e9fa48be6e9fd27846b6c1de94955eee98a0bb5668f998b0b74c75f87,3469674-fe5615ee8cc4.json
3469827,74521633121213,RV32_ISS,11,0,970085,1428,126488,592d3ca2ef47b677173ea6bef7ececff4c1d90d215ce4f995a17b81cd369e314,3469827-a9993e4cae8c.json
3469830,74521633121312,RV32_ISS,11,0,985022,1428,126488,1a06c043c5150b0281453c4f6f96a611052b6feab6b180d74b3ad3f94b21a221,3469830-d1dd33b8018a.json
3469877,74521633133333,RV32_ISS,11,0,971885,1428,126488,083d0b2eabe4118f9c300f9dd25c3c3082da1fda0481b5102f1f58ddf72a73fc,3469877-f4374f54ae07.json
3470037,74521633333313,RV32_ISS,11,0,1237715,1428,126488,541a7f518311de6ac3593848da8b1b2b34a9010591d8a9dfa138cd62a25969b2,3470037-26f16254bdab.json
3470796,74523611121113,RV32_ISS,11,0,501993,1428,126488,05815288d04b3fe5ed06bccd6779a4b2b80ed940d40ba28f372b7ad9344c0adf,3470796-9f574848a66e.json
3470823,74523611131112,RV32_ISS,11,0,991439,1428,126488,a21f8990a5fa1483aa5c4eb54953bdd1a757460249974b5bdefe1221ee8db742,3470823-7374256565e8.json
3470868,74523611213111,RV32_ISS,11,0,855823,1428,126488,e16f771af8340afcd8dc8fb663f961773bf39a95c4a67d2825f2c48b4ff4f8e5,3470868-e91b46c07f2e.json
3470940,74523611312111,RV32_ISS,11,0,569528,1428,126488,130df774d723de89f3b380d283219f6378085407bdd038779ffcd668e5fe8a11,3470940-5c26334d8a31.json
3471018,74523612111311,RV32_ISS,11,0,606171,1428,126488,e5f800aa76c846b0032c8aadaef2746e83e00981237e2e7739747078262df0ac,3471018-b37454712cac.json
3471258,74523613111211,RV32_ISS,11,0,674748,1428,126488,01965deb86a843cb5c70c40dbf0dfbc3d196ecb5c2554e8ecfce0e5e9a575f1b,3471258-dc93b224c0ab.json
3474949,74532163123223,RV32_ISS,11,0,455111,1428,126488,f4331b6f41087aec7fe116220c62483708f823b0f42574b83ece03477677d1b0,3474949-b84051f795aa.json
3477334,74561231111222,RV32_ISS,11,0,719233,1428,126488,11f3d4383348ac788c83f895f98897085ab0b2955e5be9d34658a9fa6ad0fbcc,3477334-3bdfe20676ab.json
3477573,74561232111113,RV32_ISS,11,0,599493,1428,126488,23bf81455cab01466e7f69a02e10e65c0c5aae9b2fa85e28472b1cb08be7d786,3477573-4a40a0729be6.json
3477681,74561232221111,RV32_ISS,11,0,758500,1428,126488,f252e2bb4517470c03dc66b55e1a403eef0e6e2dc8ea18741418d704ba3f81e3,3477681-f4d871c86fdb.json
3477816,74561233111112,RV32_ISS,11,0,925397,1428,126488,1e867ccb92cb55291bd6a5f1975e88f04a3124fce180724d28768a0db34c9f03,3477816-9bd0c2940f22.json
3477875,74561233131233,RV32_ISS,11,0,597592,1428,126488,92d9f31dcf93edd5841698ad8986863a1d26436e6377b11f8cc8d28151407690,3477875-ca6c7d281ab5.json
3477976,74561233233323,RV32_ISS,11,0,908422,1428,126488,5f040f5d565df06b83eae640de1fa7ef917ef79ee067f3f52180692a98e4aa8f,3477976-b8a59b017cca.json
3477983,74561233311233,RV32_ISS,11,0,653311,1428,126488,883f4285fbcbbb185ea431a001273627a5c723113f957320ba41cdda918cc816,3477983-3b906ede949c.json
3478007,74561233321133,RV32_ISS,11,0,734796,1428,126488,dc7ed776ffd124ae9071e08a623d1c2907b4a9f7d5dd98ef83a9dcd9d9a28b45,3478007-f2b48a7fa4e0.json
3478011,74561233321313,RV32_ISS,11,0,858480,1428,126488,f769c04fd9f3a8262332eec013b6a63d44b824a6293d1f8a90ba7c74b6524b18,3478011-3df2d8d96fc5.json
3481127,74563211232332,RV32_ISS,11,0,634650,1428,126488,28d8149c0d89626c5abb730e3b521222ca87ecd640cfc63616d6a17aaa6554f7,3481127-d95ca028a44a.json
3499033,74653213133222,RV32_ISS,11,0,595839,1428,126488,47ef8b889c8dd8c6219b66907654c16481199356d250453e5cfb0e978b0db50a,3499033-17ac49a56186.json
3504218,75132463233233,RV32_ISS,11,0,739878,1428,126488,4e0317f4be79f2e969f953d32886a208580d199c8615df350935159d84135442,3504218-df23625774f3.json
3510033,75143263231313,RV32_ISS,11,0,1114495,1428,126488,216505cdaec0551d2f47ee0a80edfe1b366e8f5f74f588ec20720a26da581adc,3510033-f84aeec2d3f4.json
3511808,75146321323331,RV32_ISS,11,0,464277,1428,126488,64931b20dc4941eb4a8f20338d5e29d2593d4a8d66ed695d8fcdfb3c05f41bef,3511808-3d8140dcd92e.json
3517796,75213642223133,RV32_ISS,11,0,749364,1428,126488,5858369c00f8ee7b5c19fd4f20dd3278e71462abfd300761f8569310c135e02b,3517796-a3e41f73f155.json
3521638,75231463211123,RV32_ISS,11,0,1009255,1428,126488,aaad1f6dd64a9abe999f989ad3207606ff93d41dc53f7d940d90027a714ea953,3521638-2daf72a2fca6.json
3522731,75234161322233,RV32_ISS,11,0,615012,1428,126488,a2b74d197c1c7271a16e986309e2664a9caf796a84e4b543de902f653ce5c634,3522731-87a9782082c7.json
3522879,75234162221111,RV32_ISS,11,0,569102,1428,126488,5598174dad187a34e5b9ce3bea87ab79006abfe7ecc2fbbbe6648c591fc27fa5,3522879-c15f1f17966d.json
3524576,75236143213232,RV32_ISS,11,0,400716,1428,126488,258d70786e1a39c5e2a1aa381d4c606fb8ac2164f1a58a9ad622624be503afa0,3524576-f93ac6853151.json
3526540,75241632222323,RV32_ISS,11,0,557829,1428,126488,bb012290d4296d4b67c36f4a591ac2b957a5b5ee8f455127f4b693245f0df489,3526540-7beea68abf56.json
3527233,75243162211322,RV32_ISS,11,0,1046959,1428,126488,97a95ae1d4c7b4ff55d5b5d352a726faaae7b11cbdbdd382362a2986a92a2a4c,3527233-0c9f63ff166f.json
3527654,75243611113232,RV32_ISS,11,0,779778,1428,126488,94aa508a9b5fd96f8b1e765a5d24ebeed3becf282eeb06a4ef2d44cb84e03908,3527654-3f5c0117f8f4.json
3528221,75243613213232,RV32_ISS,11,0,383311,1428,126488,fb08d5ccb5fc10323e9b4a413be34efce6be16c03277734698c3cb13b62988b8,3528221-cfa75caec290.json
3528600,75246131333312,RV32_ISS,11,0,465348,1428,126488,04d18134929552b4dc19fa941bc335de87d41d70fe29e646383b79129294b4fa,3528600-0e8d3f4716d2.json
3529089,75246311111111,RV32_ISS,11,0,2580538,1428,126488,8b71519edc11e7289c15afefe6fdc87cfd7786904fe64e69146d7d9786288958,3529089-ddbfbb5bd15e.json
3529671,75246313212311,RV32_ISS,11,0,802810,1428,126488,6d39b014d346a0e8e07114cc60b07b9c4197259d6525e7fc9faba1279f8995d3,3529671-f56ce59f9c61.json
3529749,75246313312211,RV32_ISS,11,0,746530,1428,126488,124c5d90064dc92e7c2507739569c8afccfefb6405540579b7dc2842dfe3800a,3529749-3e6110e85a53.json
3529808,75246313332332,RV32_ISS,11,0,535514,1428,126488,2b70b4712c572dd9e858f0dd83c50f7a6774e941cbe57a5f3420a326759b3612,3529808-6d8e6995d880.json
3530840,75261432123233,RV32_ISS,11,0,758220,1428,126488,f67342622d9e7e9925b5c51c84441d0c913821f8ac371ef37668a73fdb1849e9,3530840-c6bb8979ac5d.json
3533009,75264132121232,RV32_ISS,11,0,822468,1428,126488,f86f3aaee63ec824828b748d893171ff56a72a75f2ea26eb456202df239c64c5,3533009-e3fa433bfa53.json
3533111,75264132223331,RV32_ISS,11,0,610611,1428,126488,942face224e8dc85dbd8bdb18cd4f3143deba7437ec752a066ccf6377bcdb50f,3533111-dd94d2f94c27.json
3533169,75264132321212,RV32_ISS,11,0,575231,1428,126488,05ca73d69ef645583db3bb98b40fd4ad1f9671e0896228a3bbe7cc3e7d540444,3533169-b57e840c85be.json
3533255,75264133121333,RV32_ISS,11,0,1207908,1428,126488,d154773aaea3386c07804e212cc943921b7590ad7fef21f34139fb12c4a485fd,3533255-249e134591a2.json
3533439,75264133331213,RV32_ISS,11,0,940005,1428,126488,b727def8bf6347598761930aac7452c5cd350575829b90a5e059560fcb777303,3533439-418157642f4f.json
3533590,75264311223122,RV32_ISS,11,0,522718,1428,126488,11dcf20885b5f1f42bf8ca8d98ff711e66de999bd6706fef894644728d98b338,3533590-ef148ec62016.json
3534084,75264313231112,RV32_ISS,11,0,930960,1428,126488,776fb6e9e816f10d742147cda2adf16e007460ba09ebc1b90d4c752ed32be5c8,3534084-66bd0af2c9dd.json
3534914,75312463333133,RV32_ISS,11,0,1014481,1428,126488,84c8c108410e81a4b614771dbcdbdacac1979a490790267cc2546b5da437a06b,3534914-e808362e395a.json
3536455,75314621133221,RV32_ISS,11,0,558478,1428,126488,6c9ce7e9dfe5efa7ee1e6649904b7838c02575731112e2bfdca3aa2ae6f1682b,3536455-b86fe2d5a117.json
3536562,75314621313212,RV32_ISS,11,0,1240323,1428,126488,1104b1efab2ef690a882a2a47314e1f1c450452e0ed1eec64439da2f9f9974c8,3536562-711ec79b622e.json
3536884,75314623113122,RV32_ISS,11,0,512042,1428,126488,43a1e9c7adfcba33e5cbd8f3fb31cc235bfb7f1ec41c14463bfdfed2c67e7049,3536884-683ce90ef732.json
3537248,75316241231231,RV32_ISS,11,0,575998,1428,126488,b9cb096c7a6beb2612462261674b207c78a102f4670d7156f715cecf404c6f7e,3537248-652506d28561.json
3538728,75321461311112,RV32_ISS,11,0,499640,1428,126488,a31e44d85c112e96b18f1055f0d2f09da85a20baaf427422ce4141514d32fbe0,3538728-27beb13f6c90.json
3539116,75321463132121,RV32_ISS,11,0,626466,1428,126488,9b5970725968134e6f66ee8cc97f3cb4282bda30189ef9e23dcbe691e85778ba,3539116-550644d710f8.json
3546173,75346122133133,RV32_ISS,11,0,575957,1428,126488,f5dffaa4ef00ca373664c73f6a70a60035b50c82fbe0e9baa6aeeef41e9bba31,3546173-d6bf996c9d07.json
3546658,75346211133122,RV32_ISS,11,0,712270,1428,126488,3a098f26b5a4e2ca2b215ca86610c6ceca477c9a8e732375a2b0f2f80d5ed166,3546658-d957931ed86f.json
3546672,75346211211311,RV32_ISS,11,0,717422,1428,126488,626602e4ee3742f52b117dba99e406487b43e1c5cc3147a13ae28acf715f2b1f,3546672-0e9ebdea1490.json
3546750,75346211311211,RV32_ISS,11,0,537136,1428,126488,dc924b289d919b522a7713da732acc07dad4094b343acd0d55808b86fe9af187,3546750-09acae7c5f5c.json
3547043,75346212323333,RV32_ISS,11,0,550198,1428,126488,4ba28b5e4f6e66cd04fba101b127754c47501cb2af1053f1b2045cd9649e4292,3547043-f4df793fa264.json
3547082,75346213112132,RV32_ISS,11,0,499665,1428,126488,e36722958592822dce18c94730064e2de8c1fbc6ab3360609b90918fb9685fa4,3547082-1b886740323e.json
3547135,75346213132121,RV32_ISS,11,0,653444,1428,126488,84ad6f874039702979849cb0602dc9504b8f983ca1a7bfae443acedd6455ad79,3547135-58ca9314cea2.json
3547141,75346213132322,RV32_ISS,11,0,817390,1428,126488,39dca8628b81f945c50a7ff506b4dad3070414bb46557a194d0a0318698add59,3547141-6e9d2f6d8672.json
3547297,75346213332122,RV32_ISS,11,0,581859,1428,126488,3764ae64815ea8a52a07af468099c390f0f79b1e31cd9896077069c40a621e26,3547297-4a53bb946bf7.json
3552551,75412631223332,RV32_ISS,11,0,499533,1428,126488,85d9dce8c1dba129b76f129224feb7a87cccbfa9d78f4205007d1e49967bf442,3552551-bb1c213b4ff8.json
3555966,75416323232213,RV32_ISS,11,0,824065,1428,126488,cef4c2524bc785ba5ad0716ba2aec8216bc14aca788414c5ee4b2da5bff2bca6,3555966-67217a60e7c2.json
3560997,75431263133213,RV32_ISS,11,0,909527,1428,126488,5b74d3fdc0f61528dff475f211cfa9b0b7bf38a85afe2b333f0dfc3085bb9d43,3560997-33e0ae97165c.json
3566559,75462132123212,RV32_ISS,11,0,880012,1428,126488,4ce346c5e37a9198c4e7fbd5cec74a1934f3c020129f3dde8f15761f1130310f,3566559-fb0cea1b91f3.json
3571190,75613243131332,RV32_ISS,11,0,914523,1428,126488,77de4be57fdc795844a4cebc6a23356a4cd012b9abf159ba1d4fc3dde37c92bf,3571190-9da2f9a811b6.json
3571203,75613243133213,RV32_ISS,11,0,712654,1428,126488,fbaaadd88b4c1de19cb86b0eb6bd7a74e4c11476538c8131eb718565825340c2,3571203-c39a7d9247e8.json
3581542,75634123323122,RV32_ISS,11,0,628945,1428,126488,a1d19a9226a047358855422b7e5fecb0be4c4bb6b59f166e929c9a4bdf959644,3581542-ebcae92fd2fd.json
3583665,75641323232111,RV32_ISS,11,0,787439,1428,126488,2a6ef4f53aabe1087a0871213171956aaa44a06c53b11684f47c0ec1b18024a4,3583665-3cc51809dc45.json
3584112,75642132213311,RV32_ISS,11,0,358682,1428,126488,3de5b09124bed347279a93428c78a1c8a27c5f98d98c9ac6abca93ac816a6ec8,3584112-6627ddba3b48.json
3587326,76123453233323,RV32_ISS,11,0,1153766,1428,126488,32b6fc0df37d7971fb66a73b623709723a7d7ca4ffe0a3c75484d6275c14bb07,3587326-ca0adcf17e38.json
3590318,76125343333133,RV32_ISS,11,0,1264141,1428,126488,253cb4e5a5fd9711259ab4551e33b1bfb267603f81cbb10ddcdffe68621f22ea,3590318-6a82b0805665.json
3597189,76143252131312,RV32_ISS,11,0,675136,1428,126488,98a5d8acfbf7ad4866110f8fadcf86ab75810919c22f747e8dd4fb267860fa98,3597189-036a2271970e.json
3597241,76143252221222,RV32_ISS,11,0,454288,1428,126488,f60d360e7ac9912168eb576e81769b2fafb751ef97a9c36cc7ddd8f920f3d7c5,3597241-7b3030f4f29a.json
3597429,76143253131212,RV32_ISS,11,0,1274967,1428,126488,7c2e09c8599c77881b56b78291d07904f23e691fcdd29e66b0631e66796d1655,3597429-fe41d27097c6.json
3597596,76143253331333,RV32_ISS,11,0,721005,1428,126488,5c79b929359e08cccf2a7a1ded40552f8b37f02e67ce5a78e09a70f4a680db4e,3597596-5903a7851ac1.json
3597612,76143253333313,RV32_ISS,11,0,1508733,1428,126488,d03072f983744be238ac7a7d159800a1c6fee72138789f4946f43094e4143ae3,3597612-dad8eb62df60.json
3598371,76145231121113,RV32_ISS,11,0,488217,1428,126488,fcf128342b2bd12ec46545df4e5017d6992142eb383a39ccdd4936c4e4072687,3598371-c1624b2c4db5.json
3598380,76145231122112,RV32_ISS,11,0,1261372,1428,126488,5ccf3c3901b0d6688604c7146370eaf939a2335fb28861f533e871f32c597184,3598380-db0392d0d5fc.json
3598398,76145231131112,RV32_ISS,11,0,842842,1428,126488,0911a907b08e8f41237665282497e0402be7e473ceb90ce7738c2c5564c31a2e,3598398-bb0249a1ef56.json
3598452,76145231221112,RV32_ISS,11,0,918309,1428,126488,022c20bcfc122e20a1f470299c0e79cfb8902ea0581775e3e2bb7dfb1e9ae2b4,3598452-e672321b6fc1.json
3598514,76145231311331,RV32_ISS,11,0,463876,1428,126488,0ae174c77f19b8b1642b2c6b31c19137fae88632e8fc64814f6dd428a7a37d94,3598514-881543166d89.json
3598640,76145232123332,RV32_ISS,11,0,529934,1428,126488,5d3db973441a8816cd6cf6d276f343178d9136d9f3300985715f193ebe76cb2c,3598640-40ed5c32bbe9.json
3598743,76145232233213,RV32_ISS,11,0,1250458,1428,126488,d1c483e8033a1b6178f4ce39c3ef6abd22c1d70d6e54783b2d85e42e59316d22,3598743-2b72abce313f.json
3598809,76145232331313,RV32_ISS,11,0,629887,1428,126488,8693fece2ee33546d4fdbcc59f0bbf8737490ef5779911cc04aac79b7f33fd85,3598809-26c1e2f2f514.json
3598815,76145232332213,RV32_ISS,11,0,826717,1428,126488,913a846d53e8b6534b3dab9ae3c4bb8160c9d3f6ce37669b9f797ba76f2069dd,3598815-0acd492487af.json
3598905,76145233133213,RV32_ISS,11,0,882231,1428,126488,5651b9d4e03303a640734f298a4e5ea204daea3e178a0afba399205509132192,3598905-d7889d6936f2.json
3598982,76145233232333,RV32_ISS,11,0,972775,1428,126488,66386e4615e8389e164a312e21bc838b690902e6deb0fddc333fdad3e2bb9caa,3598982-e9ccef1e73be.json
3604167,76154323333112,RV32_ISS,11,0,697049,1428,126488,c5f5dc2dcd6e8f3b036578e607804058ef17f1a8d73912f0a5fb2213d4583867,3604167-2e4a312e40c2.json
3605492,76213543213133,RV32_ISS,11,0,650559,1428,126488,0c94c71ffca56d1a0f84cc59d5a7aa5ad8838c4104c78c2deae3d4c994f6c455,3605492-54b05d8bc104.json
3605561,76213543311332,RV32_ISS,11,0,684442,1428,126488,0363376283009f39b376c204672d16768db6cf7e811bf7a0e0f75cfb426c0235,3605561-de236a5f9cc6.json
3607232,76215341231231,RV32_ISS,11,0,475114,1428,126488,63e7d04940b9820205313d2614d34027a64f3436a6ffdba9ac185737f4a8f7fd,3607232-ffbab0e0d2eb.json
3608543,76215433333133,RV32_ISS,11,0,973524,1428,126488,f6b0803ec7d6e5cdd9c5c0a92a4b3f183b61607264a7d46260568cae3688632f,3608543-993f01a6b853.json
3608595,76231451123111,RV32_ISS,11,0,593265,1428,126488,62854fe67fd9a5405520db2264f3535e599ca3dfe92d568d5bb93a1f4d873809,3608595-296bb0903d89.json
3616598,76245311121131,RV32_ISS,11,0,518169,1428,126488,75edcd1efc587fad5d68a3cce56cbd7fffc66b93587feded3e76e707ba129f06,3616598-8e51a5610777.json
3616624,76245311131121,RV32_ISS,11,0,540230,1428,126488,e69fdd6b1b887f016bcc618f4587b0f230d0b8f7a84393bb9218dde3cd26c99d,3616624-006c6f22f94d.json
3616674,76245311213312,RV32_ISS,11,0,641446,1428,126488,c0c90071e93b2afe1cf3c23b62446fd92fff480a01fcffc756706cdcdd140711,3616674-f7338110d3eb.json
3616877,76245312132131,RV32_ISS,11,0,500601,1428,126488,78a2dd72bbf034d1dd3e664771c9fabba8174e883b8a34123a4d9614e108c659,3616877-7f9661cee7db.json
3617092,76245313122122,RV32_ISS,11,0,756329,1428,126488,6360c2a03023194aeaa4396eace1cb752c6db5c680b43af79ab41b5577a9d7ac,3617092-e49b537eff84.json
3617101,76245313123121,RV32_ISS,11,0,512157,1428,126488,44127d5d5593e0d705e8ba91b4a047e5394892027edbbcf66abce69394e57d7d,3617101-703755b012bb.json
3618803,76253141123132,RV32_ISS,11,0,470788,1428,126488,057b6ef1ca7e22ad6f9d2ad5243501408a4fd87689d940cdf50e76edc78d4d0c,3618803-5933e560b0d6.json
3618845,76253141211332,RV32_ISS,11,0,550901,1428,126488,e2401cf4388aab551222841da967fec82f1b97a170fd14365ce91008e64a05e6,3618845-e5bb7cbf773c.json
3620175,76253413322312,RV32_ISS,11,0,567903,1428,126488,a06238a1bdd2d83236df642ec205186f4a97e1d5ee80023766b750f8d67c7a9b,3620175-4dcd01c0aa51.json
3620869,76254133311323,RV32_ISS,11,0,1566229,1428,126488,173126c510dc83f4fcf58b7c338c3ca7a989acdaa6ea5ebc105120bbcd8ec9fb,3620869-ce7997b1dde5.json
3621510,76254313211111,RV32_ISS,11,0,1129908,1428,126488,ca630c71db3766d669f325e3a532098dda3bc96c030eb066372759f587b883aa,3621510-e7f4226e2f87.json
3622005,76312452212111,RV32_ISS,11,0,773198,1428,126488,f56a5340d2ec3cc98af064a6ca19b1f161e462a2f544a95ef125415a63790188,3622005-40388d64b01a.json
3622239,76312453211111,RV32_ISS,11,0,737080,1428,126488,178fff7bd305350e68f7b5233028991cae8e53afeb3cc09960f1e1abef2c11a4,3622239-9f77279e79e0.json
3622326,76312453311311,RV32_ISS,11,0,900738,1428,126488,ca9b9a20c849a4cda2cff1d53f9cad28f40f854527523b6979c52255b205986e,3622326-45dbde9b533f.json
3622836,76312542321212,RV32_ISS,11,0,551447,1428,126488,25839961a094d442c4e42cd6e331ff8d26f12f082556406971995fad744dea9b,3622836-7b14bb0eb6f3.json
3622843,76312542322121,RV32_ISS,11,0,417011,1428,126488,715b232927199a18f9bf8c89054e47c21d68064da40a4bc93958f8b47010fb35,3622843-38ae63148536.json
3623089,76312543322222,RV32_ISS,11,0,827410,1428,126488,ef4df978b6595d449105496b87ab3e340ac742fbdc4257d9dedcccf24ba071fd,3623089-dc5be17d8732.json
3624597,76315241112113,RV32_ISS,11,0,795478,1428,126488,76681c5cb99ea07574429db288464ef060dd6948b2e273bf1c9699cfdb476cc4,3624597-a5a8b31af239.json
3624606,76315241113112,RV32_ISS,11,0,612682,1428,126488,abc8756d94fe244a5863e417bb5fffc7c7a34b6f5d92631d30e2425d7bb9fb47,3624606-845aa503c717.json
3624714,76315241223113,RV32_ISS,11,0,529728,1428,126488,01132bd3b0ebf0ec0ad9dacea2c30285cd722e5d390d3ab7715f237bf2126c27,3624714-822d659336f5.json
3624787,76315241322122,RV32_ISS,11,0,488352,1428,126488,d06d42af402bed1ab2d8fda040f5d71a95ad711e24f314274fc97d05127822d3,3624787-af39ecb1d908.json
3624801,76315241323313,RV32_ISS,11,0,581535,1428,126488,44bac4e3364422830af482ee2b8292bbd9b4c7c7124d495249b52cfee0d47044,3624801-88ff65b6064c.json
3624813,76315241332112,RV32_ISS,11,0,373144,1428,126488,a3df2fe9b7fd02e52e0915e5aec8a1e33eca76dc83bbd1e98810939f4852cf3a,3624813-bd77793e9857.json
3625160,76315243211231,RV32_ISS,11,0,512861,1428,126488,2fc09124d7834438b55553519197f034304193df919701cbb6ab0286c789c7fe,3625160-5339a28f35a7.json
3625288,76315243323323,RV32_ISS,11,0,708929,1428,126488,4cc699a60c9a710dc30551e1143fc315a56c9c05b3662b6f673af12bb3f1fef9,3625288-1a15e759d404.json
3626326,76321452122123,RV32_ISS,11,0,502433,1428,126488,17d5e53d783a8bedddc4d4590b05f0e598a07aebc76cf146c727948fafbf0903,3626326-e8179c37d20b.json
3626332,76321452122321,RV32_ISS,11,0,617355,1428,126488,0ee16c8f087da37f53c8eb993b05d51712d87016f1a9d707ae2fc760cb4e416c,3626332-c33061f6d0e3.json
3626333,76321452122333,RV32_ISS,11,0,582642,1428,126488,cc8be5da0e8090b46286d0f45483c6f42461240cc765b6a7f8a0f93f8be26134,3626333-f3a4dcd2b5ca.json
3626341,76321452123323,RV32_ISS,11,0,967645,1428,126488,826df17ace2bff5dbfd466268e40514c9ac10779ac3449d54e4da9f6da12d647,3626341-0ee90a189909.json
3626384,76321452212231,RV32_ISS,11,0,590162,1428,126488,ceed3da0426c96e5f39d9772eae24a5741acd6b76c9f0f1573cd8ea424832edf,3626384-fb099ff35b85.json
3626389,76321452213122,RV32_ISS,11,0,681724,1428,126488,9d33bbb92505bfdd258e05587b9ad47083a667aa12a418d0aa421e06dfd51f1c,3626389-0eb0c9dbd889.json
3626687,76321453233131,RV32_ISS,11,0,703939,1428,126488,9db1cf62dcc9e3e688b6c8ae8a162abe763d9dd67975b4036881bcaf2223068d,3626687-38ce00310d14.json
3626699,76321453311233,RV32_ISS,11,0,1046621,1428,126488,8010e3b1751b8c16062f8a93412efd1e04fafd2b493e0c14d0889892b5285371,3626699-e173aa078753.json
3626718,76321453313312,RV32_ISS,11,0,955348,1428,126488,ecf69d53fc534c00551bf82b2c583a3366d16302bbad98487ff7d36fa8600f9d,3626718-dfeb4c5b0178.json
3626723,76321453321133,RV32_ISS,11,0,898410,1428,126488,86e56ae0c9f97fce4c56fecd7486211acf337d9e5ff1508b824e51abf1b77144,3626723-1f3ea9e30dfa.json
3626745,76321453323311,RV32_ISS,11,0,762287,1428,126488,ef012c132f88caf53a86d84ec43bb5218af20e20f76c2d69d36fe7e210794652,3626745-1e44a62017ea.json
3627099,76321542211112,RV32_ISS,11,0,1069196,1428,126488,3a0d5c123b573d0d3ba9a0f5e4c347e227ead223a725e2b1ef7f23c7ee9e14bd,3627099-70904fc210f2.json
3627342,76321543211111,RV32_ISS,11,0,720826,1428,126488,79a19be1bfa578cc6d6c12310ca3d2b65a508520c1dc1049317d4a9a75e65f73,3627342-9c7578c70b17.json
3627425,76321543311131,RV32_ISS,11,0,757784,1428,126488,254c3b4b480d1d621ec17c0eb7ed9d4f803f04cd433186bbedfaade491aed887,3627425-38dc206a6546.json
3627518,76324151112233,RV32_ISS,11,0,734094,1428,126488,4646e92c413be5c952c3081f48630761d83355d470e71bc7a75cd2472330f6ef,3627518-f7d569af97ff.json
3627520,76324151112323,RV32_ISS,11,0,1022848,1428,126488,ea722cc731d4b503ff59f1100081d82f9ecb3b78acaead98ed8ddf0d2ee70c48,3627520-0f608b6bba34.json
3628198,76324153323122,RV32_ISS,11,0,547873,1428,126488,22dbf69e091f90604ae5e2a9f81490298e15a123a03c8c60c57e889439e464d5,3628198-3acb836b0c06.json
3629694,76325411111213,RV32_ISS,11,0,537182,1428,126488,c2d8e9b8e50265f07f5248ba3cdbdd2966bb0630acc4e2601c8c99bd77ed0189,3629694-744cd5b57384.json
3629697,76325411111312,RV32_ISS,11,0,1196468,1428,126488,2b0571348583cb4f75711fe4f02a21c8d99e284c2214b06169a8e92546d9ead4,3629697-43d56e85685f.json
3629702,76325411112131,RV32_ISS,11,0,593056,1428,126488,b8f94f1d3553e76285cb23d8ff576f63b3c5552037e2d5e1533051540beef49f,3629702-9f7d74aa21f9.json
3629710,76325411113121,RV32_ISS,11,0,866321,1428,126488,ae1ad314d42a393e0a90aedc916fc07df27dbee38ef98cfcf2aefddfea6fc12a,3629710-c529ce7531fe.json
3629728,76325411122121,RV32_ISS,11,0,558584,1428,126488,0459da2471b89335485704534874b8e349033e6163272a8e4425346b7cf1fdff,3629728-52397565cf1a.json
3629913,76325411331311,RV32_ISS,11,0,528411,1428,126488,5e6c37e3111559b540900e32e562b26d2615dac77540fea7740f7eae33f1bff0,3629913-ffc8ea9e77b4.json
3629944,76325412112121,RV32_ISS,11,0,559626,1428,126488,e932a8089db939d174534b63bc7d03d44cf53d7955a6444848f0665563980858,3629944-c6090e86c902.json
3630072,76325412231212,RV32_ISS,11,0,891707,1428,126488,2f882920623dd0e9ec2f483b2eaa8fc375a5d05671744f015e11ac1459432baa,3630072-aecab8ef6d96.json
3630173,76325412333233,RV32_ISS,11,0,495560,1428,126488,420ecbc9860cc583c87669b10d7f64ef8d68f34d3442d993026d69fd59f72d52,3630173-31c83021ef7e.json
3630298,76325413222223,RV32_ISS,11,0,688763,1428,126488,199c71adafaf3601efaa6a1d268fde38f4b62ea828a7c8ac416c3f954cb8f4b6,3630298-fabbf45ca59a.json
3630423,76341251111213,RV32_ISS,11,0,872481,1428,126488,d6f6213c79b055e2803820939cad8dc97133c2215d4563a6080c1489f19f342e,3630423-39ad8e5bf00a.json
3630426,76341251111312,RV32_ISS,11,0,655378,1428,126488,d3bd6c8e3146f988d719bef548d0f8d7cbb89a1021cfb0b7bf0ae370282cf84c,3630426-06b231870519.json
3630431,76341251112131,RV32_ISS,11,0,973511,1428,126488,6a2259c87946f380b7b671c91706da2ca85f18792cf752641a4661ae42346bb7,3630431-a51f03408bbc.json
3630439,76341251113121,RV32_ISS,11,0,680761,1428,126488,697c7826908ed65be0c388bf6cec43bafb9e8459d7ff1d632f48423025369fc5,3630439-65ce45b91c50.json
3630529,76341251221121,RV32_ISS,11,0,735151,1428,126488,95e6c41b97accbac5d40f31780c3db27ee2861d564b35bde6c29eb703991a902,3630529-46cdb6bbe36b.json
3630588,76341251311313,RV32_ISS,11,0,618000,1428,126488,ec5abffebbf5b0493bbffa8a536ca52d7a7d9eb39067c375454e27e97a528e95,3630588-95c2cf08db05.json
3630813,76341252232313,RV32_ISS,11,0,605189,1428,126488,affd7b9a332b5356c74c6615dadc4cd813f362303b95fc2cda0fb293a13d1b33,3630813-8a923b91cf07.json
3630878,76341252323333,RV32_ISS,11,0,727380,1428,126488,9c8ed0778278c6d4d78e759c2e032a1ab2ac54e8573aae4fd8daf2528bdce053,3630878-22a04c8fd022.json
3631017,76341253221212,RV32_ISS,11,0,800478,1428,126488,8752ea307bade17838c6157e8b0a51d52df306e2856a470c8827983f0a512f22,3631017-57f0d67f4259.json
3631061,76341253233131,RV32_ISS,11,0,507970,1428,126488,9f0b2e301efbe6b2635c5b85eee4102e013c4b1e502f77ec4efbddaf5e81334d,3631061-0d56ec704e49.json
3632612,76342511111231,RV32_ISS,11,0,608647,1428,126488,8d48640c425c582734182cbe5dd7eac80875f158dca487e222fb9219cd4b422f,3632612-2e612288fa3b.json
3632614,76342511111321,RV32_ISS,11,0,618755,1428,126488,bd0104ae049788fdbcae3133b4c1458fb3652de187c6aa8f91a7002d37d29255,3632614-ac8670983612.json
3632814,76342511323112,RV32_ISS,11,0,544079,1428,126488,1699c2ab6b3518e99cb3c2e36288cb400ede6071ac20f4f91ca756ea0da82832,3632814-4afafe1e1e9b.json
3632998,76342512232223,RV32_ISS,11,0,496246,1428,126488,5f876e96c7b086adcd71f47227053070b1c46f07916f87e24653967cd6d49523,3632998-18d64ffa9b9a.json
3633192,76342513213112,RV32_ISS,11,0,659850,1428,126488,c06140906eb2a429ad592df65526649ece268f29b0cb7c08980480930b9c1b33,3633192-909870702956.json
3633291,76342513322111,RV32_ISS,11,0,1023044,1428,126488,299e7ef67a5ae58a4a10d89a6aaf0303c49720f090875dcd05f9e00ad6afc9f7,3633291-e172ea36ec02.json
3633301,76342513323122,RV32_ISS,11,0,574774,1428,126488,e42f863abf92caa498c211f916a3fc0a3c0e49789de69570240671fb9fab3a47,3633301-30cb680fbc57.json
3633303,76342513323212,RV32_ISS,11,0,686803,1428,126488,92789403826d7bc455478ab8d483da0913344131f3677ce4faaee293c3a766b1,3633303-e2c99f0d99a4.json
3633660,76345122211112,RV32_ISS,11,0,674264,1428,126488,5feef600c5c94741de1d9248ebff8a0c97035f7ac0b3e0484c6f5b6d28d6c05f,3633660-708cc2ece317.json
3633661,76345122211121,RV32_ISS,11,0,543904,1428,126488,524ece38d09c4d7b8792083bf911aee665353d603a0949c7ea28dd636d67bf60,3633661-0d737116c25d.json
3633684,76345122213311,RV32_ISS,11,0,506531,1428,126488,8629ce57bc39cbc6cfd370d26d5bc67e6ac44622ea84a2714d96ce2aab001691,3633684-b7de29d2953e.json
3633741,76345122311111,RV32_ISS,11,0,454644,1428,126488,cfcc268b98cb75e1883170093c3189c855dca370642d36b833b15d05ac85454c,3633741-f8738fd96024.json
3633903,76345123211111,RV32_ISS,11,0,769190,1428,126488,58f646e6d48da8348dcfbec6f8d8b0170d2db9f849d8bc6c32de7c74a7cb68f0,3633903-9552c76f69a4.json
3633984,76345123311113,RV32_ISS,11,0,781515,1428,126488,f80b4521dde4273aeea3c3e529c7c655a015b2b2e5380eef9c2bebf7bf308975,3633984-ed6d9ed40d16.json
3633986,76345123311131,RV32_ISS,11,0,910278,1428,126488,23e3e1da9078bbecbc5e1a7a53e2ff30f462ec9cfb834777bea732abae05f60c,3633986-4a77e6c1d4e4.json
3633996,76345123312211,RV32_ISS,11,0,747281,1428,126488,c453f9b9bedc2e90c1dcba84504aef90ee08c63ebc36c789432c2beb4cb65094,3633996-ea9a6746331f.json
3635539,76351421112323,RV32_ISS,11,0,1007259,1428,126488,66333b2d0d1f96b7a0d7e1851056f88c2144c23f2ab55410737caacd0dcdb90f,3635539-6f2868421723.json
3635548,76351421113322,RV32_ISS,11,0,570092,1428,126488,b736b14a810b82d1f67c325463f63e9c6775ca409f317232c4f82f5b9c0606ae,3635548-28b8a89c8c9a.json
3636203,76351423321232,RV32_ISS,11,0,719909,1428,126488,fb4add56c98801689f2415abb670a68fc2be42f2c5d8316c546f208615d64377,3636203-549336443f91.json
3637740,76354121121212,RV32_ISS,11,0,611799,1428,126488,410f8c553a42d16f480a2c12dcdf19ad9f2852bfc924ac2bf7bcda2b529eae82,3637740-77d14a7bc341.json
3637747,76354121122121,RV32_ISS,11,0,487373,1428,126488,657081f1561c13a6728123c8f28c246290562bc84ab6f95221dc257f34d2c876,3637747-fdcc6c604990.json
3637878,76354121311313,RV32_ISS,11,0,529922,1428,126488,2cf5c11ce641096c7bf0c506f7d6270032b114b3eed4e276af4accc83cb02c42,3637878-78ee0c74ff5f.json
3637892,76354121313131,RV32_ISS,11,0,688364,1428,126488,218406aa734d6f96a20328e22e8583d82e17f6256057e1691643f48a215267fc,3637892-cc1689966c5f.json
3637956,76354122111212,RV32_ISS,11,0,741237,1428,126488,e25b4601a2214ef8649fc152fcad68ee14bc955af19b0ee0a60dcd18f4c0830e,3637956-cd2fe65cbf1c.json
3637963,76354122112121,RV32_ISS,11,0,567915,1428,126488,e4a491e0f0ca0066cad9fa1111df3b0157dc2d07a7ab285924a531582447c306,3637963-b9611a6f8b66.json
3638047,76354122212222,RV32_ISS,11,0,616020,1428,126488,9168b320ad90bb3d580b6738f5175aad69433748775b910afedc07d84dee7560,3638047-c60f9edf7ba4.json
3638278,76354123211123,RV32_ISS,11,0,831248,1428,126488,83addc3410354d60adbd55fe61996070525ecc26cb63eb518c73e79e3b07a20f,3638278-be49237d3c27.json
3638279,76354123211132,RV32_ISS,11,0,730605,1428,126488,da6c04511a412d2d62f8498a3da4377e74180ed9252d70cf1fe77aab47ae7984,3638279-82cb6a8ef9f5.json
3638384,76354123313333,RV32_ISS,11,0,1038887,1428,126488,594dd336732c07433d0b7790cdaed145605f2c65c6afa055b276a2a073f1ea87,3638384-c7e42a4567b3.json
3638788,76354212213323,RV32_ISS,11,0,552837,1428,126488,d55e9139d832c285f59bf1a13ad1d831126b3a4c06b4b3876ea8574eadb4a897,3638788-23126e7c6f5a.json
3638858,76354212312233,RV32_ISS,11,0,484985,1428,126488,a4710b3ac5ddf67d9d3c95221bd509e44c90c354e5d83806ce614121cb41b1cb,3638858-b57353bf1339.json
3638869,76354212313322,RV32_ISS,11,0,830795,1428,126488,3e8d91cc2b9a45d662342dfcde951910122b513da3ad0d3ddb10482adf83c805,3638869-36e5781b5e0d.json
3638924,76354212333332,RV32_ISS,11,0,664606,1428,126488,1f6beefd87221d8744e242c73865e7546d711bcb7c5854a6419f4c2d15ffbaf9,3638924-3d9563ea16a8.json
3639046,76354213222223,RV32_ISS,11,0,615249,1428,126488,9547d90f8bd3a68b6254cee5530605349fe583a464c087e1119b27788319d196,3639046-4ab2863c61e6.json
3639100,76354213312223,RV32_ISS,11,0,579702,1428,126488,affe59ebe265d2e05cfd45606e61b0321a2237c32c1152dde69b117d94c56454,3639100-f4d92888eb0b.json
3643597,76421351131121,RV32_ISS,11,0,534707,1428,126488,671f3cd2ff6b89094e0bee71d30b0b0dfbcdf8a1572689f75734440391b0ed4d,3643597-0ccdaaccc8e1.json
3657255,76512343213313,RV32_ISS,11,0,969552,1428,126488,7930c6cf2a078aa6e86da2ac955799d9fc66ca63cee7a6a96ee6e26bd7795afe,3657255-a911e5714aa4.json
3657381,76512343332311,RV32_ISS,11,0,801059,1428,126488,c7374a483a06582b9e4764abae198d93ad8cd47c895dba6c537f05cfe5f8446b,3657381-a108c61b7277.json
3660325,76514321112323,RV32_ISS,11,0,1379253,1428,126488,11fbafe090d71cb4fd12e86d043400648102e8e34277b014bb5935f6d6e53ada,3660325-0d300594a675.json
3660453,76514321232113,RV32_ISS,11,0,989879,1428,126488,a2f41e2056e1214cbad3c2e23e590883948064f57a94ebbc416e2ca61e532a45,3660453-93f3226e630c.json
3662405,76521433232333,RV32_ISS,11,0,647434,1428,126488,dbb4d006780b44865e870d961b224fea9eb21e267b9fe2af1837f2c7295e77b4,3662405-14814d3065ea.json
3663842,76523413223231,RV32_ISS,11,0,578626,1428,126488,f999b2de3a4ce9f35cacf49e483fcc99e71d3065c8fb29e98326bf2d9091261b,3663842-81ef454e1377.json
3665389,76524313331222,RV32_ISS,11,0,761815,1428,126488,94a79d34811315bdaa09f8fe1264a454dbaeed68ada9cb410248d812ed4291d8,3665389-be92ab3b9f53.json
3670086,76541232131213,RV32_ISS,11,0,635260,1428,126488,38766e8def5a2fac6fe72940b74926f482bfa414e72a7402b8072fdc802b6c7d,3670086-bf939130f6b9.json
3670141,76541232221222,RV32_ISS,11,0,674510,1428,126488,33ff94ca6b99819af2f7f6922ae82130160ea069f69fa46fa6ca8174f4e9e02b,3670141-700fd170b5b2.json
3670302,76541233121213,RV32_ISS,11,0,990498,1428,126488,1695c3c107e75556aeea5cee545ebffca91b2fbcf4b162af770effdab9b54167,3670302-d644ec344621.json
3670496,76541233331333,RV32_ISS,11,0,928204,1428,126488,a719a87f0812977a8c6681453c11fa332ad31f719b950b37cb642a257c3f69db,3670496-71de60ffafec.json
3670512,76541233333313,RV32_ISS,11,0,725881,1428,126488,9b070cd1c6b699cd05f510c662b14fb32b271474f40c4b5bc89ae71547a955de,3670512-1f1249cc767c.json
3673431,76543211111111,RV32_ISS,11,0,3205648,1428,126488,f50a478acfc29e78abbea684d02a8abda350fccdc41a0a55aa58fc7c04d81700,3673431-f424eabbb350.json
3673521,76543211212112,RV32_ISS,11,0,789484,1428,126488,9616f7dcd09de873135e5542d6b1fcfbb28a383a81cbab30cb21b00896ed1d39,3673521-41009de22171.json
3673561,76543211223221,RV32_ISS,11,0,431756,1428,126488,a39750efd242f4e34798678df4a31ea6b51884cd53c335981a27aa4899dff839,3673561-98f2a93bc302.json
3673664,76543211332331,RV32_ISS,11,0,413258,1428,126488,8ca621e63209d3217afea85edeb1238d8d11393647b9b206edd0eeea66b899d3,3673664-828a7b62fcf1.json
3673673,76543211333333,RV32_ISS,11,0,380148,1428,126488,3cfaa45906451793c0b0536c8f57505a27025d1684f24797987fb8a98b4f5cc9,3673673-b5f202fd90ab.json
3673744,76543212132323,RV32_ISS,11,0,633648,1428,126488,f80a669a240be13e15e47ba46615e2b7b980b7abade51265a488db704948b556,3673744-aaa3085c5a33.json
3673795,76543212222221,RV32_ISS,11,0,404479,1428,126488,d8c5e0607cbf5dd6cbd6f73db1525eb3139565fda66bfb4d68d0e3fd1398a280,3673795-157909562644.json
3673884,76543212323213,RV32_ISS,11,0,488663,1428,126488,10aef80478b7f4ae7c5324848fff39c78c4da06d700998e24494fe08939c1ee2,3673884-1a6e7b7c18b2.json
3673937,76543213113131,RV32_ISS,11,0,772880,1428,126488,9f54a169941f15c566ff4e0ce5c4f0990b24112eb9ba5222433a0efd454519fa,3673937-00b003394aca.json
